[2025-12-27 17:00:50] local.ERROR: file_put_contents(C:\Users\Admin\Desktop\Sathish\Projects\LMS\lms-backend\storage\framework/sessions/jiLETMWaM67uSdymFlY6m21PWYVTkOKz0LQ8C11j): Failed to open stream: No such file or directory {"exception":"[object] (ErrorException(code: 0): file_put_contents(C:\\Users\\Admin\\Desktop\\Sathish\\Projects\\LMS\\lms-backend\\storage\\framework/sessions/jiLETMWaM67uSdymFlY6m21PWYVTkOKz0LQ8C11j): Failed to open stream: No such file or directory at C:\\Users\\Admin\\Desktop\\Sathish\\Projects\\LMS\\lms-backend\\vendor\\laravel\\framework\\src\\Illuminate\\Filesystem\\Filesystem.php:204)
[stacktrace]
#0 C:\\Users\\Admin\\Desktop\\Sathish\\Projects\\LMS\\lms-backend\\vendor\\laravel\\framework\\src\\Illuminate\\Foundation\\Bootstrap\\HandleExceptions.php(255): Illuminate\\Foundation\\Bootstrap\\HandleExceptions->handleError(2, 'file_put_conten...', 'C:\\\\Users\\\\Admin\\\\...', 204)
#1 [internal function]: Illuminate\\Foundation\\Bootstrap\\HandleExceptions->Illuminate\\Foundation\\Bootstrap\\{closure}(2, 'file_put_conten...', 'C:\\\\Users\\\\Admin\\\\...', 204)
#2 C:\\Users\\Admin\\Desktop\\Sathish\\Projects\\LMS\\lms-backend\\vendor\\laravel\\framework\\src\\Illuminate\\Filesystem\\Filesystem.php(204): file_put_contents('C:\\\\Users\\\\Admin\\\\...', 'a:4:{s:6:\"_toke...', 2)
#3 C:\\Users\\Admin\\Desktop\\Sathish\\Projects\\LMS\\lms-backend\\vendor\\laravel\\framework\\src\\Illuminate\\Session\\FileSessionHandler.php(90): Illuminate\\Filesystem\\Filesystem->put('C:\\\\Users\\\\Admin\\\\...', 'a:4:{s:6:\"_toke...', true)
#4 C:\\Users\\Admin\\Desktop\\Sathish\\Projects\\LMS\\lms-backend\\vendor\\laravel\\framework\\src\\Illuminate\\Session\\Store.php(173): Illuminate\\Session\\FileSessionHandler->write('jiLETMWaM67uSdy...', 'a:4:{s:6:\"_toke...')
#5 C:\\Users\\Admin\\Desktop\\Sathish\\Projects\\LMS\\lms-backend\\vendor\\laravel\\framework\\src\\Illuminate\\Session\\Middleware\\StartSession.php(245): Illuminate\\Session\\Store->save()
#6 C:\\Users\\Admin\\Desktop\\Sathish\\Projects\\LMS\\lms-backend\\vendor\\laravel\\framework\\src\\Illuminate\\Session\\Middleware\\StartSession.php(130): Illuminate\\Session\\Middleware\\StartSession->saveSession(Object(Illuminate\\Http\\Request))
#7 C:\\Users\\Admin\\Desktop\\Sathish\\Projects\\LMS\\lms-backend\\vendor\\laravel\\framework\\src\\Illuminate\\Session\\Middleware\\StartSession.php(64): Illuminate\\Session\\Middleware\\StartSession->handleStatefulRequest(Object(Illuminate\\Http\\Request), Object(Illuminate\\Session\\Store), Object(Closure))
#8 C:\\Users\\Admin\\Desktop\\Sathish\\Projects\\LMS\\lms-backend\\vendor\\laravel\\framework\\src\\Illuminate\\Pipeline\\Pipeline.php(183): Illuminate\\Session\\Middleware\\StartSession->handle(Object(Illuminate\\Http\\Request), Object(Closure))
#9 C:\\Users\\Admin\\Desktop\\Sathish\\Projects\\LMS\\lms-backend\\vendor\\laravel\\framework\\src\\Illuminate\\Cookie\\Middleware\\AddQueuedCookiesToResponse.php(37): Illuminate\\Pipeline\\Pipeline->Illuminate\\Pipeline\\{closure}(Object(Illuminate\\Http\\Request))
#10 C:\\Users\\Admin\\Desktop\\Sathish\\Projects\\LMS\\lms-backend\\vendor\\laravel\\framework\\src\\Illuminate\\Pipeline\\Pipeline.php(183): Illuminate\\Cookie\\Middleware\\AddQueuedCookiesToResponse->handle(Object(Illuminate\\Http\\Request), Object(Closure))
#11 C:\\Users\\Admin\\Desktop\\Sathish\\Projects\\LMS\\lms-backend\\vendor\\laravel\\framework\\src\\Illuminate\\Cookie\\Middleware\\EncryptCookies.php(67): Illuminate\\Pipeline\\Pipeline->Illuminate\\Pipeline\\{closure}(Object(Illuminate\\Http\\Request))
#12 C:\\Users\\Admin\\Desktop\\Sathish\\Projects\\LMS\\lms-backend\\vendor\\laravel\\framework\\src\\Illuminate\\Pipeline\\Pipeline.php(183): Illuminate\\Cookie\\Middleware\\EncryptCookies->handle(Object(Illuminate\\Http\\Request), Object(Closure))
#13 C:\\Users\\Admin\\Desktop\\Sathish\\Projects\\LMS\\lms-backend\\vendor\\laravel\\framework\\src\\Illuminate\\Pipeline\\Pipeline.php(119): Illuminate\\Pipeline\\Pipeline->Illuminate\\Pipeline\\{closure}(Object(Illuminate\\Http\\Request))
#14 C:\\Users\\Admin\\Desktop\\Sathish\\Projects\\LMS\\lms-backend\\vendor\\laravel\\framework\\src\\Illuminate\\Routing\\Router.php(807): Illuminate\\Pipeline\\Pipeline->then(Object(Closure))
#15 C:\\Users\\Admin\\Desktop\\Sathish\\Projects\\LMS\\lms-backend\\vendor\\laravel\\framework\\src\\Illuminate\\Routing\\Router.php(784): Illuminate\\Routing\\Router->runRouteWithinStack(Object(Illuminate\\Routing\\Route), Object(Illuminate\\Http\\Request))
#16 C:\\Users\\Admin\\Desktop\\Sathish\\Projects\\LMS\\lms-backend\\vendor\\laravel\\framework\\src\\Illuminate\\Routing\\Router.php(748): Illuminate\\Routing\\Router->runRoute(Object(Illuminate\\Http\\Request), Object(Illuminate\\Routing\\Route))
#17 C:\\Users\\Admin\\Desktop\\Sathish\\Projects\\LMS\\lms-backend\\vendor\\laravel\\framework\\src\\Illuminate\\Routing\\Router.php(737): Illuminate\\Routing\\Router->dispatchToRoute(Object(Illuminate\\Http\\Request))
#18 C:\\Users\\Admin\\Desktop\\Sathish\\Projects\\LMS\\lms-backend\\vendor\\laravel\\framework\\src\\Illuminate\\Foundation\\Http\\Kernel.php(200): Illuminate\\Routing\\Router->dispatch(Object(Illuminate\\Http\\Request))
#19 C:\\Users\\Admin\\Desktop\\Sathish\\Projects\\LMS\\lms-backend\\vendor\\laravel\\framework\\src\\Illuminate\\Pipeline\\Pipeline.php(144): Illuminate\\Foundation\\Http\\Kernel->Illuminate\\Foundation\\Http\\{closure}(Object(Illuminate\\Http\\Request))
#20 C:\\Users\\Admin\\Desktop\\Sathish\\Projects\\LMS\\lms-backend\\vendor\\laravel\\framework\\src\\Illuminate\\Foundation\\Http\\Middleware\\TransformsRequest.php(21): Illuminate\\Pipeline\\Pipeline->Illuminate\\Pipeline\\{closure}(Object(Illuminate\\Http\\Request))
#21 C:\\Users\\Admin\\Desktop\\Sathish\\Projects\\LMS\\lms-backend\\vendor\\laravel\\framework\\src\\Illuminate\\Foundation\\Http\\Middleware\\ConvertEmptyStringsToNull.php(31): Illuminate\\Foundation\\Http\\Middleware\\TransformsRequest->handle(Object(Illuminate\\Http\\Request), Object(Closure))
#22 C:\\Users\\Admin\\Desktop\\Sathish\\Projects\\LMS\\lms-backend\\vendor\\laravel\\framework\\src\\Illuminate\\Pipeline\\Pipeline.php(183): Illuminate\\Foundation\\Http\\Middleware\\ConvertEmptyStringsToNull->handle(Object(Illuminate\\Http\\Request), Object(Closure))
#23 C:\\Users\\Admin\\Desktop\\Sathish\\Projects\\LMS\\lms-backend\\vendor\\laravel\\framework\\src\\Illuminate\\Foundation\\Http\\Middleware\\TransformsRequest.php(21): Illuminate\\Pipeline\\Pipeline->Illuminate\\Pipeline\\{closure}(Object(Illuminate\\Http\\Request))
#24 C:\\Users\\Admin\\Desktop\\Sathish\\Projects\\LMS\\lms-backend\\vendor\\laravel\\framework\\src\\Illuminate\\Foundation\\Http\\Middleware\\TrimStrings.php(40): Illuminate\\Foundation\\Http\\Middleware\\TransformsRequest->handle(Object(Illuminate\\Http\\Request), Object(Closure))
#25 C:\\Users\\Admin\\Desktop\\Sathish\\Projects\\LMS\\lms-backend\\vendor\\laravel\\framework\\src\\Illuminate\\Pipeline\\Pipeline.php(183): Illuminate\\Foundation\\Http\\Middleware\\TrimStrings->handle(Object(Illuminate\\Http\\Request), Object(Closure))
#26 C:\\Users\\Admin\\Desktop\\Sathish\\Projects\\LMS\\lms-backend\\vendor\\laravel\\framework\\src\\Illuminate\\Foundation\\Http\\Middleware\\ValidatePostSize.php(27): Illuminate\\Pipeline\\Pipeline->Illuminate\\Pipeline\\{closure}(Object(Illuminate\\Http\\Request))
#27 C:\\Users\\Admin\\Desktop\\Sathish\\Projects\\LMS\\lms-backend\\vendor\\laravel\\framework\\src\\Illuminate\\Pipeline\\Pipeline.php(183): Illuminate\\Foundation\\Http\\Middleware\\ValidatePostSize->handle(Object(Illuminate\\Http\\Request), Object(Closure))
#28 C:\\Users\\Admin\\Desktop\\Sathish\\Projects\\LMS\\lms-backend\\vendor\\laravel\\framework\\src\\Illuminate\\Foundation\\Http\\Middleware\\PreventRequestsDuringMaintenance.php(99): Illuminate\\Pipeline\\Pipeline->Illuminate\\Pipeline\\{closure}(Object(Illuminate\\Http\\Request))
#29 C:\\Users\\Admin\\Desktop\\Sathish\\Projects\\LMS\\lms-backend\\vendor\\laravel\\framework\\src\\Illuminate\\Pipeline\\Pipeline.php(183): Illuminate\\Foundation\\Http\\Middleware\\PreventRequestsDuringMaintenance->handle(Object(Illuminate\\Http\\Request), Object(Closure))
#30 C:\\Users\\Admin\\Desktop\\Sathish\\Projects\\LMS\\lms-backend\\vendor\\laravel\\framework\\src\\Illuminate\\Pipeline\\Pipeline.php(119): Illuminate\\Pipeline\\Pipeline->Illuminate\\Pipeline\\{closure}(Object(Illuminate\\Http\\Request))
#31 C:\\Users\\Admin\\Desktop\\Sathish\\Projects\\LMS\\lms-backend\\vendor\\laravel\\framework\\src\\Illuminate\\Foundation\\Http\\Kernel.php(175): Illuminate\\Pipeline\\Pipeline->then(Object(Closure))
#32 C:\\Users\\Admin\\Desktop\\Sathish\\Projects\\LMS\\lms-backend\\vendor\\laravel\\framework\\src\\Illuminate\\Foundation\\Http\\Kernel.php(144): Illuminate\\Foundation\\Http\\Kernel->sendRequestThroughRouter(Object(Illuminate\\Http\\Request))
#33 C:\\Users\\Admin\\Desktop\\Sathish\\Projects\\LMS\\lms-backend\\public\\index.php(7): Illuminate\\Foundation\\Http\\Kernel->handle(Object(Illuminate\\Http\\Request))
#34 C:\\Users\\Admin\\Desktop\\Sathish\\Projects\\LMS\\lms-backend\\vendor\\laravel\\framework\\src\\Illuminate\\Foundation\\resources\\server.php(16): require_once('C:\\\\Users\\\\Admin\\\\...')
#35 {main}
"} 
[2025-12-27 17:01:24] local.ERROR: Please provide a valid cache path. {"exception":"[object] (InvalidArgumentException(code: 0): Please provide a valid cache path. at C:\\Users\\Admin\\Desktop\\Sathish\\Projects\\LMS\\lms-backend\\vendor\\laravel\\framework\\src\\Illuminate\\View\\Compilers\\Compiler.php:67)
[stacktrace]
#0 C:\\Users\\Admin\\Desktop\\Sathish\\Projects\\LMS\\lms-backend\\vendor\\laravel\\framework\\src\\Illuminate\\View\\ViewServiceProvider.php(102): Illuminate\\View\\Compilers\\Compiler->__construct(Object(Illuminate\\Filesystem\\Filesystem), false, '', true, 'php')
#1 C:\\Users\\Admin\\Desktop\\Sathish\\Projects\\LMS\\lms-backend\\vendor\\laravel\\framework\\src\\Illuminate\\Container\\Container.php(908): Illuminate\\View\\ViewServiceProvider->Illuminate\\View\\{closure}(Object(Illuminate\\Foundation\\Application), Array)
#2 C:\\Users\\Admin\\Desktop\\Sathish\\Projects\\LMS\\lms-backend\\vendor\\laravel\\framework\\src\\Illuminate\\Container\\Container.php(795): Illuminate\\Container\\Container->build(Object(Closure))
#3 C:\\Users\\Admin\\Desktop\\Sathish\\Projects\\LMS\\lms-backend\\vendor\\laravel\\framework\\src\\Illuminate\\Foundation\\Application.php(986): Illuminate\\Container\\Container->resolve('blade.compiler', Array, true)
#4 C:\\Users\\Admin\\Desktop\\Sathish\\Projects\\LMS\\lms-backend\\vendor\\laravel\\framework\\src\\Illuminate\\Container\\Container.php(731): Illuminate\\Foundation\\Application->resolve('blade.compiler', Array)
#5 C:\\Users\\Admin\\Desktop\\Sathish\\Projects\\LMS\\lms-backend\\vendor\\laravel\\framework\\src\\Illuminate\\Foundation\\Application.php(971): Illuminate\\Container\\Container->make('blade.compiler', Array)
#6 C:\\Users\\Admin\\Desktop\\Sathish\\Projects\\LMS\\lms-backend\\vendor\\laravel\\framework\\src\\Illuminate\\View\\ViewServiceProvider.php(168): Illuminate\\Foundation\\Application->make('blade.compiler')
#7 [internal function]: Illuminate\\View\\ViewServiceProvider->Illuminate\\View\\{closure}()
#8 C:\\Users\\Admin\\Desktop\\Sathish\\Projects\\LMS\\lms-backend\\vendor\\laravel\\framework\\src\\Illuminate\\View\\Engines\\EngineResolver.php(55): call_user_func(Object(Closure))
#9 C:\\Users\\Admin\\Desktop\\Sathish\\Projects\\LMS\\lms-backend\\vendor\\laravel\\framework\\src\\Illuminate\\View\\Factory.php(310): Illuminate\\View\\Engines\\EngineResolver->resolve('blade')
#10 C:\\Users\\Admin\\Desktop\\Sathish\\Projects\\LMS\\lms-backend\\vendor\\laravel\\framework\\src\\Illuminate\\View\\Factory.php(274): Illuminate\\View\\Factory->getEngineFromPath('C:\\\\Users\\\\Admin\\\\...')
#11 C:\\Users\\Admin\\Desktop\\Sathish\\Projects\\LMS\\lms-backend\\vendor\\laravel\\framework\\src\\Illuminate\\View\\Factory.php(146): Illuminate\\View\\Factory->viewInstance('app', 'C:\\\\Users\\\\Admin\\\\...', Array)
#12 C:\\Users\\Admin\\Desktop\\Sathish\\Projects\\LMS\\lms-backend\\vendor\\laravel\\framework\\src\\Illuminate\\Routing\\ResponseFactory.php(88): Illuminate\\View\\Factory->make('app', Array)
#13 C:\\Users\\Admin\\Desktop\\Sathish\\Projects\\LMS\\lms-backend\\vendor\\laravel\\framework\\src\\Illuminate\\Support\\Facades\\Facade.php(355): Illuminate\\Routing\\ResponseFactory->view('app', Array)
#14 C:\\Users\\Admin\\Desktop\\Sathish\\Projects\\LMS\\lms-backend\\vendor\\inertiajs\\inertia-laravel\\src\\Response.php(110): Illuminate\\Support\\Facades\\Facade::__callStatic('view', Array)
#15 C:\\Users\\Admin\\Desktop\\Sathish\\Projects\\LMS\\lms-backend\\vendor\\laravel\\framework\\src\\Illuminate\\Routing\\Router.php(900): Inertia\\Response->toResponse(Object(Illuminate\\Http\\Request))
#16 C:\\Users\\Admin\\Desktop\\Sathish\\Projects\\LMS\\lms-backend\\vendor\\laravel\\framework\\src\\Illuminate\\Routing\\Router.php(885): Illuminate\\Routing\\Router::toResponse(Object(Illuminate\\Http\\Request), Object(Inertia\\Response))
#17 C:\\Users\\Admin\\Desktop\\Sathish\\Projects\\LMS\\lms-backend\\vendor\\laravel\\framework\\src\\Illuminate\\Routing\\Router.php(806): Illuminate\\Routing\\Router->prepareResponse(Object(Illuminate\\Http\\Request), Object(Inertia\\Response))
#18 C:\\Users\\Admin\\Desktop\\Sathish\\Projects\\LMS\\lms-backend\\vendor\\laravel\\framework\\src\\Illuminate\\Pipeline\\Pipeline.php(144): Illuminate\\Routing\\Router->Illuminate\\Routing\\{closure}(Object(Illuminate\\Http\\Request))
#19 C:\\Users\\Admin\\Desktop\\Sathish\\Projects\\LMS\\lms-backend\\vendor\\laravel\\framework\\src\\Illuminate\\Routing\\Middleware\\SubstituteBindings.php(50): Illuminate\\Pipeline\\Pipeline->Illuminate\\Pipeline\\{closure}(Object(Illuminate\\Http\\Request))
#20 C:\\Users\\Admin\\Desktop\\Sathish\\Projects\\LMS\\lms-backend\\vendor\\laravel\\framework\\src\\Illuminate\\Pipeline\\Pipeline.php(183): Illuminate\\Routing\\Middleware\\SubstituteBindings->handle(Object(Illuminate\\Http\\Request), Object(Closure))
#21 C:\\Users\\Admin\\Desktop\\Sathish\\Projects\\LMS\\lms-backend\\vendor\\laravel\\framework\\src\\Illuminate\\Foundation\\Http\\Middleware\\VerifyCsrfToken.php(78): Illuminate\\Pipeline\\Pipeline->Illuminate\\Pipeline\\{closure}(Object(Illuminate\\Http\\Request))
#22 C:\\Users\\Admin\\Desktop\\Sathish\\Projects\\LMS\\lms-backend\\vendor\\laravel\\framework\\src\\Illuminate\\Pipeline\\Pipeline.php(183): Illuminate\\Foundation\\Http\\Middleware\\VerifyCsrfToken->handle(Object(Illuminate\\Http\\Request), Object(Closure))
#23 C:\\Users\\Admin\\Desktop\\Sathish\\Projects\\LMS\\lms-backend\\vendor\\laravel\\framework\\src\\Illuminate\\View\\Middleware\\ShareErrorsFromSession.php(49): Illuminate\\Pipeline\\Pipeline->Illuminate\\Pipeline\\{closure}(Object(Illuminate\\Http\\Request))
#24 C:\\Users\\Admin\\Desktop\\Sathish\\Projects\\LMS\\lms-backend\\vendor\\laravel\\framework\\src\\Illuminate\\Pipeline\\Pipeline.php(183): Illuminate\\View\\Middleware\\ShareErrorsFromSession->handle(Object(Illuminate\\Http\\Request), Object(Closure))
#25 C:\\Users\\Admin\\Desktop\\Sathish\\Projects\\LMS\\lms-backend\\vendor\\laravel\\framework\\src\\Illuminate\\Session\\Middleware\\StartSession.php(121): Illuminate\\Pipeline\\Pipeline->Illuminate\\Pipeline\\{closure}(Object(Illuminate\\Http\\Request))
#26 C:\\Users\\Admin\\Desktop\\Sathish\\Projects\\LMS\\lms-backend\\vendor\\laravel\\framework\\src\\Illuminate\\Session\\Middleware\\StartSession.php(64): Illuminate\\Session\\Middleware\\StartSession->handleStatefulRequest(Object(Illuminate\\Http\\Request), Object(Illuminate\\Session\\Store), Object(Closure))
#27 C:\\Users\\Admin\\Desktop\\Sathish\\Projects\\LMS\\lms-backend\\vendor\\laravel\\framework\\src\\Illuminate\\Pipeline\\Pipeline.php(183): Illuminate\\Session\\Middleware\\StartSession->handle(Object(Illuminate\\Http\\Request), Object(Closure))
#28 C:\\Users\\Admin\\Desktop\\Sathish\\Projects\\LMS\\lms-backend\\vendor\\laravel\\framework\\src\\Illuminate\\Cookie\\Middleware\\AddQueuedCookiesToResponse.php(37): Illuminate\\Pipeline\\Pipeline->Illuminate\\Pipeline\\{closure}(Object(Illuminate\\Http\\Request))
#29 C:\\Users\\Admin\\Desktop\\Sathish\\Projects\\LMS\\lms-backend\\vendor\\laravel\\framework\\src\\Illuminate\\Pipeline\\Pipeline.php(183): Illuminate\\Cookie\\Middleware\\AddQueuedCookiesToResponse->handle(Object(Illuminate\\Http\\Request), Object(Closure))
#30 C:\\Users\\Admin\\Desktop\\Sathish\\Projects\\LMS\\lms-backend\\vendor\\laravel\\framework\\src\\Illuminate\\Cookie\\Middleware\\EncryptCookies.php(67): Illuminate\\Pipeline\\Pipeline->Illuminate\\Pipeline\\{closure}(Object(Illuminate\\Http\\Request))
#31 C:\\Users\\Admin\\Desktop\\Sathish\\Projects\\LMS\\lms-backend\\vendor\\laravel\\framework\\src\\Illuminate\\Pipeline\\Pipeline.php(183): Illuminate\\Cookie\\Middleware\\EncryptCookies->handle(Object(Illuminate\\Http\\Request), Object(Closure))
#32 C:\\Users\\Admin\\Desktop\\Sathish\\Projects\\LMS\\lms-backend\\vendor\\laravel\\framework\\src\\Illuminate\\Pipeline\\Pipeline.php(119): Illuminate\\Pipeline\\Pipeline->Illuminate\\Pipeline\\{closure}(Object(Illuminate\\Http\\Request))
#33 C:\\Users\\Admin\\Desktop\\Sathish\\Projects\\LMS\\lms-backend\\vendor\\laravel\\framework\\src\\Illuminate\\Routing\\Router.php(807): Illuminate\\Pipeline\\Pipeline->then(Object(Closure))
#34 C:\\Users\\Admin\\Desktop\\Sathish\\Projects\\LMS\\lms-backend\\vendor\\laravel\\framework\\src\\Illuminate\\Routing\\Router.php(784): Illuminate\\Routing\\Router->runRouteWithinStack(Object(Illuminate\\Routing\\Route), Object(Illuminate\\Http\\Request))
#35 C:\\Users\\Admin\\Desktop\\Sathish\\Projects\\LMS\\lms-backend\\vendor\\laravel\\framework\\src\\Illuminate\\Routing\\Router.php(748): Illuminate\\Routing\\Router->runRoute(Object(Illuminate\\Http\\Request), Object(Illuminate\\Routing\\Route))
#36 C:\\Users\\Admin\\Desktop\\Sathish\\Projects\\LMS\\lms-backend\\vendor\\laravel\\framework\\src\\Illuminate\\Routing\\Router.php(737): Illuminate\\Routing\\Router->dispatchToRoute(Object(Illuminate\\Http\\Request))
#37 C:\\Users\\Admin\\Desktop\\Sathish\\Projects\\LMS\\lms-backend\\vendor\\laravel\\framework\\src\\Illuminate\\Foundation\\Http\\Kernel.php(200): Illuminate\\Routing\\Router->dispatch(Object(Illuminate\\Http\\Request))
#38 C:\\Users\\Admin\\Desktop\\Sathish\\Projects\\LMS\\lms-backend\\vendor\\laravel\\framework\\src\\Illuminate\\Pipeline\\Pipeline.php(144): Illuminate\\Foundation\\Http\\Kernel->Illuminate\\Foundation\\Http\\{closure}(Object(Illuminate\\Http\\Request))
#39 C:\\Users\\Admin\\Desktop\\Sathish\\Projects\\LMS\\lms-backend\\vendor\\laravel\\framework\\src\\Illuminate\\Foundation\\Http\\Middleware\\TransformsRequest.php(21): Illuminate\\Pipeline\\Pipeline->Illuminate\\Pipeline\\{closure}(Object(Illuminate\\Http\\Request))
#40 C:\\Users\\Admin\\Desktop\\Sathish\\Projects\\LMS\\lms-backend\\vendor\\laravel\\framework\\src\\Illuminate\\Foundation\\Http\\Middleware\\ConvertEmptyStringsToNull.php(31): Illuminate\\Foundation\\Http\\Middleware\\TransformsRequest->handle(Object(Illuminate\\Http\\Request), Object(Closure))
#41 C:\\Users\\Admin\\Desktop\\Sathish\\Projects\\LMS\\lms-backend\\vendor\\laravel\\framework\\src\\Illuminate\\Pipeline\\Pipeline.php(183): Illuminate\\Foundation\\Http\\Middleware\\ConvertEmptyStringsToNull->handle(Object(Illuminate\\Http\\Request), Object(Closure))
#42 C:\\Users\\Admin\\Desktop\\Sathish\\Projects\\LMS\\lms-backend\\vendor\\laravel\\framework\\src\\Illuminate\\Foundation\\Http\\Middleware\\TransformsRequest.php(21): Illuminate\\Pipeline\\Pipeline->Illuminate\\Pipeline\\{closure}(Object(Illuminate\\Http\\Request))
#43 C:\\Users\\Admin\\Desktop\\Sathish\\Projects\\LMS\\lms-backend\\vendor\\laravel\\framework\\src\\Illuminate\\Foundation\\Http\\Middleware\\TrimStrings.php(40): Illuminate\\Foundation\\Http\\Middleware\\TransformsRequest->handle(Object(Illuminate\\Http\\Request), Object(Closure))
#44 C:\\Users\\Admin\\Desktop\\Sathish\\Projects\\LMS\\lms-backend\\vendor\\laravel\\framework\\src\\Illuminate\\Pipeline\\Pipeline.php(183): Illuminate\\Foundation\\Http\\Middleware\\TrimStrings->handle(Object(Illuminate\\Http\\Request), Object(Closure))
#45 C:\\Users\\Admin\\Desktop\\Sathish\\Projects\\LMS\\lms-backend\\vendor\\laravel\\framework\\src\\Illuminate\\Foundation\\Http\\Middleware\\ValidatePostSize.php(27): Illuminate\\Pipeline\\Pipeline->Illuminate\\Pipeline\\{closure}(Object(Illuminate\\Http\\Request))
#46 C:\\Users\\Admin\\Desktop\\Sathish\\Projects\\LMS\\lms-backend\\vendor\\laravel\\framework\\src\\Illuminate\\Pipeline\\Pipeline.php(183): Illuminate\\Foundation\\Http\\Middleware\\ValidatePostSize->handle(Object(Illuminate\\Http\\Request), Object(Closure))
#47 C:\\Users\\Admin\\Desktop\\Sathish\\Projects\\LMS\\lms-backend\\vendor\\laravel\\framework\\src\\Illuminate\\Foundation\\Http\\Middleware\\PreventRequestsDuringMaintenance.php(99): Illuminate\\Pipeline\\Pipeline->Illuminate\\Pipeline\\{closure}(Object(Illuminate\\Http\\Request))
#48 C:\\Users\\Admin\\Desktop\\Sathish\\Projects\\LMS\\lms-backend\\vendor\\laravel\\framework\\src\\Illuminate\\Pipeline\\Pipeline.php(183): Illuminate\\Foundation\\Http\\Middleware\\PreventRequestsDuringMaintenance->handle(Object(Illuminate\\Http\\Request), Object(Closure))
#49 C:\\Users\\Admin\\Desktop\\Sathish\\Projects\\LMS\\lms-backend\\vendor\\laravel\\framework\\src\\Illuminate\\Pipeline\\Pipeline.php(119): Illuminate\\Pipeline\\Pipeline->Illuminate\\Pipeline\\{closure}(Object(Illuminate\\Http\\Request))
#50 C:\\Users\\Admin\\Desktop\\Sathish\\Projects\\LMS\\lms-backend\\vendor\\laravel\\framework\\src\\Illuminate\\Foundation\\Http\\Kernel.php(175): Illuminate\\Pipeline\\Pipeline->then(Object(Closure))
#51 C:\\Users\\Admin\\Desktop\\Sathish\\Projects\\LMS\\lms-backend\\vendor\\laravel\\framework\\src\\Illuminate\\Foundation\\Http\\Kernel.php(144): Illuminate\\Foundation\\Http\\Kernel->sendRequestThroughRouter(Object(Illuminate\\Http\\Request))
#52 C:\\Users\\Admin\\Desktop\\Sathish\\Projects\\LMS\\lms-backend\\public\\index.php(7): Illuminate\\Foundation\\Http\\Kernel->handle(Object(Illuminate\\Http\\Request))
#53 C:\\Users\\Admin\\Desktop\\Sathish\\Projects\\LMS\\lms-backend\\vendor\\laravel\\framework\\src\\Illuminate\\Foundation\\resources\\server.php(16): require_once('C:\\\\Users\\\\Admin\\\\...')
#54 {main}
"} 
[2025-12-27 17:01:24] local.ERROR: file_put_contents(C:\Users\Admin\Desktop\Sathish\Projects\LMS\lms-backend\storage\framework/sessions/hxvIkO6nqvrEMbl9xHDkNTrpgVaKuzyFnyENcZFT): Failed to open stream: No such file or directory {"exception":"[object] (ErrorException(code: 0): file_put_contents(C:\\Users\\Admin\\Desktop\\Sathish\\Projects\\LMS\\lms-backend\\storage\\framework/sessions/hxvIkO6nqvrEMbl9xHDkNTrpgVaKuzyFnyENcZFT): Failed to open stream: No such file or directory at C:\\Users\\Admin\\Desktop\\Sathish\\Projects\\LMS\\lms-backend\\vendor\\laravel\\framework\\src\\Illuminate\\Filesystem\\Filesystem.php:204)
[stacktrace]
#0 C:\\Users\\Admin\\Desktop\\Sathish\\Projects\\LMS\\lms-backend\\vendor\\laravel\\framework\\src\\Illuminate\\Foundation\\Bootstrap\\HandleExceptions.php(255): Illuminate\\Foundation\\Bootstrap\\HandleExceptions->handleError(2, 'file_put_conten...', 'C:\\\\Users\\\\Admin\\\\...', 204)
#1 [internal function]: Illuminate\\Foundation\\Bootstrap\\HandleExceptions->Illuminate\\Foundation\\Bootstrap\\{closure}(2, 'file_put_conten...', 'C:\\\\Users\\\\Admin\\\\...', 204)
#2 C:\\Users\\Admin\\Desktop\\Sathish\\Projects\\LMS\\lms-backend\\vendor\\laravel\\framework\\src\\Illuminate\\Filesystem\\Filesystem.php(204): file_put_contents('C:\\\\Users\\\\Admin\\\\...', 'a:3:{s:6:\"_toke...', 2)
#3 C:\\Users\\Admin\\Desktop\\Sathish\\Projects\\LMS\\lms-backend\\vendor\\laravel\\framework\\src\\Illuminate\\Session\\FileSessionHandler.php(90): Illuminate\\Filesystem\\Filesystem->put('C:\\\\Users\\\\Admin\\\\...', 'a:3:{s:6:\"_toke...', true)
#4 C:\\Users\\Admin\\Desktop\\Sathish\\Projects\\LMS\\lms-backend\\vendor\\laravel\\framework\\src\\Illuminate\\Session\\Store.php(173): Illuminate\\Session\\FileSessionHandler->write('hxvIkO6nqvrEMbl...', 'a:3:{s:6:\"_toke...')
#5 C:\\Users\\Admin\\Desktop\\Sathish\\Projects\\LMS\\lms-backend\\vendor\\laravel\\framework\\src\\Illuminate\\Session\\Middleware\\StartSession.php(245): Illuminate\\Session\\Store->save()
#6 C:\\Users\\Admin\\Desktop\\Sathish\\Projects\\LMS\\lms-backend\\vendor\\laravel\\framework\\src\\Illuminate\\Session\\Middleware\\StartSession.php(130): Illuminate\\Session\\Middleware\\StartSession->saveSession(Object(Illuminate\\Http\\Request))
#7 C:\\Users\\Admin\\Desktop\\Sathish\\Projects\\LMS\\lms-backend\\vendor\\laravel\\framework\\src\\Illuminate\\Session\\Middleware\\StartSession.php(64): Illuminate\\Session\\Middleware\\StartSession->handleStatefulRequest(Object(Illuminate\\Http\\Request), Object(Illuminate\\Session\\Store), Object(Closure))
#8 C:\\Users\\Admin\\Desktop\\Sathish\\Projects\\LMS\\lms-backend\\vendor\\laravel\\framework\\src\\Illuminate\\Pipeline\\Pipeline.php(183): Illuminate\\Session\\Middleware\\StartSession->handle(Object(Illuminate\\Http\\Request), Object(Closure))
#9 C:\\Users\\Admin\\Desktop\\Sathish\\Projects\\LMS\\lms-backend\\vendor\\laravel\\framework\\src\\Illuminate\\Cookie\\Middleware\\AddQueuedCookiesToResponse.php(37): Illuminate\\Pipeline\\Pipeline->Illuminate\\Pipeline\\{closure}(Object(Illuminate\\Http\\Request))
#10 C:\\Users\\Admin\\Desktop\\Sathish\\Projects\\LMS\\lms-backend\\vendor\\laravel\\framework\\src\\Illuminate\\Pipeline\\Pipeline.php(183): Illuminate\\Cookie\\Middleware\\AddQueuedCookiesToResponse->handle(Object(Illuminate\\Http\\Request), Object(Closure))
#11 C:\\Users\\Admin\\Desktop\\Sathish\\Projects\\LMS\\lms-backend\\vendor\\laravel\\framework\\src\\Illuminate\\Cookie\\Middleware\\EncryptCookies.php(67): Illuminate\\Pipeline\\Pipeline->Illuminate\\Pipeline\\{closure}(Object(Illuminate\\Http\\Request))
#12 C:\\Users\\Admin\\Desktop\\Sathish\\Projects\\LMS\\lms-backend\\vendor\\laravel\\framework\\src\\Illuminate\\Pipeline\\Pipeline.php(183): Illuminate\\Cookie\\Middleware\\EncryptCookies->handle(Object(Illuminate\\Http\\Request), Object(Closure))
#13 C:\\Users\\Admin\\Desktop\\Sathish\\Projects\\LMS\\lms-backend\\vendor\\laravel\\framework\\src\\Illuminate\\Pipeline\\Pipeline.php(119): Illuminate\\Pipeline\\Pipeline->Illuminate\\Pipeline\\{closure}(Object(Illuminate\\Http\\Request))
#14 C:\\Users\\Admin\\Desktop\\Sathish\\Projects\\LMS\\lms-backend\\vendor\\laravel\\framework\\src\\Illuminate\\Routing\\Router.php(807): Illuminate\\Pipeline\\Pipeline->then(Object(Closure))
#15 C:\\Users\\Admin\\Desktop\\Sathish\\Projects\\LMS\\lms-backend\\vendor\\laravel\\framework\\src\\Illuminate\\Routing\\Router.php(784): Illuminate\\Routing\\Router->runRouteWithinStack(Object(Illuminate\\Routing\\Route), Object(Illuminate\\Http\\Request))
#16 C:\\Users\\Admin\\Desktop\\Sathish\\Projects\\LMS\\lms-backend\\vendor\\laravel\\framework\\src\\Illuminate\\Routing\\Router.php(748): Illuminate\\Routing\\Router->runRoute(Object(Illuminate\\Http\\Request), Object(Illuminate\\Routing\\Route))
#17 C:\\Users\\Admin\\Desktop\\Sathish\\Projects\\LMS\\lms-backend\\vendor\\laravel\\framework\\src\\Illuminate\\Routing\\Router.php(737): Illuminate\\Routing\\Router->dispatchToRoute(Object(Illuminate\\Http\\Request))
#18 C:\\Users\\Admin\\Desktop\\Sathish\\Projects\\LMS\\lms-backend\\vendor\\laravel\\framework\\src\\Illuminate\\Foundation\\Http\\Kernel.php(200): Illuminate\\Routing\\Router->dispatch(Object(Illuminate\\Http\\Request))
#19 C:\\Users\\Admin\\Desktop\\Sathish\\Projects\\LMS\\lms-backend\\vendor\\laravel\\framework\\src\\Illuminate\\Pipeline\\Pipeline.php(144): Illuminate\\Foundation\\Http\\Kernel->Illuminate\\Foundation\\Http\\{closure}(Object(Illuminate\\Http\\Request))
#20 C:\\Users\\Admin\\Desktop\\Sathish\\Projects\\LMS\\lms-backend\\vendor\\laravel\\framework\\src\\Illuminate\\Foundation\\Http\\Middleware\\TransformsRequest.php(21): Illuminate\\Pipeline\\Pipeline->Illuminate\\Pipeline\\{closure}(Object(Illuminate\\Http\\Request))
#21 C:\\Users\\Admin\\Desktop\\Sathish\\Projects\\LMS\\lms-backend\\vendor\\laravel\\framework\\src\\Illuminate\\Foundation\\Http\\Middleware\\ConvertEmptyStringsToNull.php(31): Illuminate\\Foundation\\Http\\Middleware\\TransformsRequest->handle(Object(Illuminate\\Http\\Request), Object(Closure))
#22 C:\\Users\\Admin\\Desktop\\Sathish\\Projects\\LMS\\lms-backend\\vendor\\laravel\\framework\\src\\Illuminate\\Pipeline\\Pipeline.php(183): Illuminate\\Foundation\\Http\\Middleware\\ConvertEmptyStringsToNull->handle(Object(Illuminate\\Http\\Request), Object(Closure))
#23 C:\\Users\\Admin\\Desktop\\Sathish\\Projects\\LMS\\lms-backend\\vendor\\laravel\\framework\\src\\Illuminate\\Foundation\\Http\\Middleware\\TransformsRequest.php(21): Illuminate\\Pipeline\\Pipeline->Illuminate\\Pipeline\\{closure}(Object(Illuminate\\Http\\Request))
#24 C:\\Users\\Admin\\Desktop\\Sathish\\Projects\\LMS\\lms-backend\\vendor\\laravel\\framework\\src\\Illuminate\\Foundation\\Http\\Middleware\\TrimStrings.php(40): Illuminate\\Foundation\\Http\\Middleware\\TransformsRequest->handle(Object(Illuminate\\Http\\Request), Object(Closure))
#25 C:\\Users\\Admin\\Desktop\\Sathish\\Projects\\LMS\\lms-backend\\vendor\\laravel\\framework\\src\\Illuminate\\Pipeline\\Pipeline.php(183): Illuminate\\Foundation\\Http\\Middleware\\TrimStrings->handle(Object(Illuminate\\Http\\Request), Object(Closure))
#26 C:\\Users\\Admin\\Desktop\\Sathish\\Projects\\LMS\\lms-backend\\vendor\\laravel\\framework\\src\\Illuminate\\Foundation\\Http\\Middleware\\ValidatePostSize.php(27): Illuminate\\Pipeline\\Pipeline->Illuminate\\Pipeline\\{closure}(Object(Illuminate\\Http\\Request))
#27 C:\\Users\\Admin\\Desktop\\Sathish\\Projects\\LMS\\lms-backend\\vendor\\laravel\\framework\\src\\Illuminate\\Pipeline\\Pipeline.php(183): Illuminate\\Foundation\\Http\\Middleware\\ValidatePostSize->handle(Object(Illuminate\\Http\\Request), Object(Closure))
#28 C:\\Users\\Admin\\Desktop\\Sathish\\Projects\\LMS\\lms-backend\\vendor\\laravel\\framework\\src\\Illuminate\\Foundation\\Http\\Middleware\\PreventRequestsDuringMaintenance.php(99): Illuminate\\Pipeline\\Pipeline->Illuminate\\Pipeline\\{closure}(Object(Illuminate\\Http\\Request))
#29 C:\\Users\\Admin\\Desktop\\Sathish\\Projects\\LMS\\lms-backend\\vendor\\laravel\\framework\\src\\Illuminate\\Pipeline\\Pipeline.php(183): Illuminate\\Foundation\\Http\\Middleware\\PreventRequestsDuringMaintenance->handle(Object(Illuminate\\Http\\Request), Object(Closure))
#30 C:\\Users\\Admin\\Desktop\\Sathish\\Projects\\LMS\\lms-backend\\vendor\\laravel\\framework\\src\\Illuminate\\Pipeline\\Pipeline.php(119): Illuminate\\Pipeline\\Pipeline->Illuminate\\Pipeline\\{closure}(Object(Illuminate\\Http\\Request))
#31 C:\\Users\\Admin\\Desktop\\Sathish\\Projects\\LMS\\lms-backend\\vendor\\laravel\\framework\\src\\Illuminate\\Foundation\\Http\\Kernel.php(175): Illuminate\\Pipeline\\Pipeline->then(Object(Closure))
#32 C:\\Users\\Admin\\Desktop\\Sathish\\Projects\\LMS\\lms-backend\\vendor\\laravel\\framework\\src\\Illuminate\\Foundation\\Http\\Kernel.php(144): Illuminate\\Foundation\\Http\\Kernel->sendRequestThroughRouter(Object(Illuminate\\Http\\Request))
#33 C:\\Users\\Admin\\Desktop\\Sathish\\Projects\\LMS\\lms-backend\\public\\index.php(7): Illuminate\\Foundation\\Http\\Kernel->handle(Object(Illuminate\\Http\\Request))
#34 C:\\Users\\Admin\\Desktop\\Sathish\\Projects\\LMS\\lms-backend\\vendor\\laravel\\framework\\src\\Illuminate\\Foundation\\resources\\server.php(16): require_once('C:\\\\Users\\\\Admin\\\\...')
#35 {main}
"} 
[2025-12-27 17:15:11] local.ERROR: Class "App\Http\Controllers\Api\Learner\AssessmentPlayerController" does not exist {"exception":"[object] (ReflectionException(code: -1): Class \"App\\Http\\Controllers\\Api\\Learner\\AssessmentPlayerController\" does not exist at C:\\Users\\Admin\\Desktop\\Sathish\\Projects\\LMS\\lms-backend\\vendor\\laravel\\framework\\src\\Illuminate\\Foundation\\Console\\RouteListCommand.php:225)
[stacktrace]
#0 C:\\Users\\Admin\\Desktop\\Sathish\\Projects\\LMS\\lms-backend\\vendor\\laravel\\framework\\src\\Illuminate\\Foundation\\Console\\RouteListCommand.php(225): ReflectionClass->__construct('App\\\\Http\\\\Contro...')
#1 C:\\Users\\Admin\\Desktop\\Sathish\\Projects\\LMS\\lms-backend\\vendor\\laravel\\framework\\src\\Illuminate\\Foundation\\Console\\RouteListCommand.php(147): Illuminate\\Foundation\\Console\\RouteListCommand->isVendorRoute(Object(Illuminate\\Routing\\Route))
#2 C:\\Users\\Admin\\Desktop\\Sathish\\Projects\\LMS\\lms-backend\\vendor\\laravel\\framework\\src\\Illuminate\\Foundation\\Console\\RouteListCommand.php(116): Illuminate\\Foundation\\Console\\RouteListCommand->getRouteInformation(Object(Illuminate\\Routing\\Route))
#3 [internal function]: Illuminate\\Foundation\\Console\\RouteListCommand->Illuminate\\Foundation\\Console\\{closure}(Object(Illuminate\\Routing\\Route), 53)
#4 C:\\Users\\Admin\\Desktop\\Sathish\\Projects\\LMS\\lms-backend\\vendor\\laravel\\framework\\src\\Illuminate\\Collections\\Arr.php(600): array_map(Object(Closure), Array, Array)
#5 C:\\Users\\Admin\\Desktop\\Sathish\\Projects\\LMS\\lms-backend\\vendor\\laravel\\framework\\src\\Illuminate\\Collections\\Collection.php(778): Illuminate\\Support\\Arr::map(Array, Object(Closure))
#6 C:\\Users\\Admin\\Desktop\\Sathish\\Projects\\LMS\\lms-backend\\vendor\\laravel\\framework\\src\\Illuminate\\Foundation\\Console\\RouteListCommand.php(117): Illuminate\\Support\\Collection->map(Object(Closure))
#7 C:\\Users\\Admin\\Desktop\\Sathish\\Projects\\LMS\\lms-backend\\vendor\\laravel\\framework\\src\\Illuminate\\Foundation\\Console\\RouteListCommand.php(101): Illuminate\\Foundation\\Console\\RouteListCommand->getRoutes()
#8 C:\\Users\\Admin\\Desktop\\Sathish\\Projects\\LMS\\lms-backend\\vendor\\laravel\\framework\\src\\Illuminate\\Container\\BoundMethod.php(36): Illuminate\\Foundation\\Console\\RouteListCommand->handle()
#9 C:\\Users\\Admin\\Desktop\\Sathish\\Projects\\LMS\\lms-backend\\vendor\\laravel\\framework\\src\\Illuminate\\Container\\Util.php(41): Illuminate\\Container\\BoundMethod::Illuminate\\Container\\{closure}()
#10 C:\\Users\\Admin\\Desktop\\Sathish\\Projects\\LMS\\lms-backend\\vendor\\laravel\\framework\\src\\Illuminate\\Container\\BoundMethod.php(93): Illuminate\\Container\\Util::unwrapIfClosure(Object(Closure))
#11 C:\\Users\\Admin\\Desktop\\Sathish\\Projects\\LMS\\lms-backend\\vendor\\laravel\\framework\\src\\Illuminate\\Container\\BoundMethod.php(37): Illuminate\\Container\\BoundMethod::callBoundMethod(Object(Illuminate\\Foundation\\Application), Array, Object(Closure))
#12 C:\\Users\\Admin\\Desktop\\Sathish\\Projects\\LMS\\lms-backend\\vendor\\laravel\\framework\\src\\Illuminate\\Container\\Container.php(662): Illuminate\\Container\\BoundMethod::call(Object(Illuminate\\Foundation\\Application), Array, Array, NULL)
#13 C:\\Users\\Admin\\Desktop\\Sathish\\Projects\\LMS\\lms-backend\\vendor\\laravel\\framework\\src\\Illuminate\\Console\\Command.php(211): Illuminate\\Container\\Container->call(Array)
#14 C:\\Users\\Admin\\Desktop\\Sathish\\Projects\\LMS\\lms-backend\\vendor\\symfony\\console\\Command\\Command.php(326): Illuminate\\Console\\Command->execute(Object(Symfony\\Component\\Console\\Input\\ArgvInput), Object(Illuminate\\Console\\OutputStyle))
#15 C:\\Users\\Admin\\Desktop\\Sathish\\Projects\\LMS\\lms-backend\\vendor\\laravel\\framework\\src\\Illuminate\\Console\\Command.php(181): Symfony\\Component\\Console\\Command\\Command->run(Object(Symfony\\Component\\Console\\Input\\ArgvInput), Object(Illuminate\\Console\\OutputStyle))
#16 C:\\Users\\Admin\\Desktop\\Sathish\\Projects\\LMS\\lms-backend\\vendor\\symfony\\console\\Application.php(1106): Illuminate\\Console\\Command->run(Object(Symfony\\Component\\Console\\Input\\ArgvInput), Object(Symfony\\Component\\Console\\Output\\ConsoleOutput))
#17 C:\\Users\\Admin\\Desktop\\Sathish\\Projects\\LMS\\lms-backend\\vendor\\symfony\\console\\Application.php(324): Symfony\\Component\\Console\\Application->doRunCommand(Object(Illuminate\\Foundation\\Console\\RouteListCommand), Object(Symfony\\Component\\Console\\Input\\ArgvInput), Object(Symfony\\Component\\Console\\Output\\ConsoleOutput))
#18 C:\\Users\\Admin\\Desktop\\Sathish\\Projects\\LMS\\lms-backend\\vendor\\symfony\\console\\Application.php(175): Symfony\\Component\\Console\\Application->doRun(Object(Symfony\\Component\\Console\\Input\\ArgvInput), Object(Symfony\\Component\\Console\\Output\\ConsoleOutput))
#19 C:\\Users\\Admin\\Desktop\\Sathish\\Projects\\LMS\\lms-backend\\vendor\\laravel\\framework\\src\\Illuminate\\Foundation\\Console\\Kernel.php(201): Symfony\\Component\\Console\\Application->run(Object(Symfony\\Component\\Console\\Input\\ArgvInput), Object(Symfony\\Component\\Console\\Output\\ConsoleOutput))
#20 C:\\Users\\Admin\\Desktop\\Sathish\\Projects\\LMS\\lms-backend\\artisan(10): Illuminate\\Foundation\\Console\\Kernel->handle(Object(Symfony\\Component\\Console\\Input\\ArgvInput), Object(Symfony\\Component\\Console\\Output\\ConsoleOutput))
#21 {main}
"} 
[2025-12-27 17:50:44] local.ERROR: Class "App\Http\Controllers\Api\AuthApiController" does not exist {"exception":"[object] (ReflectionException(code: -1): Class \"App\\Http\\Controllers\\Api\\AuthApiController\" does not exist at C:\\Users\\Admin\\Desktop\\Sathish\\Projects\\LMS\\lms-backend\\vendor\\laravel\\framework\\src\\Illuminate\\Foundation\\Console\\RouteListCommand.php:225)
[stacktrace]
#0 C:\\Users\\Admin\\Desktop\\Sathish\\Projects\\LMS\\lms-backend\\vendor\\laravel\\framework\\src\\Illuminate\\Foundation\\Console\\RouteListCommand.php(225): ReflectionClass->__construct('App\\\\Http\\\\Contro...')
#1 C:\\Users\\Admin\\Desktop\\Sathish\\Projects\\LMS\\lms-backend\\vendor\\laravel\\framework\\src\\Illuminate\\Foundation\\Console\\RouteListCommand.php(147): Illuminate\\Foundation\\Console\\RouteListCommand->isVendorRoute(Object(Illuminate\\Routing\\Route))
#2 C:\\Users\\Admin\\Desktop\\Sathish\\Projects\\LMS\\lms-backend\\vendor\\laravel\\framework\\src\\Illuminate\\Foundation\\Console\\RouteListCommand.php(116): Illuminate\\Foundation\\Console\\RouteListCommand->getRouteInformation(Object(Illuminate\\Routing\\Route))
#3 [internal function]: Illuminate\\Foundation\\Console\\RouteListCommand->Illuminate\\Foundation\\Console\\{closure}(Object(Illuminate\\Routing\\Route), 56)
#4 C:\\Users\\Admin\\Desktop\\Sathish\\Projects\\LMS\\lms-backend\\vendor\\laravel\\framework\\src\\Illuminate\\Collections\\Arr.php(600): array_map(Object(Closure), Array, Array)
#5 C:\\Users\\Admin\\Desktop\\Sathish\\Projects\\LMS\\lms-backend\\vendor\\laravel\\framework\\src\\Illuminate\\Collections\\Collection.php(778): Illuminate\\Support\\Arr::map(Array, Object(Closure))
#6 C:\\Users\\Admin\\Desktop\\Sathish\\Projects\\LMS\\lms-backend\\vendor\\laravel\\framework\\src\\Illuminate\\Foundation\\Console\\RouteListCommand.php(117): Illuminate\\Support\\Collection->map(Object(Closure))
#7 C:\\Users\\Admin\\Desktop\\Sathish\\Projects\\LMS\\lms-backend\\vendor\\laravel\\framework\\src\\Illuminate\\Foundation\\Console\\RouteListCommand.php(101): Illuminate\\Foundation\\Console\\RouteListCommand->getRoutes()
#8 C:\\Users\\Admin\\Desktop\\Sathish\\Projects\\LMS\\lms-backend\\vendor\\laravel\\framework\\src\\Illuminate\\Container\\BoundMethod.php(36): Illuminate\\Foundation\\Console\\RouteListCommand->handle()
#9 C:\\Users\\Admin\\Desktop\\Sathish\\Projects\\LMS\\lms-backend\\vendor\\laravel\\framework\\src\\Illuminate\\Container\\Util.php(41): Illuminate\\Container\\BoundMethod::Illuminate\\Container\\{closure}()
#10 C:\\Users\\Admin\\Desktop\\Sathish\\Projects\\LMS\\lms-backend\\vendor\\laravel\\framework\\src\\Illuminate\\Container\\BoundMethod.php(93): Illuminate\\Container\\Util::unwrapIfClosure(Object(Closure))
#11 C:\\Users\\Admin\\Desktop\\Sathish\\Projects\\LMS\\lms-backend\\vendor\\laravel\\framework\\src\\Illuminate\\Container\\BoundMethod.php(37): Illuminate\\Container\\BoundMethod::callBoundMethod(Object(Illuminate\\Foundation\\Application), Array, Object(Closure))
#12 C:\\Users\\Admin\\Desktop\\Sathish\\Projects\\LMS\\lms-backend\\vendor\\laravel\\framework\\src\\Illuminate\\Container\\Container.php(662): Illuminate\\Container\\BoundMethod::call(Object(Illuminate\\Foundation\\Application), Array, Array, NULL)
#13 C:\\Users\\Admin\\Desktop\\Sathish\\Projects\\LMS\\lms-backend\\vendor\\laravel\\framework\\src\\Illuminate\\Console\\Command.php(211): Illuminate\\Container\\Container->call(Array)
#14 C:\\Users\\Admin\\Desktop\\Sathish\\Projects\\LMS\\lms-backend\\vendor\\symfony\\console\\Command\\Command.php(326): Illuminate\\Console\\Command->execute(Object(Symfony\\Component\\Console\\Input\\ArgvInput), Object(Illuminate\\Console\\OutputStyle))
#15 C:\\Users\\Admin\\Desktop\\Sathish\\Projects\\LMS\\lms-backend\\vendor\\laravel\\framework\\src\\Illuminate\\Console\\Command.php(181): Symfony\\Component\\Console\\Command\\Command->run(Object(Symfony\\Component\\Console\\Input\\ArgvInput), Object(Illuminate\\Console\\OutputStyle))
#16 C:\\Users\\Admin\\Desktop\\Sathish\\Projects\\LMS\\lms-backend\\vendor\\symfony\\console\\Application.php(1106): Illuminate\\Console\\Command->run(Object(Symfony\\Component\\Console\\Input\\ArgvInput), Object(Symfony\\Component\\Console\\Output\\ConsoleOutput))
#17 C:\\Users\\Admin\\Desktop\\Sathish\\Projects\\LMS\\lms-backend\\vendor\\symfony\\console\\Application.php(324): Symfony\\Component\\Console\\Application->doRunCommand(Object(Illuminate\\Foundation\\Console\\RouteListCommand), Object(Symfony\\Component\\Console\\Input\\ArgvInput), Object(Symfony\\Component\\Console\\Output\\ConsoleOutput))
#18 C:\\Users\\Admin\\Desktop\\Sathish\\Projects\\LMS\\lms-backend\\vendor\\symfony\\console\\Application.php(175): Symfony\\Component\\Console\\Application->doRun(Object(Symfony\\Component\\Console\\Input\\ArgvInput), Object(Symfony\\Component\\Console\\Output\\ConsoleOutput))
#19 C:\\Users\\Admin\\Desktop\\Sathish\\Projects\\LMS\\lms-backend\\vendor\\laravel\\framework\\src\\Illuminate\\Foundation\\Console\\Kernel.php(201): Symfony\\Component\\Console\\Application->run(Object(Symfony\\Component\\Console\\Input\\ArgvInput), Object(Symfony\\Component\\Console\\Output\\ConsoleOutput))
#20 C:\\Users\\Admin\\Desktop\\Sathish\\Projects\\LMS\\lms-backend\\artisan(10): Illuminate\\Foundation\\Console\\Kernel->handle(Object(Symfony\\Component\\Console\\Input\\ArgvInput), Object(Symfony\\Component\\Console\\Output\\ConsoleOutput))
#21 {main}
"} 
[2025-12-28 20:20:11] local.ERROR: Cannot use App\Http\Controllers\Api\AuthApiController as AuthApiController because the name is already in use {"exception":"[object] (Symfony\\Component\\ErrorHandler\\Error\\FatalError(code: 0): Cannot use App\\Http\\Controllers\\Api\\AuthApiController as AuthApiController because the name is already in use at C:\\Users\\Admin\\Desktop\\Sathish\\Projects\\LMS\\lms-backend\\routes\\api.php:10)
[stacktrace]
#0 {main}
"} 
[2025-12-29 11:01:01] local.ERROR: Class "App\Http\Controllers\Api\Admin\SettingsAdminController" does not exist {"exception":"[object] (ReflectionException(code: -1): Class \"App\\Http\\Controllers\\Api\\Admin\\SettingsAdminController\" does not exist at C:\\Users\\Admin\\Desktop\\Sathish\\Projects\\LMS\\lms-backend\\vendor\\laravel\\framework\\src\\Illuminate\\Foundation\\Console\\RouteListCommand.php:225)
[stacktrace]
#0 C:\\Users\\Admin\\Desktop\\Sathish\\Projects\\LMS\\lms-backend\\vendor\\laravel\\framework\\src\\Illuminate\\Foundation\\Console\\RouteListCommand.php(225): ReflectionClass->__construct('App\\\\Http\\\\Contro...')
#1 C:\\Users\\Admin\\Desktop\\Sathish\\Projects\\LMS\\lms-backend\\vendor\\laravel\\framework\\src\\Illuminate\\Foundation\\Console\\RouteListCommand.php(147): Illuminate\\Foundation\\Console\\RouteListCommand->isVendorRoute(Object(Illuminate\\Routing\\Route))
#2 C:\\Users\\Admin\\Desktop\\Sathish\\Projects\\LMS\\lms-backend\\vendor\\laravel\\framework\\src\\Illuminate\\Foundation\\Console\\RouteListCommand.php(116): Illuminate\\Foundation\\Console\\RouteListCommand->getRouteInformation(Object(Illuminate\\Routing\\Route))
#3 [internal function]: Illuminate\\Foundation\\Console\\RouteListCommand->Illuminate\\Foundation\\Console\\{closure}(Object(Illuminate\\Routing\\Route), 35)
#4 C:\\Users\\Admin\\Desktop\\Sathish\\Projects\\LMS\\lms-backend\\vendor\\laravel\\framework\\src\\Illuminate\\Collections\\Arr.php(600): array_map(Object(Closure), Array, Array)
#5 C:\\Users\\Admin\\Desktop\\Sathish\\Projects\\LMS\\lms-backend\\vendor\\laravel\\framework\\src\\Illuminate\\Collections\\Collection.php(778): Illuminate\\Support\\Arr::map(Array, Object(Closure))
#6 C:\\Users\\Admin\\Desktop\\Sathish\\Projects\\LMS\\lms-backend\\vendor\\laravel\\framework\\src\\Illuminate\\Foundation\\Console\\RouteListCommand.php(117): Illuminate\\Support\\Collection->map(Object(Closure))
#7 C:\\Users\\Admin\\Desktop\\Sathish\\Projects\\LMS\\lms-backend\\vendor\\laravel\\framework\\src\\Illuminate\\Foundation\\Console\\RouteListCommand.php(101): Illuminate\\Foundation\\Console\\RouteListCommand->getRoutes()
#8 C:\\Users\\Admin\\Desktop\\Sathish\\Projects\\LMS\\lms-backend\\vendor\\laravel\\framework\\src\\Illuminate\\Container\\BoundMethod.php(36): Illuminate\\Foundation\\Console\\RouteListCommand->handle()
#9 C:\\Users\\Admin\\Desktop\\Sathish\\Projects\\LMS\\lms-backend\\vendor\\laravel\\framework\\src\\Illuminate\\Container\\Util.php(41): Illuminate\\Container\\BoundMethod::Illuminate\\Container\\{closure}()
#10 C:\\Users\\Admin\\Desktop\\Sathish\\Projects\\LMS\\lms-backend\\vendor\\laravel\\framework\\src\\Illuminate\\Container\\BoundMethod.php(93): Illuminate\\Container\\Util::unwrapIfClosure(Object(Closure))
#11 C:\\Users\\Admin\\Desktop\\Sathish\\Projects\\LMS\\lms-backend\\vendor\\laravel\\framework\\src\\Illuminate\\Container\\BoundMethod.php(37): Illuminate\\Container\\BoundMethod::callBoundMethod(Object(Illuminate\\Foundation\\Application), Array, Object(Closure))
#12 C:\\Users\\Admin\\Desktop\\Sathish\\Projects\\LMS\\lms-backend\\vendor\\laravel\\framework\\src\\Illuminate\\Container\\Container.php(662): Illuminate\\Container\\BoundMethod::call(Object(Illuminate\\Foundation\\Application), Array, Array, NULL)
#13 C:\\Users\\Admin\\Desktop\\Sathish\\Projects\\LMS\\lms-backend\\vendor\\laravel\\framework\\src\\Illuminate\\Console\\Command.php(211): Illuminate\\Container\\Container->call(Array)
#14 C:\\Users\\Admin\\Desktop\\Sathish\\Projects\\LMS\\lms-backend\\vendor\\symfony\\console\\Command\\Command.php(326): Illuminate\\Console\\Command->execute(Object(Symfony\\Component\\Console\\Input\\ArgvInput), Object(Illuminate\\Console\\OutputStyle))
#15 C:\\Users\\Admin\\Desktop\\Sathish\\Projects\\LMS\\lms-backend\\vendor\\laravel\\framework\\src\\Illuminate\\Console\\Command.php(181): Symfony\\Component\\Console\\Command\\Command->run(Object(Symfony\\Component\\Console\\Input\\ArgvInput), Object(Illuminate\\Console\\OutputStyle))
#16 C:\\Users\\Admin\\Desktop\\Sathish\\Projects\\LMS\\lms-backend\\vendor\\symfony\\console\\Application.php(1106): Illuminate\\Console\\Command->run(Object(Symfony\\Component\\Console\\Input\\ArgvInput), Object(Symfony\\Component\\Console\\Output\\ConsoleOutput))
#17 C:\\Users\\Admin\\Desktop\\Sathish\\Projects\\LMS\\lms-backend\\vendor\\symfony\\console\\Application.php(324): Symfony\\Component\\Console\\Application->doRunCommand(Object(Illuminate\\Foundation\\Console\\RouteListCommand), Object(Symfony\\Component\\Console\\Input\\ArgvInput), Object(Symfony\\Component\\Console\\Output\\ConsoleOutput))
#18 C:\\Users\\Admin\\Desktop\\Sathish\\Projects\\LMS\\lms-backend\\vendor\\symfony\\console\\Application.php(175): Symfony\\Component\\Console\\Application->doRun(Object(Symfony\\Component\\Console\\Input\\ArgvInput), Object(Symfony\\Component\\Console\\Output\\ConsoleOutput))
#19 C:\\Users\\Admin\\Desktop\\Sathish\\Projects\\LMS\\lms-backend\\vendor\\laravel\\framework\\src\\Illuminate\\Foundation\\Console\\Kernel.php(201): Symfony\\Component\\Console\\Application->run(Object(Symfony\\Component\\Console\\Input\\ArgvInput), Object(Symfony\\Component\\Console\\Output\\ConsoleOutput))
#20 C:\\Users\\Admin\\Desktop\\Sathish\\Projects\\LMS\\lms-backend\\artisan(10): Illuminate\\Foundation\\Console\\Kernel->handle(Object(Symfony\\Component\\Console\\Input\\ArgvInput), Object(Symfony\\Component\\Console\\Output\\ConsoleOutput))
#21 {main}
"} 
[2025-12-29 11:02:16] local.ERROR: Target class [App\Http\Controllers\Api\Admin\EnrollmentsAdminController] does not exist. {"userId":1,"exception":"[object] (Illuminate\\Contracts\\Container\\BindingResolutionException(code: 0): Target class [App\\Http\\Controllers\\Api\\Admin\\EnrollmentsAdminController] does not exist. at C:\\Users\\Admin\\Desktop\\Sathish\\Projects\\LMS\\lms-backend\\vendor\\laravel\\framework\\src\\Illuminate\\Container\\Container.php:914)
[stacktrace]
#0 C:\\Users\\Admin\\Desktop\\Sathish\\Projects\\LMS\\lms-backend\\vendor\\laravel\\framework\\src\\Illuminate\\Container\\Container.php(795): Illuminate\\Container\\Container->build('App\\\\Http\\\\Contro...')
#1 C:\\Users\\Admin\\Desktop\\Sathish\\Projects\\LMS\\lms-backend\\vendor\\laravel\\framework\\src\\Illuminate\\Foundation\\Application.php(986): Illuminate\\Container\\Container->resolve('App\\\\Http\\\\Contro...', Array, true)
#2 C:\\Users\\Admin\\Desktop\\Sathish\\Projects\\LMS\\lms-backend\\vendor\\laravel\\framework\\src\\Illuminate\\Container\\Container.php(731): Illuminate\\Foundation\\Application->resolve('App\\\\Http\\\\Contro...', Array)
#3 C:\\Users\\Admin\\Desktop\\Sathish\\Projects\\LMS\\lms-backend\\vendor\\laravel\\framework\\src\\Illuminate\\Foundation\\Application.php(971): Illuminate\\Container\\Container->make('App\\\\Http\\\\Contro...', Array)
#4 C:\\Users\\Admin\\Desktop\\Sathish\\Projects\\LMS\\lms-backend\\vendor\\laravel\\framework\\src\\Illuminate\\Routing\\Route.php(278): Illuminate\\Foundation\\Application->make('App\\\\Http\\\\Contro...')
#5 C:\\Users\\Admin\\Desktop\\Sathish\\Projects\\LMS\\lms-backend\\vendor\\laravel\\framework\\src\\Illuminate\\Routing\\Route.php(260): Illuminate\\Routing\\Route->getController()
#6 C:\\Users\\Admin\\Desktop\\Sathish\\Projects\\LMS\\lms-backend\\vendor\\laravel\\framework\\src\\Illuminate\\Routing\\Route.php(205): Illuminate\\Routing\\Route->runController()
#7 C:\\Users\\Admin\\Desktop\\Sathish\\Projects\\LMS\\lms-backend\\vendor\\laravel\\framework\\src\\Illuminate\\Routing\\Router.php(806): Illuminate\\Routing\\Route->run()
#8 C:\\Users\\Admin\\Desktop\\Sathish\\Projects\\LMS\\lms-backend\\vendor\\laravel\\framework\\src\\Illuminate\\Pipeline\\Pipeline.php(144): Illuminate\\Routing\\Router->Illuminate\\Routing\\{closure}(Object(Illuminate\\Http\\Request))
#9 C:\\Users\\Admin\\Desktop\\Sathish\\Projects\\LMS\\lms-backend\\app\\Http\\Middleware\\EnsureRole.php(17): Illuminate\\Pipeline\\Pipeline->Illuminate\\Pipeline\\{closure}(Object(Illuminate\\Http\\Request))
#10 C:\\Users\\Admin\\Desktop\\Sathish\\Projects\\LMS\\lms-backend\\vendor\\laravel\\framework\\src\\Illuminate\\Pipeline\\Pipeline.php(183): App\\Http\\Middleware\\EnsureRole->handle(Object(Illuminate\\Http\\Request), Object(Closure), 'admin')
#11 C:\\Users\\Admin\\Desktop\\Sathish\\Projects\\LMS\\lms-backend\\app\\Http\\Middleware\\ResolveTenant.php(56): Illuminate\\Pipeline\\Pipeline->Illuminate\\Pipeline\\{closure}(Object(Illuminate\\Http\\Request))
#12 C:\\Users\\Admin\\Desktop\\Sathish\\Projects\\LMS\\lms-backend\\vendor\\laravel\\framework\\src\\Illuminate\\Pipeline\\Pipeline.php(183): App\\Http\\Middleware\\ResolveTenant->handle(Object(Illuminate\\Http\\Request), Object(Closure))
#13 C:\\Users\\Admin\\Desktop\\Sathish\\Projects\\LMS\\lms-backend\\vendor\\laravel\\framework\\src\\Illuminate\\Routing\\Middleware\\SubstituteBindings.php(50): Illuminate\\Pipeline\\Pipeline->Illuminate\\Pipeline\\{closure}(Object(Illuminate\\Http\\Request))
#14 C:\\Users\\Admin\\Desktop\\Sathish\\Projects\\LMS\\lms-backend\\vendor\\laravel\\framework\\src\\Illuminate\\Pipeline\\Pipeline.php(183): Illuminate\\Routing\\Middleware\\SubstituteBindings->handle(Object(Illuminate\\Http\\Request), Object(Closure))
#15 C:\\Users\\Admin\\Desktop\\Sathish\\Projects\\LMS\\lms-backend\\vendor\\laravel\\framework\\src\\Illuminate\\Auth\\Middleware\\Authenticate.php(57): Illuminate\\Pipeline\\Pipeline->Illuminate\\Pipeline\\{closure}(Object(Illuminate\\Http\\Request))
#16 C:\\Users\\Admin\\Desktop\\Sathish\\Projects\\LMS\\lms-backend\\vendor\\laravel\\framework\\src\\Illuminate\\Pipeline\\Pipeline.php(183): Illuminate\\Auth\\Middleware\\Authenticate->handle(Object(Illuminate\\Http\\Request), Object(Closure))
#17 C:\\Users\\Admin\\Desktop\\Sathish\\Projects\\LMS\\lms-backend\\vendor\\laravel\\framework\\src\\Illuminate\\Foundation\\Http\\Middleware\\VerifyCsrfToken.php(78): Illuminate\\Pipeline\\Pipeline->Illuminate\\Pipeline\\{closure}(Object(Illuminate\\Http\\Request))
#18 C:\\Users\\Admin\\Desktop\\Sathish\\Projects\\LMS\\lms-backend\\vendor\\laravel\\framework\\src\\Illuminate\\Pipeline\\Pipeline.php(183): Illuminate\\Foundation\\Http\\Middleware\\VerifyCsrfToken->handle(Object(Illuminate\\Http\\Request), Object(Closure))
#19 C:\\Users\\Admin\\Desktop\\Sathish\\Projects\\LMS\\lms-backend\\vendor\\laravel\\framework\\src\\Illuminate\\View\\Middleware\\ShareErrorsFromSession.php(49): Illuminate\\Pipeline\\Pipeline->Illuminate\\Pipeline\\{closure}(Object(Illuminate\\Http\\Request))
#20 C:\\Users\\Admin\\Desktop\\Sathish\\Projects\\LMS\\lms-backend\\vendor\\laravel\\framework\\src\\Illuminate\\Pipeline\\Pipeline.php(183): Illuminate\\View\\Middleware\\ShareErrorsFromSession->handle(Object(Illuminate\\Http\\Request), Object(Closure))
#21 C:\\Users\\Admin\\Desktop\\Sathish\\Projects\\LMS\\lms-backend\\vendor\\laravel\\framework\\src\\Illuminate\\Session\\Middleware\\StartSession.php(121): Illuminate\\Pipeline\\Pipeline->Illuminate\\Pipeline\\{closure}(Object(Illuminate\\Http\\Request))
#22 C:\\Users\\Admin\\Desktop\\Sathish\\Projects\\LMS\\lms-backend\\vendor\\laravel\\framework\\src\\Illuminate\\Session\\Middleware\\StartSession.php(64): Illuminate\\Session\\Middleware\\StartSession->handleStatefulRequest(Object(Illuminate\\Http\\Request), Object(Illuminate\\Session\\Store), Object(Closure))
#23 C:\\Users\\Admin\\Desktop\\Sathish\\Projects\\LMS\\lms-backend\\vendor\\laravel\\framework\\src\\Illuminate\\Pipeline\\Pipeline.php(183): Illuminate\\Session\\Middleware\\StartSession->handle(Object(Illuminate\\Http\\Request), Object(Closure))
#24 C:\\Users\\Admin\\Desktop\\Sathish\\Projects\\LMS\\lms-backend\\vendor\\laravel\\framework\\src\\Illuminate\\Cookie\\Middleware\\AddQueuedCookiesToResponse.php(37): Illuminate\\Pipeline\\Pipeline->Illuminate\\Pipeline\\{closure}(Object(Illuminate\\Http\\Request))
#25 C:\\Users\\Admin\\Desktop\\Sathish\\Projects\\LMS\\lms-backend\\vendor\\laravel\\framework\\src\\Illuminate\\Pipeline\\Pipeline.php(183): Illuminate\\Cookie\\Middleware\\AddQueuedCookiesToResponse->handle(Object(Illuminate\\Http\\Request), Object(Closure))
#26 C:\\Users\\Admin\\Desktop\\Sathish\\Projects\\LMS\\lms-backend\\vendor\\laravel\\framework\\src\\Illuminate\\Cookie\\Middleware\\EncryptCookies.php(67): Illuminate\\Pipeline\\Pipeline->Illuminate\\Pipeline\\{closure}(Object(Illuminate\\Http\\Request))
#27 C:\\Users\\Admin\\Desktop\\Sathish\\Projects\\LMS\\lms-backend\\vendor\\laravel\\framework\\src\\Illuminate\\Pipeline\\Pipeline.php(183): Illuminate\\Cookie\\Middleware\\EncryptCookies->handle(Object(Illuminate\\Http\\Request), Object(Closure))
#28 C:\\Users\\Admin\\Desktop\\Sathish\\Projects\\LMS\\lms-backend\\vendor\\laravel\\framework\\src\\Illuminate\\Pipeline\\Pipeline.php(119): Illuminate\\Pipeline\\Pipeline->Illuminate\\Pipeline\\{closure}(Object(Illuminate\\Http\\Request))
#29 C:\\Users\\Admin\\Desktop\\Sathish\\Projects\\LMS\\lms-backend\\vendor\\laravel\\framework\\src\\Illuminate\\Routing\\Router.php(807): Illuminate\\Pipeline\\Pipeline->then(Object(Closure))
#30 C:\\Users\\Admin\\Desktop\\Sathish\\Projects\\LMS\\lms-backend\\vendor\\laravel\\framework\\src\\Illuminate\\Routing\\Router.php(784): Illuminate\\Routing\\Router->runRouteWithinStack(Object(Illuminate\\Routing\\Route), Object(Illuminate\\Http\\Request))
#31 C:\\Users\\Admin\\Desktop\\Sathish\\Projects\\LMS\\lms-backend\\vendor\\laravel\\framework\\src\\Illuminate\\Routing\\Router.php(748): Illuminate\\Routing\\Router->runRoute(Object(Illuminate\\Http\\Request), Object(Illuminate\\Routing\\Route))
#32 C:\\Users\\Admin\\Desktop\\Sathish\\Projects\\LMS\\lms-backend\\vendor\\laravel\\framework\\src\\Illuminate\\Routing\\Router.php(737): Illuminate\\Routing\\Router->dispatchToRoute(Object(Illuminate\\Http\\Request))
#33 C:\\Users\\Admin\\Desktop\\Sathish\\Projects\\LMS\\lms-backend\\vendor\\laravel\\framework\\src\\Illuminate\\Foundation\\Http\\Kernel.php(200): Illuminate\\Routing\\Router->dispatch(Object(Illuminate\\Http\\Request))
#34 C:\\Users\\Admin\\Desktop\\Sathish\\Projects\\LMS\\lms-backend\\vendor\\laravel\\framework\\src\\Illuminate\\Pipeline\\Pipeline.php(144): Illuminate\\Foundation\\Http\\Kernel->Illuminate\\Foundation\\Http\\{closure}(Object(Illuminate\\Http\\Request))
#35 C:\\Users\\Admin\\Desktop\\Sathish\\Projects\\LMS\\lms-backend\\vendor\\laravel\\framework\\src\\Illuminate\\Foundation\\Http\\Middleware\\TransformsRequest.php(21): Illuminate\\Pipeline\\Pipeline->Illuminate\\Pipeline\\{closure}(Object(Illuminate\\Http\\Request))
#36 C:\\Users\\Admin\\Desktop\\Sathish\\Projects\\LMS\\lms-backend\\vendor\\laravel\\framework\\src\\Illuminate\\Foundation\\Http\\Middleware\\ConvertEmptyStringsToNull.php(31): Illuminate\\Foundation\\Http\\Middleware\\TransformsRequest->handle(Object(Illuminate\\Http\\Request), Object(Closure))
#37 C:\\Users\\Admin\\Desktop\\Sathish\\Projects\\LMS\\lms-backend\\vendor\\laravel\\framework\\src\\Illuminate\\Pipeline\\Pipeline.php(183): Illuminate\\Foundation\\Http\\Middleware\\ConvertEmptyStringsToNull->handle(Object(Illuminate\\Http\\Request), Object(Closure))
#38 C:\\Users\\Admin\\Desktop\\Sathish\\Projects\\LMS\\lms-backend\\vendor\\laravel\\framework\\src\\Illuminate\\Foundation\\Http\\Middleware\\TransformsRequest.php(21): Illuminate\\Pipeline\\Pipeline->Illuminate\\Pipeline\\{closure}(Object(Illuminate\\Http\\Request))
#39 C:\\Users\\Admin\\Desktop\\Sathish\\Projects\\LMS\\lms-backend\\vendor\\laravel\\framework\\src\\Illuminate\\Foundation\\Http\\Middleware\\TrimStrings.php(40): Illuminate\\Foundation\\Http\\Middleware\\TransformsRequest->handle(Object(Illuminate\\Http\\Request), Object(Closure))
#40 C:\\Users\\Admin\\Desktop\\Sathish\\Projects\\LMS\\lms-backend\\vendor\\laravel\\framework\\src\\Illuminate\\Pipeline\\Pipeline.php(183): Illuminate\\Foundation\\Http\\Middleware\\TrimStrings->handle(Object(Illuminate\\Http\\Request), Object(Closure))
#41 C:\\Users\\Admin\\Desktop\\Sathish\\Projects\\LMS\\lms-backend\\vendor\\laravel\\framework\\src\\Illuminate\\Foundation\\Http\\Middleware\\ValidatePostSize.php(27): Illuminate\\Pipeline\\Pipeline->Illuminate\\Pipeline\\{closure}(Object(Illuminate\\Http\\Request))
#42 C:\\Users\\Admin\\Desktop\\Sathish\\Projects\\LMS\\lms-backend\\vendor\\laravel\\framework\\src\\Illuminate\\Pipeline\\Pipeline.php(183): Illuminate\\Foundation\\Http\\Middleware\\ValidatePostSize->handle(Object(Illuminate\\Http\\Request), Object(Closure))
#43 C:\\Users\\Admin\\Desktop\\Sathish\\Projects\\LMS\\lms-backend\\vendor\\laravel\\framework\\src\\Illuminate\\Foundation\\Http\\Middleware\\PreventRequestsDuringMaintenance.php(99): Illuminate\\Pipeline\\Pipeline->Illuminate\\Pipeline\\{closure}(Object(Illuminate\\Http\\Request))
#44 C:\\Users\\Admin\\Desktop\\Sathish\\Projects\\LMS\\lms-backend\\vendor\\laravel\\framework\\src\\Illuminate\\Pipeline\\Pipeline.php(183): Illuminate\\Foundation\\Http\\Middleware\\PreventRequestsDuringMaintenance->handle(Object(Illuminate\\Http\\Request), Object(Closure))
#45 C:\\Users\\Admin\\Desktop\\Sathish\\Projects\\LMS\\lms-backend\\vendor\\laravel\\framework\\src\\Illuminate\\Http\\Middleware\\HandleCors.php(62): Illuminate\\Pipeline\\Pipeline->Illuminate\\Pipeline\\{closure}(Object(Illuminate\\Http\\Request))
#46 C:\\Users\\Admin\\Desktop\\Sathish\\Projects\\LMS\\lms-backend\\vendor\\laravel\\framework\\src\\Illuminate\\Pipeline\\Pipeline.php(183): Illuminate\\Http\\Middleware\\HandleCors->handle(Object(Illuminate\\Http\\Request), Object(Closure))
#47 C:\\Users\\Admin\\Desktop\\Sathish\\Projects\\LMS\\lms-backend\\vendor\\laravel\\framework\\src\\Illuminate\\Http\\Middleware\\TrustProxies.php(39): Illuminate\\Pipeline\\Pipeline->Illuminate\\Pipeline\\{closure}(Object(Illuminate\\Http\\Request))
#48 C:\\Users\\Admin\\Desktop\\Sathish\\Projects\\LMS\\lms-backend\\vendor\\laravel\\framework\\src\\Illuminate\\Pipeline\\Pipeline.php(183): Illuminate\\Http\\Middleware\\TrustProxies->handle(Object(Illuminate\\Http\\Request), Object(Closure))
#49 C:\\Users\\Admin\\Desktop\\Sathish\\Projects\\LMS\\lms-backend\\vendor\\laravel\\framework\\src\\Illuminate\\Pipeline\\Pipeline.php(119): Illuminate\\Pipeline\\Pipeline->Illuminate\\Pipeline\\{closure}(Object(Illuminate\\Http\\Request))
#50 C:\\Users\\Admin\\Desktop\\Sathish\\Projects\\LMS\\lms-backend\\vendor\\laravel\\framework\\src\\Illuminate\\Foundation\\Http\\Kernel.php(175): Illuminate\\Pipeline\\Pipeline->then(Object(Closure))
#51 C:\\Users\\Admin\\Desktop\\Sathish\\Projects\\LMS\\lms-backend\\vendor\\laravel\\framework\\src\\Illuminate\\Foundation\\Http\\Kernel.php(144): Illuminate\\Foundation\\Http\\Kernel->sendRequestThroughRouter(Object(Illuminate\\Http\\Request))
#52 C:\\Users\\Admin\\Desktop\\Sathish\\Projects\\LMS\\lms-backend\\public\\index.php(7): Illuminate\\Foundation\\Http\\Kernel->handle(Object(Illuminate\\Http\\Request))
#53 C:\\Users\\Admin\\Desktop\\Sathish\\Projects\\LMS\\lms-backend\\vendor\\laravel\\framework\\src\\Illuminate\\Foundation\\resources\\server.php(16): require_once('C:\\\\Users\\\\Admin\\\\...')
#54 {main}

[previous exception] [object] (ReflectionException(code: -1): Class \"App\\Http\\Controllers\\Api\\Admin\\EnrollmentsAdminController\" does not exist at C:\\Users\\Admin\\Desktop\\Sathish\\Projects\\LMS\\lms-backend\\vendor\\laravel\\framework\\src\\Illuminate\\Container\\Container.php:912)
[stacktrace]
#0 C:\\Users\\Admin\\Desktop\\Sathish\\Projects\\LMS\\lms-backend\\vendor\\laravel\\framework\\src\\Illuminate\\Container\\Container.php(912): ReflectionClass->__construct('App\\\\Http\\\\Contro...')
#1 C:\\Users\\Admin\\Desktop\\Sathish\\Projects\\LMS\\lms-backend\\vendor\\laravel\\framework\\src\\Illuminate\\Container\\Container.php(795): Illuminate\\Container\\Container->build('App\\\\Http\\\\Contro...')
#2 C:\\Users\\Admin\\Desktop\\Sathish\\Projects\\LMS\\lms-backend\\vendor\\laravel\\framework\\src\\Illuminate\\Foundation\\Application.php(986): Illuminate\\Container\\Container->resolve('App\\\\Http\\\\Contro...', Array, true)
#3 C:\\Users\\Admin\\Desktop\\Sathish\\Projects\\LMS\\lms-backend\\vendor\\laravel\\framework\\src\\Illuminate\\Container\\Container.php(731): Illuminate\\Foundation\\Application->resolve('App\\\\Http\\\\Contro...', Array)
#4 C:\\Users\\Admin\\Desktop\\Sathish\\Projects\\LMS\\lms-backend\\vendor\\laravel\\framework\\src\\Illuminate\\Foundation\\Application.php(971): Illuminate\\Container\\Container->make('App\\\\Http\\\\Contro...', Array)
#5 C:\\Users\\Admin\\Desktop\\Sathish\\Projects\\LMS\\lms-backend\\vendor\\laravel\\framework\\src\\Illuminate\\Routing\\Route.php(278): Illuminate\\Foundation\\Application->make('App\\\\Http\\\\Contro...')
#6 C:\\Users\\Admin\\Desktop\\Sathish\\Projects\\LMS\\lms-backend\\vendor\\laravel\\framework\\src\\Illuminate\\Routing\\Route.php(260): Illuminate\\Routing\\Route->getController()
#7 C:\\Users\\Admin\\Desktop\\Sathish\\Projects\\LMS\\lms-backend\\vendor\\laravel\\framework\\src\\Illuminate\\Routing\\Route.php(205): Illuminate\\Routing\\Route->runController()
#8 C:\\Users\\Admin\\Desktop\\Sathish\\Projects\\LMS\\lms-backend\\vendor\\laravel\\framework\\src\\Illuminate\\Routing\\Router.php(806): Illuminate\\Routing\\Route->run()
#9 C:\\Users\\Admin\\Desktop\\Sathish\\Projects\\LMS\\lms-backend\\vendor\\laravel\\framework\\src\\Illuminate\\Pipeline\\Pipeline.php(144): Illuminate\\Routing\\Router->Illuminate\\Routing\\{closure}(Object(Illuminate\\Http\\Request))
#10 C:\\Users\\Admin\\Desktop\\Sathish\\Projects\\LMS\\lms-backend\\app\\Http\\Middleware\\EnsureRole.php(17): Illuminate\\Pipeline\\Pipeline->Illuminate\\Pipeline\\{closure}(Object(Illuminate\\Http\\Request))
#11 C:\\Users\\Admin\\Desktop\\Sathish\\Projects\\LMS\\lms-backend\\vendor\\laravel\\framework\\src\\Illuminate\\Pipeline\\Pipeline.php(183): App\\Http\\Middleware\\EnsureRole->handle(Object(Illuminate\\Http\\Request), Object(Closure), 'admin')
#12 C:\\Users\\Admin\\Desktop\\Sathish\\Projects\\LMS\\lms-backend\\app\\Http\\Middleware\\ResolveTenant.php(56): Illuminate\\Pipeline\\Pipeline->Illuminate\\Pipeline\\{closure}(Object(Illuminate\\Http\\Request))
#13 C:\\Users\\Admin\\Desktop\\Sathish\\Projects\\LMS\\lms-backend\\vendor\\laravel\\framework\\src\\Illuminate\\Pipeline\\Pipeline.php(183): App\\Http\\Middleware\\ResolveTenant->handle(Object(Illuminate\\Http\\Request), Object(Closure))
#14 C:\\Users\\Admin\\Desktop\\Sathish\\Projects\\LMS\\lms-backend\\vendor\\laravel\\framework\\src\\Illuminate\\Routing\\Middleware\\SubstituteBindings.php(50): Illuminate\\Pipeline\\Pipeline->Illuminate\\Pipeline\\{closure}(Object(Illuminate\\Http\\Request))
#15 C:\\Users\\Admin\\Desktop\\Sathish\\Projects\\LMS\\lms-backend\\vendor\\laravel\\framework\\src\\Illuminate\\Pipeline\\Pipeline.php(183): Illuminate\\Routing\\Middleware\\SubstituteBindings->handle(Object(Illuminate\\Http\\Request), Object(Closure))
#16 C:\\Users\\Admin\\Desktop\\Sathish\\Projects\\LMS\\lms-backend\\vendor\\laravel\\framework\\src\\Illuminate\\Auth\\Middleware\\Authenticate.php(57): Illuminate\\Pipeline\\Pipeline->Illuminate\\Pipeline\\{closure}(Object(Illuminate\\Http\\Request))
#17 C:\\Users\\Admin\\Desktop\\Sathish\\Projects\\LMS\\lms-backend\\vendor\\laravel\\framework\\src\\Illuminate\\Pipeline\\Pipeline.php(183): Illuminate\\Auth\\Middleware\\Authenticate->handle(Object(Illuminate\\Http\\Request), Object(Closure))
#18 C:\\Users\\Admin\\Desktop\\Sathish\\Projects\\LMS\\lms-backend\\vendor\\laravel\\framework\\src\\Illuminate\\Foundation\\Http\\Middleware\\VerifyCsrfToken.php(78): Illuminate\\Pipeline\\Pipeline->Illuminate\\Pipeline\\{closure}(Object(Illuminate\\Http\\Request))
#19 C:\\Users\\Admin\\Desktop\\Sathish\\Projects\\LMS\\lms-backend\\vendor\\laravel\\framework\\src\\Illuminate\\Pipeline\\Pipeline.php(183): Illuminate\\Foundation\\Http\\Middleware\\VerifyCsrfToken->handle(Object(Illuminate\\Http\\Request), Object(Closure))
#20 C:\\Users\\Admin\\Desktop\\Sathish\\Projects\\LMS\\lms-backend\\vendor\\laravel\\framework\\src\\Illuminate\\View\\Middleware\\ShareErrorsFromSession.php(49): Illuminate\\Pipeline\\Pipeline->Illuminate\\Pipeline\\{closure}(Object(Illuminate\\Http\\Request))
#21 C:\\Users\\Admin\\Desktop\\Sathish\\Projects\\LMS\\lms-backend\\vendor\\laravel\\framework\\src\\Illuminate\\Pipeline\\Pipeline.php(183): Illuminate\\View\\Middleware\\ShareErrorsFromSession->handle(Object(Illuminate\\Http\\Request), Object(Closure))
#22 C:\\Users\\Admin\\Desktop\\Sathish\\Projects\\LMS\\lms-backend\\vendor\\laravel\\framework\\src\\Illuminate\\Session\\Middleware\\StartSession.php(121): Illuminate\\Pipeline\\Pipeline->Illuminate\\Pipeline\\{closure}(Object(Illuminate\\Http\\Request))
#23 C:\\Users\\Admin\\Desktop\\Sathish\\Projects\\LMS\\lms-backend\\vendor\\laravel\\framework\\src\\Illuminate\\Session\\Middleware\\StartSession.php(64): Illuminate\\Session\\Middleware\\StartSession->handleStatefulRequest(Object(Illuminate\\Http\\Request), Object(Illuminate\\Session\\Store), Object(Closure))
#24 C:\\Users\\Admin\\Desktop\\Sathish\\Projects\\LMS\\lms-backend\\vendor\\laravel\\framework\\src\\Illuminate\\Pipeline\\Pipeline.php(183): Illuminate\\Session\\Middleware\\StartSession->handle(Object(Illuminate\\Http\\Request), Object(Closure))
#25 C:\\Users\\Admin\\Desktop\\Sathish\\Projects\\LMS\\lms-backend\\vendor\\laravel\\framework\\src\\Illuminate\\Cookie\\Middleware\\AddQueuedCookiesToResponse.php(37): Illuminate\\Pipeline\\Pipeline->Illuminate\\Pipeline\\{closure}(Object(Illuminate\\Http\\Request))
#26 C:\\Users\\Admin\\Desktop\\Sathish\\Projects\\LMS\\lms-backend\\vendor\\laravel\\framework\\src\\Illuminate\\Pipeline\\Pipeline.php(183): Illuminate\\Cookie\\Middleware\\AddQueuedCookiesToResponse->handle(Object(Illuminate\\Http\\Request), Object(Closure))
#27 C:\\Users\\Admin\\Desktop\\Sathish\\Projects\\LMS\\lms-backend\\vendor\\laravel\\framework\\src\\Illuminate\\Cookie\\Middleware\\EncryptCookies.php(67): Illuminate\\Pipeline\\Pipeline->Illuminate\\Pipeline\\{closure}(Object(Illuminate\\Http\\Request))
#28 C:\\Users\\Admin\\Desktop\\Sathish\\Projects\\LMS\\lms-backend\\vendor\\laravel\\framework\\src\\Illuminate\\Pipeline\\Pipeline.php(183): Illuminate\\Cookie\\Middleware\\EncryptCookies->handle(Object(Illuminate\\Http\\Request), Object(Closure))
#29 C:\\Users\\Admin\\Desktop\\Sathish\\Projects\\LMS\\lms-backend\\vendor\\laravel\\framework\\src\\Illuminate\\Pipeline\\Pipeline.php(119): Illuminate\\Pipeline\\Pipeline->Illuminate\\Pipeline\\{closure}(Object(Illuminate\\Http\\Request))
#30 C:\\Users\\Admin\\Desktop\\Sathish\\Projects\\LMS\\lms-backend\\vendor\\laravel\\framework\\src\\Illuminate\\Routing\\Router.php(807): Illuminate\\Pipeline\\Pipeline->then(Object(Closure))
#31 C:\\Users\\Admin\\Desktop\\Sathish\\Projects\\LMS\\lms-backend\\vendor\\laravel\\framework\\src\\Illuminate\\Routing\\Router.php(784): Illuminate\\Routing\\Router->runRouteWithinStack(Object(Illuminate\\Routing\\Route), Object(Illuminate\\Http\\Request))
#32 C:\\Users\\Admin\\Desktop\\Sathish\\Projects\\LMS\\lms-backend\\vendor\\laravel\\framework\\src\\Illuminate\\Routing\\Router.php(748): Illuminate\\Routing\\Router->runRoute(Object(Illuminate\\Http\\Request), Object(Illuminate\\Routing\\Route))
#33 C:\\Users\\Admin\\Desktop\\Sathish\\Projects\\LMS\\lms-backend\\vendor\\laravel\\framework\\src\\Illuminate\\Routing\\Router.php(737): Illuminate\\Routing\\Router->dispatchToRoute(Object(Illuminate\\Http\\Request))
#34 C:\\Users\\Admin\\Desktop\\Sathish\\Projects\\LMS\\lms-backend\\vendor\\laravel\\framework\\src\\Illuminate\\Foundation\\Http\\Kernel.php(200): Illuminate\\Routing\\Router->dispatch(Object(Illuminate\\Http\\Request))
#35 C:\\Users\\Admin\\Desktop\\Sathish\\Projects\\LMS\\lms-backend\\vendor\\laravel\\framework\\src\\Illuminate\\Pipeline\\Pipeline.php(144): Illuminate\\Foundation\\Http\\Kernel->Illuminate\\Foundation\\Http\\{closure}(Object(Illuminate\\Http\\Request))
#36 C:\\Users\\Admin\\Desktop\\Sathish\\Projects\\LMS\\lms-backend\\vendor\\laravel\\framework\\src\\Illuminate\\Foundation\\Http\\Middleware\\TransformsRequest.php(21): Illuminate\\Pipeline\\Pipeline->Illuminate\\Pipeline\\{closure}(Object(Illuminate\\Http\\Request))
#37 C:\\Users\\Admin\\Desktop\\Sathish\\Projects\\LMS\\lms-backend\\vendor\\laravel\\framework\\src\\Illuminate\\Foundation\\Http\\Middleware\\ConvertEmptyStringsToNull.php(31): Illuminate\\Foundation\\Http\\Middleware\\TransformsRequest->handle(Object(Illuminate\\Http\\Request), Object(Closure))
#38 C:\\Users\\Admin\\Desktop\\Sathish\\Projects\\LMS\\lms-backend\\vendor\\laravel\\framework\\src\\Illuminate\\Pipeline\\Pipeline.php(183): Illuminate\\Foundation\\Http\\Middleware\\ConvertEmptyStringsToNull->handle(Object(Illuminate\\Http\\Request), Object(Closure))
#39 C:\\Users\\Admin\\Desktop\\Sathish\\Projects\\LMS\\lms-backend\\vendor\\laravel\\framework\\src\\Illuminate\\Foundation\\Http\\Middleware\\TransformsRequest.php(21): Illuminate\\Pipeline\\Pipeline->Illuminate\\Pipeline\\{closure}(Object(Illuminate\\Http\\Request))
#40 C:\\Users\\Admin\\Desktop\\Sathish\\Projects\\LMS\\lms-backend\\vendor\\laravel\\framework\\src\\Illuminate\\Foundation\\Http\\Middleware\\TrimStrings.php(40): Illuminate\\Foundation\\Http\\Middleware\\TransformsRequest->handle(Object(Illuminate\\Http\\Request), Object(Closure))
#41 C:\\Users\\Admin\\Desktop\\Sathish\\Projects\\LMS\\lms-backend\\vendor\\laravel\\framework\\src\\Illuminate\\Pipeline\\Pipeline.php(183): Illuminate\\Foundation\\Http\\Middleware\\TrimStrings->handle(Object(Illuminate\\Http\\Request), Object(Closure))
#42 C:\\Users\\Admin\\Desktop\\Sathish\\Projects\\LMS\\lms-backend\\vendor\\laravel\\framework\\src\\Illuminate\\Foundation\\Http\\Middleware\\ValidatePostSize.php(27): Illuminate\\Pipeline\\Pipeline->Illuminate\\Pipeline\\{closure}(Object(Illuminate\\Http\\Request))
#43 C:\\Users\\Admin\\Desktop\\Sathish\\Projects\\LMS\\lms-backend\\vendor\\laravel\\framework\\src\\Illuminate\\Pipeline\\Pipeline.php(183): Illuminate\\Foundation\\Http\\Middleware\\ValidatePostSize->handle(Object(Illuminate\\Http\\Request), Object(Closure))
#44 C:\\Users\\Admin\\Desktop\\Sathish\\Projects\\LMS\\lms-backend\\vendor\\laravel\\framework\\src\\Illuminate\\Foundation\\Http\\Middleware\\PreventRequestsDuringMaintenance.php(99): Illuminate\\Pipeline\\Pipeline->Illuminate\\Pipeline\\{closure}(Object(Illuminate\\Http\\Request))
#45 C:\\Users\\Admin\\Desktop\\Sathish\\Projects\\LMS\\lms-backend\\vendor\\laravel\\framework\\src\\Illuminate\\Pipeline\\Pipeline.php(183): Illuminate\\Foundation\\Http\\Middleware\\PreventRequestsDuringMaintenance->handle(Object(Illuminate\\Http\\Request), Object(Closure))
#46 C:\\Users\\Admin\\Desktop\\Sathish\\Projects\\LMS\\lms-backend\\vendor\\laravel\\framework\\src\\Illuminate\\Http\\Middleware\\HandleCors.php(62): Illuminate\\Pipeline\\Pipeline->Illuminate\\Pipeline\\{closure}(Object(Illuminate\\Http\\Request))
#47 C:\\Users\\Admin\\Desktop\\Sathish\\Projects\\LMS\\lms-backend\\vendor\\laravel\\framework\\src\\Illuminate\\Pipeline\\Pipeline.php(183): Illuminate\\Http\\Middleware\\HandleCors->handle(Object(Illuminate\\Http\\Request), Object(Closure))
#48 C:\\Users\\Admin\\Desktop\\Sathish\\Projects\\LMS\\lms-backend\\vendor\\laravel\\framework\\src\\Illuminate\\Http\\Middleware\\TrustProxies.php(39): Illuminate\\Pipeline\\Pipeline->Illuminate\\Pipeline\\{closure}(Object(Illuminate\\Http\\Request))
#49 C:\\Users\\Admin\\Desktop\\Sathish\\Projects\\LMS\\lms-backend\\vendor\\laravel\\framework\\src\\Illuminate\\Pipeline\\Pipeline.php(183): Illuminate\\Http\\Middleware\\TrustProxies->handle(Object(Illuminate\\Http\\Request), Object(Closure))
#50 C:\\Users\\Admin\\Desktop\\Sathish\\Projects\\LMS\\lms-backend\\vendor\\laravel\\framework\\src\\Illuminate\\Pipeline\\Pipeline.php(119): Illuminate\\Pipeline\\Pipeline->Illuminate\\Pipeline\\{closure}(Object(Illuminate\\Http\\Request))
#51 C:\\Users\\Admin\\Desktop\\Sathish\\Projects\\LMS\\lms-backend\\vendor\\laravel\\framework\\src\\Illuminate\\Foundation\\Http\\Kernel.php(175): Illuminate\\Pipeline\\Pipeline->then(Object(Closure))
#52 C:\\Users\\Admin\\Desktop\\Sathish\\Projects\\LMS\\lms-backend\\vendor\\laravel\\framework\\src\\Illuminate\\Foundation\\Http\\Kernel.php(144): Illuminate\\Foundation\\Http\\Kernel->sendRequestThroughRouter(Object(Illuminate\\Http\\Request))
#53 C:\\Users\\Admin\\Desktop\\Sathish\\Projects\\LMS\\lms-backend\\public\\index.php(7): Illuminate\\Foundation\\Http\\Kernel->handle(Object(Illuminate\\Http\\Request))
#54 C:\\Users\\Admin\\Desktop\\Sathish\\Projects\\LMS\\lms-backend\\vendor\\laravel\\framework\\src\\Illuminate\\Foundation\\resources\\server.php(16): require_once('C:\\\\Users\\\\Admin\\\\...')
#55 {main}
"} 
[2025-12-29 11:03:32] local.ERROR: Target class [App\Http\Controllers\Api\Admin\SettingsAdminController] does not exist. {"userId":1,"exception":"[object] (Illuminate\\Contracts\\Container\\BindingResolutionException(code: 0): Target class [App\\Http\\Controllers\\Api\\Admin\\SettingsAdminController] does not exist. at C:\\Users\\Admin\\Desktop\\Sathish\\Projects\\LMS\\lms-backend\\vendor\\laravel\\framework\\src\\Illuminate\\Container\\Container.php:914)
[stacktrace]
#0 C:\\Users\\Admin\\Desktop\\Sathish\\Projects\\LMS\\lms-backend\\vendor\\laravel\\framework\\src\\Illuminate\\Container\\Container.php(795): Illuminate\\Container\\Container->build('App\\\\Http\\\\Contro...')
#1 C:\\Users\\Admin\\Desktop\\Sathish\\Projects\\LMS\\lms-backend\\vendor\\laravel\\framework\\src\\Illuminate\\Foundation\\Application.php(986): Illuminate\\Container\\Container->resolve('App\\\\Http\\\\Contro...', Array, true)
#2 C:\\Users\\Admin\\Desktop\\Sathish\\Projects\\LMS\\lms-backend\\vendor\\laravel\\framework\\src\\Illuminate\\Container\\Container.php(731): Illuminate\\Foundation\\Application->resolve('App\\\\Http\\\\Contro...', Array)
#3 C:\\Users\\Admin\\Desktop\\Sathish\\Projects\\LMS\\lms-backend\\vendor\\laravel\\framework\\src\\Illuminate\\Foundation\\Application.php(971): Illuminate\\Container\\Container->make('App\\\\Http\\\\Contro...', Array)
#4 C:\\Users\\Admin\\Desktop\\Sathish\\Projects\\LMS\\lms-backend\\vendor\\laravel\\framework\\src\\Illuminate\\Routing\\Route.php(278): Illuminate\\Foundation\\Application->make('App\\\\Http\\\\Contro...')
#5 C:\\Users\\Admin\\Desktop\\Sathish\\Projects\\LMS\\lms-backend\\vendor\\laravel\\framework\\src\\Illuminate\\Routing\\Route.php(260): Illuminate\\Routing\\Route->getController()
#6 C:\\Users\\Admin\\Desktop\\Sathish\\Projects\\LMS\\lms-backend\\vendor\\laravel\\framework\\src\\Illuminate\\Routing\\Route.php(205): Illuminate\\Routing\\Route->runController()
#7 C:\\Users\\Admin\\Desktop\\Sathish\\Projects\\LMS\\lms-backend\\vendor\\laravel\\framework\\src\\Illuminate\\Routing\\Router.php(806): Illuminate\\Routing\\Route->run()
#8 C:\\Users\\Admin\\Desktop\\Sathish\\Projects\\LMS\\lms-backend\\vendor\\laravel\\framework\\src\\Illuminate\\Pipeline\\Pipeline.php(144): Illuminate\\Routing\\Router->Illuminate\\Routing\\{closure}(Object(Illuminate\\Http\\Request))
#9 C:\\Users\\Admin\\Desktop\\Sathish\\Projects\\LMS\\lms-backend\\app\\Http\\Middleware\\EnsureRole.php(17): Illuminate\\Pipeline\\Pipeline->Illuminate\\Pipeline\\{closure}(Object(Illuminate\\Http\\Request))
#10 C:\\Users\\Admin\\Desktop\\Sathish\\Projects\\LMS\\lms-backend\\vendor\\laravel\\framework\\src\\Illuminate\\Pipeline\\Pipeline.php(183): App\\Http\\Middleware\\EnsureRole->handle(Object(Illuminate\\Http\\Request), Object(Closure), 'admin')
#11 C:\\Users\\Admin\\Desktop\\Sathish\\Projects\\LMS\\lms-backend\\app\\Http\\Middleware\\ResolveTenant.php(56): Illuminate\\Pipeline\\Pipeline->Illuminate\\Pipeline\\{closure}(Object(Illuminate\\Http\\Request))
#12 C:\\Users\\Admin\\Desktop\\Sathish\\Projects\\LMS\\lms-backend\\vendor\\laravel\\framework\\src\\Illuminate\\Pipeline\\Pipeline.php(183): App\\Http\\Middleware\\ResolveTenant->handle(Object(Illuminate\\Http\\Request), Object(Closure))
#13 C:\\Users\\Admin\\Desktop\\Sathish\\Projects\\LMS\\lms-backend\\vendor\\laravel\\framework\\src\\Illuminate\\Routing\\Middleware\\SubstituteBindings.php(50): Illuminate\\Pipeline\\Pipeline->Illuminate\\Pipeline\\{closure}(Object(Illuminate\\Http\\Request))
#14 C:\\Users\\Admin\\Desktop\\Sathish\\Projects\\LMS\\lms-backend\\vendor\\laravel\\framework\\src\\Illuminate\\Pipeline\\Pipeline.php(183): Illuminate\\Routing\\Middleware\\SubstituteBindings->handle(Object(Illuminate\\Http\\Request), Object(Closure))
#15 C:\\Users\\Admin\\Desktop\\Sathish\\Projects\\LMS\\lms-backend\\vendor\\laravel\\framework\\src\\Illuminate\\Auth\\Middleware\\Authenticate.php(57): Illuminate\\Pipeline\\Pipeline->Illuminate\\Pipeline\\{closure}(Object(Illuminate\\Http\\Request))
#16 C:\\Users\\Admin\\Desktop\\Sathish\\Projects\\LMS\\lms-backend\\vendor\\laravel\\framework\\src\\Illuminate\\Pipeline\\Pipeline.php(183): Illuminate\\Auth\\Middleware\\Authenticate->handle(Object(Illuminate\\Http\\Request), Object(Closure))
#17 C:\\Users\\Admin\\Desktop\\Sathish\\Projects\\LMS\\lms-backend\\vendor\\laravel\\framework\\src\\Illuminate\\Foundation\\Http\\Middleware\\VerifyCsrfToken.php(78): Illuminate\\Pipeline\\Pipeline->Illuminate\\Pipeline\\{closure}(Object(Illuminate\\Http\\Request))
#18 C:\\Users\\Admin\\Desktop\\Sathish\\Projects\\LMS\\lms-backend\\vendor\\laravel\\framework\\src\\Illuminate\\Pipeline\\Pipeline.php(183): Illuminate\\Foundation\\Http\\Middleware\\VerifyCsrfToken->handle(Object(Illuminate\\Http\\Request), Object(Closure))
#19 C:\\Users\\Admin\\Desktop\\Sathish\\Projects\\LMS\\lms-backend\\vendor\\laravel\\framework\\src\\Illuminate\\View\\Middleware\\ShareErrorsFromSession.php(49): Illuminate\\Pipeline\\Pipeline->Illuminate\\Pipeline\\{closure}(Object(Illuminate\\Http\\Request))
#20 C:\\Users\\Admin\\Desktop\\Sathish\\Projects\\LMS\\lms-backend\\vendor\\laravel\\framework\\src\\Illuminate\\Pipeline\\Pipeline.php(183): Illuminate\\View\\Middleware\\ShareErrorsFromSession->handle(Object(Illuminate\\Http\\Request), Object(Closure))
#21 C:\\Users\\Admin\\Desktop\\Sathish\\Projects\\LMS\\lms-backend\\vendor\\laravel\\framework\\src\\Illuminate\\Session\\Middleware\\StartSession.php(121): Illuminate\\Pipeline\\Pipeline->Illuminate\\Pipeline\\{closure}(Object(Illuminate\\Http\\Request))
#22 C:\\Users\\Admin\\Desktop\\Sathish\\Projects\\LMS\\lms-backend\\vendor\\laravel\\framework\\src\\Illuminate\\Session\\Middleware\\StartSession.php(64): Illuminate\\Session\\Middleware\\StartSession->handleStatefulRequest(Object(Illuminate\\Http\\Request), Object(Illuminate\\Session\\Store), Object(Closure))
#23 C:\\Users\\Admin\\Desktop\\Sathish\\Projects\\LMS\\lms-backend\\vendor\\laravel\\framework\\src\\Illuminate\\Pipeline\\Pipeline.php(183): Illuminate\\Session\\Middleware\\StartSession->handle(Object(Illuminate\\Http\\Request), Object(Closure))
#24 C:\\Users\\Admin\\Desktop\\Sathish\\Projects\\LMS\\lms-backend\\vendor\\laravel\\framework\\src\\Illuminate\\Cookie\\Middleware\\AddQueuedCookiesToResponse.php(37): Illuminate\\Pipeline\\Pipeline->Illuminate\\Pipeline\\{closure}(Object(Illuminate\\Http\\Request))
#25 C:\\Users\\Admin\\Desktop\\Sathish\\Projects\\LMS\\lms-backend\\vendor\\laravel\\framework\\src\\Illuminate\\Pipeline\\Pipeline.php(183): Illuminate\\Cookie\\Middleware\\AddQueuedCookiesToResponse->handle(Object(Illuminate\\Http\\Request), Object(Closure))
#26 C:\\Users\\Admin\\Desktop\\Sathish\\Projects\\LMS\\lms-backend\\vendor\\laravel\\framework\\src\\Illuminate\\Cookie\\Middleware\\EncryptCookies.php(67): Illuminate\\Pipeline\\Pipeline->Illuminate\\Pipeline\\{closure}(Object(Illuminate\\Http\\Request))
#27 C:\\Users\\Admin\\Desktop\\Sathish\\Projects\\LMS\\lms-backend\\vendor\\laravel\\framework\\src\\Illuminate\\Pipeline\\Pipeline.php(183): Illuminate\\Cookie\\Middleware\\EncryptCookies->handle(Object(Illuminate\\Http\\Request), Object(Closure))
#28 C:\\Users\\Admin\\Desktop\\Sathish\\Projects\\LMS\\lms-backend\\vendor\\laravel\\framework\\src\\Illuminate\\Pipeline\\Pipeline.php(119): Illuminate\\Pipeline\\Pipeline->Illuminate\\Pipeline\\{closure}(Object(Illuminate\\Http\\Request))
#29 C:\\Users\\Admin\\Desktop\\Sathish\\Projects\\LMS\\lms-backend\\vendor\\laravel\\framework\\src\\Illuminate\\Routing\\Router.php(807): Illuminate\\Pipeline\\Pipeline->then(Object(Closure))
#30 C:\\Users\\Admin\\Desktop\\Sathish\\Projects\\LMS\\lms-backend\\vendor\\laravel\\framework\\src\\Illuminate\\Routing\\Router.php(784): Illuminate\\Routing\\Router->runRouteWithinStack(Object(Illuminate\\Routing\\Route), Object(Illuminate\\Http\\Request))
#31 C:\\Users\\Admin\\Desktop\\Sathish\\Projects\\LMS\\lms-backend\\vendor\\laravel\\framework\\src\\Illuminate\\Routing\\Router.php(748): Illuminate\\Routing\\Router->runRoute(Object(Illuminate\\Http\\Request), Object(Illuminate\\Routing\\Route))
#32 C:\\Users\\Admin\\Desktop\\Sathish\\Projects\\LMS\\lms-backend\\vendor\\laravel\\framework\\src\\Illuminate\\Routing\\Router.php(737): Illuminate\\Routing\\Router->dispatchToRoute(Object(Illuminate\\Http\\Request))
#33 C:\\Users\\Admin\\Desktop\\Sathish\\Projects\\LMS\\lms-backend\\vendor\\laravel\\framework\\src\\Illuminate\\Foundation\\Http\\Kernel.php(200): Illuminate\\Routing\\Router->dispatch(Object(Illuminate\\Http\\Request))
#34 C:\\Users\\Admin\\Desktop\\Sathish\\Projects\\LMS\\lms-backend\\vendor\\laravel\\framework\\src\\Illuminate\\Pipeline\\Pipeline.php(144): Illuminate\\Foundation\\Http\\Kernel->Illuminate\\Foundation\\Http\\{closure}(Object(Illuminate\\Http\\Request))
#35 C:\\Users\\Admin\\Desktop\\Sathish\\Projects\\LMS\\lms-backend\\vendor\\laravel\\framework\\src\\Illuminate\\Foundation\\Http\\Middleware\\TransformsRequest.php(21): Illuminate\\Pipeline\\Pipeline->Illuminate\\Pipeline\\{closure}(Object(Illuminate\\Http\\Request))
#36 C:\\Users\\Admin\\Desktop\\Sathish\\Projects\\LMS\\lms-backend\\vendor\\laravel\\framework\\src\\Illuminate\\Foundation\\Http\\Middleware\\ConvertEmptyStringsToNull.php(31): Illuminate\\Foundation\\Http\\Middleware\\TransformsRequest->handle(Object(Illuminate\\Http\\Request), Object(Closure))
#37 C:\\Users\\Admin\\Desktop\\Sathish\\Projects\\LMS\\lms-backend\\vendor\\laravel\\framework\\src\\Illuminate\\Pipeline\\Pipeline.php(183): Illuminate\\Foundation\\Http\\Middleware\\ConvertEmptyStringsToNull->handle(Object(Illuminate\\Http\\Request), Object(Closure))
#38 C:\\Users\\Admin\\Desktop\\Sathish\\Projects\\LMS\\lms-backend\\vendor\\laravel\\framework\\src\\Illuminate\\Foundation\\Http\\Middleware\\TransformsRequest.php(21): Illuminate\\Pipeline\\Pipeline->Illuminate\\Pipeline\\{closure}(Object(Illuminate\\Http\\Request))
#39 C:\\Users\\Admin\\Desktop\\Sathish\\Projects\\LMS\\lms-backend\\vendor\\laravel\\framework\\src\\Illuminate\\Foundation\\Http\\Middleware\\TrimStrings.php(40): Illuminate\\Foundation\\Http\\Middleware\\TransformsRequest->handle(Object(Illuminate\\Http\\Request), Object(Closure))
#40 C:\\Users\\Admin\\Desktop\\Sathish\\Projects\\LMS\\lms-backend\\vendor\\laravel\\framework\\src\\Illuminate\\Pipeline\\Pipeline.php(183): Illuminate\\Foundation\\Http\\Middleware\\TrimStrings->handle(Object(Illuminate\\Http\\Request), Object(Closure))
#41 C:\\Users\\Admin\\Desktop\\Sathish\\Projects\\LMS\\lms-backend\\vendor\\laravel\\framework\\src\\Illuminate\\Foundation\\Http\\Middleware\\ValidatePostSize.php(27): Illuminate\\Pipeline\\Pipeline->Illuminate\\Pipeline\\{closure}(Object(Illuminate\\Http\\Request))
#42 C:\\Users\\Admin\\Desktop\\Sathish\\Projects\\LMS\\lms-backend\\vendor\\laravel\\framework\\src\\Illuminate\\Pipeline\\Pipeline.php(183): Illuminate\\Foundation\\Http\\Middleware\\ValidatePostSize->handle(Object(Illuminate\\Http\\Request), Object(Closure))
#43 C:\\Users\\Admin\\Desktop\\Sathish\\Projects\\LMS\\lms-backend\\vendor\\laravel\\framework\\src\\Illuminate\\Foundation\\Http\\Middleware\\PreventRequestsDuringMaintenance.php(99): Illuminate\\Pipeline\\Pipeline->Illuminate\\Pipeline\\{closure}(Object(Illuminate\\Http\\Request))
#44 C:\\Users\\Admin\\Desktop\\Sathish\\Projects\\LMS\\lms-backend\\vendor\\laravel\\framework\\src\\Illuminate\\Pipeline\\Pipeline.php(183): Illuminate\\Foundation\\Http\\Middleware\\PreventRequestsDuringMaintenance->handle(Object(Illuminate\\Http\\Request), Object(Closure))
#45 C:\\Users\\Admin\\Desktop\\Sathish\\Projects\\LMS\\lms-backend\\vendor\\laravel\\framework\\src\\Illuminate\\Http\\Middleware\\HandleCors.php(62): Illuminate\\Pipeline\\Pipeline->Illuminate\\Pipeline\\{closure}(Object(Illuminate\\Http\\Request))
#46 C:\\Users\\Admin\\Desktop\\Sathish\\Projects\\LMS\\lms-backend\\vendor\\laravel\\framework\\src\\Illuminate\\Pipeline\\Pipeline.php(183): Illuminate\\Http\\Middleware\\HandleCors->handle(Object(Illuminate\\Http\\Request), Object(Closure))
#47 C:\\Users\\Admin\\Desktop\\Sathish\\Projects\\LMS\\lms-backend\\vendor\\laravel\\framework\\src\\Illuminate\\Http\\Middleware\\TrustProxies.php(39): Illuminate\\Pipeline\\Pipeline->Illuminate\\Pipeline\\{closure}(Object(Illuminate\\Http\\Request))
#48 C:\\Users\\Admin\\Desktop\\Sathish\\Projects\\LMS\\lms-backend\\vendor\\laravel\\framework\\src\\Illuminate\\Pipeline\\Pipeline.php(183): Illuminate\\Http\\Middleware\\TrustProxies->handle(Object(Illuminate\\Http\\Request), Object(Closure))
#49 C:\\Users\\Admin\\Desktop\\Sathish\\Projects\\LMS\\lms-backend\\vendor\\laravel\\framework\\src\\Illuminate\\Pipeline\\Pipeline.php(119): Illuminate\\Pipeline\\Pipeline->Illuminate\\Pipeline\\{closure}(Object(Illuminate\\Http\\Request))
#50 C:\\Users\\Admin\\Desktop\\Sathish\\Projects\\LMS\\lms-backend\\vendor\\laravel\\framework\\src\\Illuminate\\Foundation\\Http\\Kernel.php(175): Illuminate\\Pipeline\\Pipeline->then(Object(Closure))
#51 C:\\Users\\Admin\\Desktop\\Sathish\\Projects\\LMS\\lms-backend\\vendor\\laravel\\framework\\src\\Illuminate\\Foundation\\Http\\Kernel.php(144): Illuminate\\Foundation\\Http\\Kernel->sendRequestThroughRouter(Object(Illuminate\\Http\\Request))
#52 C:\\Users\\Admin\\Desktop\\Sathish\\Projects\\LMS\\lms-backend\\public\\index.php(7): Illuminate\\Foundation\\Http\\Kernel->handle(Object(Illuminate\\Http\\Request))
#53 C:\\Users\\Admin\\Desktop\\Sathish\\Projects\\LMS\\lms-backend\\vendor\\laravel\\framework\\src\\Illuminate\\Foundation\\resources\\server.php(16): require_once('C:\\\\Users\\\\Admin\\\\...')
#54 {main}

[previous exception] [object] (ReflectionException(code: -1): Class \"App\\Http\\Controllers\\Api\\Admin\\SettingsAdminController\" does not exist at C:\\Users\\Admin\\Desktop\\Sathish\\Projects\\LMS\\lms-backend\\vendor\\laravel\\framework\\src\\Illuminate\\Container\\Container.php:912)
[stacktrace]
#0 C:\\Users\\Admin\\Desktop\\Sathish\\Projects\\LMS\\lms-backend\\vendor\\laravel\\framework\\src\\Illuminate\\Container\\Container.php(912): ReflectionClass->__construct('App\\\\Http\\\\Contro...')
#1 C:\\Users\\Admin\\Desktop\\Sathish\\Projects\\LMS\\lms-backend\\vendor\\laravel\\framework\\src\\Illuminate\\Container\\Container.php(795): Illuminate\\Container\\Container->build('App\\\\Http\\\\Contro...')
#2 C:\\Users\\Admin\\Desktop\\Sathish\\Projects\\LMS\\lms-backend\\vendor\\laravel\\framework\\src\\Illuminate\\Foundation\\Application.php(986): Illuminate\\Container\\Container->resolve('App\\\\Http\\\\Contro...', Array, true)
#3 C:\\Users\\Admin\\Desktop\\Sathish\\Projects\\LMS\\lms-backend\\vendor\\laravel\\framework\\src\\Illuminate\\Container\\Container.php(731): Illuminate\\Foundation\\Application->resolve('App\\\\Http\\\\Contro...', Array)
#4 C:\\Users\\Admin\\Desktop\\Sathish\\Projects\\LMS\\lms-backend\\vendor\\laravel\\framework\\src\\Illuminate\\Foundation\\Application.php(971): Illuminate\\Container\\Container->make('App\\\\Http\\\\Contro...', Array)
#5 C:\\Users\\Admin\\Desktop\\Sathish\\Projects\\LMS\\lms-backend\\vendor\\laravel\\framework\\src\\Illuminate\\Routing\\Route.php(278): Illuminate\\Foundation\\Application->make('App\\\\Http\\\\Contro...')
#6 C:\\Users\\Admin\\Desktop\\Sathish\\Projects\\LMS\\lms-backend\\vendor\\laravel\\framework\\src\\Illuminate\\Routing\\Route.php(260): Illuminate\\Routing\\Route->getController()
#7 C:\\Users\\Admin\\Desktop\\Sathish\\Projects\\LMS\\lms-backend\\vendor\\laravel\\framework\\src\\Illuminate\\Routing\\Route.php(205): Illuminate\\Routing\\Route->runController()
#8 C:\\Users\\Admin\\Desktop\\Sathish\\Projects\\LMS\\lms-backend\\vendor\\laravel\\framework\\src\\Illuminate\\Routing\\Router.php(806): Illuminate\\Routing\\Route->run()
#9 C:\\Users\\Admin\\Desktop\\Sathish\\Projects\\LMS\\lms-backend\\vendor\\laravel\\framework\\src\\Illuminate\\Pipeline\\Pipeline.php(144): Illuminate\\Routing\\Router->Illuminate\\Routing\\{closure}(Object(Illuminate\\Http\\Request))
#10 C:\\Users\\Admin\\Desktop\\Sathish\\Projects\\LMS\\lms-backend\\app\\Http\\Middleware\\EnsureRole.php(17): Illuminate\\Pipeline\\Pipeline->Illuminate\\Pipeline\\{closure}(Object(Illuminate\\Http\\Request))
#11 C:\\Users\\Admin\\Desktop\\Sathish\\Projects\\LMS\\lms-backend\\vendor\\laravel\\framework\\src\\Illuminate\\Pipeline\\Pipeline.php(183): App\\Http\\Middleware\\EnsureRole->handle(Object(Illuminate\\Http\\Request), Object(Closure), 'admin')
#12 C:\\Users\\Admin\\Desktop\\Sathish\\Projects\\LMS\\lms-backend\\app\\Http\\Middleware\\ResolveTenant.php(56): Illuminate\\Pipeline\\Pipeline->Illuminate\\Pipeline\\{closure}(Object(Illuminate\\Http\\Request))
#13 C:\\Users\\Admin\\Desktop\\Sathish\\Projects\\LMS\\lms-backend\\vendor\\laravel\\framework\\src\\Illuminate\\Pipeline\\Pipeline.php(183): App\\Http\\Middleware\\ResolveTenant->handle(Object(Illuminate\\Http\\Request), Object(Closure))
#14 C:\\Users\\Admin\\Desktop\\Sathish\\Projects\\LMS\\lms-backend\\vendor\\laravel\\framework\\src\\Illuminate\\Routing\\Middleware\\SubstituteBindings.php(50): Illuminate\\Pipeline\\Pipeline->Illuminate\\Pipeline\\{closure}(Object(Illuminate\\Http\\Request))
#15 C:\\Users\\Admin\\Desktop\\Sathish\\Projects\\LMS\\lms-backend\\vendor\\laravel\\framework\\src\\Illuminate\\Pipeline\\Pipeline.php(183): Illuminate\\Routing\\Middleware\\SubstituteBindings->handle(Object(Illuminate\\Http\\Request), Object(Closure))
#16 C:\\Users\\Admin\\Desktop\\Sathish\\Projects\\LMS\\lms-backend\\vendor\\laravel\\framework\\src\\Illuminate\\Auth\\Middleware\\Authenticate.php(57): Illuminate\\Pipeline\\Pipeline->Illuminate\\Pipeline\\{closure}(Object(Illuminate\\Http\\Request))
#17 C:\\Users\\Admin\\Desktop\\Sathish\\Projects\\LMS\\lms-backend\\vendor\\laravel\\framework\\src\\Illuminate\\Pipeline\\Pipeline.php(183): Illuminate\\Auth\\Middleware\\Authenticate->handle(Object(Illuminate\\Http\\Request), Object(Closure))
#18 C:\\Users\\Admin\\Desktop\\Sathish\\Projects\\LMS\\lms-backend\\vendor\\laravel\\framework\\src\\Illuminate\\Foundation\\Http\\Middleware\\VerifyCsrfToken.php(78): Illuminate\\Pipeline\\Pipeline->Illuminate\\Pipeline\\{closure}(Object(Illuminate\\Http\\Request))
#19 C:\\Users\\Admin\\Desktop\\Sathish\\Projects\\LMS\\lms-backend\\vendor\\laravel\\framework\\src\\Illuminate\\Pipeline\\Pipeline.php(183): Illuminate\\Foundation\\Http\\Middleware\\VerifyCsrfToken->handle(Object(Illuminate\\Http\\Request), Object(Closure))
#20 C:\\Users\\Admin\\Desktop\\Sathish\\Projects\\LMS\\lms-backend\\vendor\\laravel\\framework\\src\\Illuminate\\View\\Middleware\\ShareErrorsFromSession.php(49): Illuminate\\Pipeline\\Pipeline->Illuminate\\Pipeline\\{closure}(Object(Illuminate\\Http\\Request))
#21 C:\\Users\\Admin\\Desktop\\Sathish\\Projects\\LMS\\lms-backend\\vendor\\laravel\\framework\\src\\Illuminate\\Pipeline\\Pipeline.php(183): Illuminate\\View\\Middleware\\ShareErrorsFromSession->handle(Object(Illuminate\\Http\\Request), Object(Closure))
#22 C:\\Users\\Admin\\Desktop\\Sathish\\Projects\\LMS\\lms-backend\\vendor\\laravel\\framework\\src\\Illuminate\\Session\\Middleware\\StartSession.php(121): Illuminate\\Pipeline\\Pipeline->Illuminate\\Pipeline\\{closure}(Object(Illuminate\\Http\\Request))
#23 C:\\Users\\Admin\\Desktop\\Sathish\\Projects\\LMS\\lms-backend\\vendor\\laravel\\framework\\src\\Illuminate\\Session\\Middleware\\StartSession.php(64): Illuminate\\Session\\Middleware\\StartSession->handleStatefulRequest(Object(Illuminate\\Http\\Request), Object(Illuminate\\Session\\Store), Object(Closure))
#24 C:\\Users\\Admin\\Desktop\\Sathish\\Projects\\LMS\\lms-backend\\vendor\\laravel\\framework\\src\\Illuminate\\Pipeline\\Pipeline.php(183): Illuminate\\Session\\Middleware\\StartSession->handle(Object(Illuminate\\Http\\Request), Object(Closure))
#25 C:\\Users\\Admin\\Desktop\\Sathish\\Projects\\LMS\\lms-backend\\vendor\\laravel\\framework\\src\\Illuminate\\Cookie\\Middleware\\AddQueuedCookiesToResponse.php(37): Illuminate\\Pipeline\\Pipeline->Illuminate\\Pipeline\\{closure}(Object(Illuminate\\Http\\Request))
#26 C:\\Users\\Admin\\Desktop\\Sathish\\Projects\\LMS\\lms-backend\\vendor\\laravel\\framework\\src\\Illuminate\\Pipeline\\Pipeline.php(183): Illuminate\\Cookie\\Middleware\\AddQueuedCookiesToResponse->handle(Object(Illuminate\\Http\\Request), Object(Closure))
#27 C:\\Users\\Admin\\Desktop\\Sathish\\Projects\\LMS\\lms-backend\\vendor\\laravel\\framework\\src\\Illuminate\\Cookie\\Middleware\\EncryptCookies.php(67): Illuminate\\Pipeline\\Pipeline->Illuminate\\Pipeline\\{closure}(Object(Illuminate\\Http\\Request))
#28 C:\\Users\\Admin\\Desktop\\Sathish\\Projects\\LMS\\lms-backend\\vendor\\laravel\\framework\\src\\Illuminate\\Pipeline\\Pipeline.php(183): Illuminate\\Cookie\\Middleware\\EncryptCookies->handle(Object(Illuminate\\Http\\Request), Object(Closure))
#29 C:\\Users\\Admin\\Desktop\\Sathish\\Projects\\LMS\\lms-backend\\vendor\\laravel\\framework\\src\\Illuminate\\Pipeline\\Pipeline.php(119): Illuminate\\Pipeline\\Pipeline->Illuminate\\Pipeline\\{closure}(Object(Illuminate\\Http\\Request))
#30 C:\\Users\\Admin\\Desktop\\Sathish\\Projects\\LMS\\lms-backend\\vendor\\laravel\\framework\\src\\Illuminate\\Routing\\Router.php(807): Illuminate\\Pipeline\\Pipeline->then(Object(Closure))
#31 C:\\Users\\Admin\\Desktop\\Sathish\\Projects\\LMS\\lms-backend\\vendor\\laravel\\framework\\src\\Illuminate\\Routing\\Router.php(784): Illuminate\\Routing\\Router->runRouteWithinStack(Object(Illuminate\\Routing\\Route), Object(Illuminate\\Http\\Request))
#32 C:\\Users\\Admin\\Desktop\\Sathish\\Projects\\LMS\\lms-backend\\vendor\\laravel\\framework\\src\\Illuminate\\Routing\\Router.php(748): Illuminate\\Routing\\Router->runRoute(Object(Illuminate\\Http\\Request), Object(Illuminate\\Routing\\Route))
#33 C:\\Users\\Admin\\Desktop\\Sathish\\Projects\\LMS\\lms-backend\\vendor\\laravel\\framework\\src\\Illuminate\\Routing\\Router.php(737): Illuminate\\Routing\\Router->dispatchToRoute(Object(Illuminate\\Http\\Request))
#34 C:\\Users\\Admin\\Desktop\\Sathish\\Projects\\LMS\\lms-backend\\vendor\\laravel\\framework\\src\\Illuminate\\Foundation\\Http\\Kernel.php(200): Illuminate\\Routing\\Router->dispatch(Object(Illuminate\\Http\\Request))
#35 C:\\Users\\Admin\\Desktop\\Sathish\\Projects\\LMS\\lms-backend\\vendor\\laravel\\framework\\src\\Illuminate\\Pipeline\\Pipeline.php(144): Illuminate\\Foundation\\Http\\Kernel->Illuminate\\Foundation\\Http\\{closure}(Object(Illuminate\\Http\\Request))
#36 C:\\Users\\Admin\\Desktop\\Sathish\\Projects\\LMS\\lms-backend\\vendor\\laravel\\framework\\src\\Illuminate\\Foundation\\Http\\Middleware\\TransformsRequest.php(21): Illuminate\\Pipeline\\Pipeline->Illuminate\\Pipeline\\{closure}(Object(Illuminate\\Http\\Request))
#37 C:\\Users\\Admin\\Desktop\\Sathish\\Projects\\LMS\\lms-backend\\vendor\\laravel\\framework\\src\\Illuminate\\Foundation\\Http\\Middleware\\ConvertEmptyStringsToNull.php(31): Illuminate\\Foundation\\Http\\Middleware\\TransformsRequest->handle(Object(Illuminate\\Http\\Request), Object(Closure))
#38 C:\\Users\\Admin\\Desktop\\Sathish\\Projects\\LMS\\lms-backend\\vendor\\laravel\\framework\\src\\Illuminate\\Pipeline\\Pipeline.php(183): Illuminate\\Foundation\\Http\\Middleware\\ConvertEmptyStringsToNull->handle(Object(Illuminate\\Http\\Request), Object(Closure))
#39 C:\\Users\\Admin\\Desktop\\Sathish\\Projects\\LMS\\lms-backend\\vendor\\laravel\\framework\\src\\Illuminate\\Foundation\\Http\\Middleware\\TransformsRequest.php(21): Illuminate\\Pipeline\\Pipeline->Illuminate\\Pipeline\\{closure}(Object(Illuminate\\Http\\Request))
#40 C:\\Users\\Admin\\Desktop\\Sathish\\Projects\\LMS\\lms-backend\\vendor\\laravel\\framework\\src\\Illuminate\\Foundation\\Http\\Middleware\\TrimStrings.php(40): Illuminate\\Foundation\\Http\\Middleware\\TransformsRequest->handle(Object(Illuminate\\Http\\Request), Object(Closure))
#41 C:\\Users\\Admin\\Desktop\\Sathish\\Projects\\LMS\\lms-backend\\vendor\\laravel\\framework\\src\\Illuminate\\Pipeline\\Pipeline.php(183): Illuminate\\Foundation\\Http\\Middleware\\TrimStrings->handle(Object(Illuminate\\Http\\Request), Object(Closure))
#42 C:\\Users\\Admin\\Desktop\\Sathish\\Projects\\LMS\\lms-backend\\vendor\\laravel\\framework\\src\\Illuminate\\Foundation\\Http\\Middleware\\ValidatePostSize.php(27): Illuminate\\Pipeline\\Pipeline->Illuminate\\Pipeline\\{closure}(Object(Illuminate\\Http\\Request))
#43 C:\\Users\\Admin\\Desktop\\Sathish\\Projects\\LMS\\lms-backend\\vendor\\laravel\\framework\\src\\Illuminate\\Pipeline\\Pipeline.php(183): Illuminate\\Foundation\\Http\\Middleware\\ValidatePostSize->handle(Object(Illuminate\\Http\\Request), Object(Closure))
#44 C:\\Users\\Admin\\Desktop\\Sathish\\Projects\\LMS\\lms-backend\\vendor\\laravel\\framework\\src\\Illuminate\\Foundation\\Http\\Middleware\\PreventRequestsDuringMaintenance.php(99): Illuminate\\Pipeline\\Pipeline->Illuminate\\Pipeline\\{closure}(Object(Illuminate\\Http\\Request))
#45 C:\\Users\\Admin\\Desktop\\Sathish\\Projects\\LMS\\lms-backend\\vendor\\laravel\\framework\\src\\Illuminate\\Pipeline\\Pipeline.php(183): Illuminate\\Foundation\\Http\\Middleware\\PreventRequestsDuringMaintenance->handle(Object(Illuminate\\Http\\Request), Object(Closure))
#46 C:\\Users\\Admin\\Desktop\\Sathish\\Projects\\LMS\\lms-backend\\vendor\\laravel\\framework\\src\\Illuminate\\Http\\Middleware\\HandleCors.php(62): Illuminate\\Pipeline\\Pipeline->Illuminate\\Pipeline\\{closure}(Object(Illuminate\\Http\\Request))
#47 C:\\Users\\Admin\\Desktop\\Sathish\\Projects\\LMS\\lms-backend\\vendor\\laravel\\framework\\src\\Illuminate\\Pipeline\\Pipeline.php(183): Illuminate\\Http\\Middleware\\HandleCors->handle(Object(Illuminate\\Http\\Request), Object(Closure))
#48 C:\\Users\\Admin\\Desktop\\Sathish\\Projects\\LMS\\lms-backend\\vendor\\laravel\\framework\\src\\Illuminate\\Http\\Middleware\\TrustProxies.php(39): Illuminate\\Pipeline\\Pipeline->Illuminate\\Pipeline\\{closure}(Object(Illuminate\\Http\\Request))
#49 C:\\Users\\Admin\\Desktop\\Sathish\\Projects\\LMS\\lms-backend\\vendor\\laravel\\framework\\src\\Illuminate\\Pipeline\\Pipeline.php(183): Illuminate\\Http\\Middleware\\TrustProxies->handle(Object(Illuminate\\Http\\Request), Object(Closure))
#50 C:\\Users\\Admin\\Desktop\\Sathish\\Projects\\LMS\\lms-backend\\vendor\\laravel\\framework\\src\\Illuminate\\Pipeline\\Pipeline.php(119): Illuminate\\Pipeline\\Pipeline->Illuminate\\Pipeline\\{closure}(Object(Illuminate\\Http\\Request))
#51 C:\\Users\\Admin\\Desktop\\Sathish\\Projects\\LMS\\lms-backend\\vendor\\laravel\\framework\\src\\Illuminate\\Foundation\\Http\\Kernel.php(175): Illuminate\\Pipeline\\Pipeline->then(Object(Closure))
#52 C:\\Users\\Admin\\Desktop\\Sathish\\Projects\\LMS\\lms-backend\\vendor\\laravel\\framework\\src\\Illuminate\\Foundation\\Http\\Kernel.php(144): Illuminate\\Foundation\\Http\\Kernel->sendRequestThroughRouter(Object(Illuminate\\Http\\Request))
#53 C:\\Users\\Admin\\Desktop\\Sathish\\Projects\\LMS\\lms-backend\\public\\index.php(7): Illuminate\\Foundation\\Http\\Kernel->handle(Object(Illuminate\\Http\\Request))
#54 C:\\Users\\Admin\\Desktop\\Sathish\\Projects\\LMS\\lms-backend\\vendor\\laravel\\framework\\src\\Illuminate\\Foundation\\resources\\server.php(16): require_once('C:\\\\Users\\\\Admin\\\\...')
#55 {main}
"} 
[2025-12-29 11:03:37] local.ERROR: Target class [App\Http\Controllers\Api\Admin\EnrollmentsAdminController] does not exist. {"userId":1,"exception":"[object] (Illuminate\\Contracts\\Container\\BindingResolutionException(code: 0): Target class [App\\Http\\Controllers\\Api\\Admin\\EnrollmentsAdminController] does not exist. at C:\\Users\\Admin\\Desktop\\Sathish\\Projects\\LMS\\lms-backend\\vendor\\laravel\\framework\\src\\Illuminate\\Container\\Container.php:914)
[stacktrace]
#0 C:\\Users\\Admin\\Desktop\\Sathish\\Projects\\LMS\\lms-backend\\vendor\\laravel\\framework\\src\\Illuminate\\Container\\Container.php(795): Illuminate\\Container\\Container->build('App\\\\Http\\\\Contro...')
#1 C:\\Users\\Admin\\Desktop\\Sathish\\Projects\\LMS\\lms-backend\\vendor\\laravel\\framework\\src\\Illuminate\\Foundation\\Application.php(986): Illuminate\\Container\\Container->resolve('App\\\\Http\\\\Contro...', Array, true)
#2 C:\\Users\\Admin\\Desktop\\Sathish\\Projects\\LMS\\lms-backend\\vendor\\laravel\\framework\\src\\Illuminate\\Container\\Container.php(731): Illuminate\\Foundation\\Application->resolve('App\\\\Http\\\\Contro...', Array)
#3 C:\\Users\\Admin\\Desktop\\Sathish\\Projects\\LMS\\lms-backend\\vendor\\laravel\\framework\\src\\Illuminate\\Foundation\\Application.php(971): Illuminate\\Container\\Container->make('App\\\\Http\\\\Contro...', Array)
#4 C:\\Users\\Admin\\Desktop\\Sathish\\Projects\\LMS\\lms-backend\\vendor\\laravel\\framework\\src\\Illuminate\\Routing\\Route.php(278): Illuminate\\Foundation\\Application->make('App\\\\Http\\\\Contro...')
#5 C:\\Users\\Admin\\Desktop\\Sathish\\Projects\\LMS\\lms-backend\\vendor\\laravel\\framework\\src\\Illuminate\\Routing\\Route.php(260): Illuminate\\Routing\\Route->getController()
#6 C:\\Users\\Admin\\Desktop\\Sathish\\Projects\\LMS\\lms-backend\\vendor\\laravel\\framework\\src\\Illuminate\\Routing\\Route.php(205): Illuminate\\Routing\\Route->runController()
#7 C:\\Users\\Admin\\Desktop\\Sathish\\Projects\\LMS\\lms-backend\\vendor\\laravel\\framework\\src\\Illuminate\\Routing\\Router.php(806): Illuminate\\Routing\\Route->run()
#8 C:\\Users\\Admin\\Desktop\\Sathish\\Projects\\LMS\\lms-backend\\vendor\\laravel\\framework\\src\\Illuminate\\Pipeline\\Pipeline.php(144): Illuminate\\Routing\\Router->Illuminate\\Routing\\{closure}(Object(Illuminate\\Http\\Request))
#9 C:\\Users\\Admin\\Desktop\\Sathish\\Projects\\LMS\\lms-backend\\app\\Http\\Middleware\\EnsureRole.php(17): Illuminate\\Pipeline\\Pipeline->Illuminate\\Pipeline\\{closure}(Object(Illuminate\\Http\\Request))
#10 C:\\Users\\Admin\\Desktop\\Sathish\\Projects\\LMS\\lms-backend\\vendor\\laravel\\framework\\src\\Illuminate\\Pipeline\\Pipeline.php(183): App\\Http\\Middleware\\EnsureRole->handle(Object(Illuminate\\Http\\Request), Object(Closure), 'admin')
#11 C:\\Users\\Admin\\Desktop\\Sathish\\Projects\\LMS\\lms-backend\\app\\Http\\Middleware\\ResolveTenant.php(56): Illuminate\\Pipeline\\Pipeline->Illuminate\\Pipeline\\{closure}(Object(Illuminate\\Http\\Request))
#12 C:\\Users\\Admin\\Desktop\\Sathish\\Projects\\LMS\\lms-backend\\vendor\\laravel\\framework\\src\\Illuminate\\Pipeline\\Pipeline.php(183): App\\Http\\Middleware\\ResolveTenant->handle(Object(Illuminate\\Http\\Request), Object(Closure))
#13 C:\\Users\\Admin\\Desktop\\Sathish\\Projects\\LMS\\lms-backend\\vendor\\laravel\\framework\\src\\Illuminate\\Routing\\Middleware\\SubstituteBindings.php(50): Illuminate\\Pipeline\\Pipeline->Illuminate\\Pipeline\\{closure}(Object(Illuminate\\Http\\Request))
#14 C:\\Users\\Admin\\Desktop\\Sathish\\Projects\\LMS\\lms-backend\\vendor\\laravel\\framework\\src\\Illuminate\\Pipeline\\Pipeline.php(183): Illuminate\\Routing\\Middleware\\SubstituteBindings->handle(Object(Illuminate\\Http\\Request), Object(Closure))
#15 C:\\Users\\Admin\\Desktop\\Sathish\\Projects\\LMS\\lms-backend\\vendor\\laravel\\framework\\src\\Illuminate\\Auth\\Middleware\\Authenticate.php(57): Illuminate\\Pipeline\\Pipeline->Illuminate\\Pipeline\\{closure}(Object(Illuminate\\Http\\Request))
#16 C:\\Users\\Admin\\Desktop\\Sathish\\Projects\\LMS\\lms-backend\\vendor\\laravel\\framework\\src\\Illuminate\\Pipeline\\Pipeline.php(183): Illuminate\\Auth\\Middleware\\Authenticate->handle(Object(Illuminate\\Http\\Request), Object(Closure))
#17 C:\\Users\\Admin\\Desktop\\Sathish\\Projects\\LMS\\lms-backend\\vendor\\laravel\\framework\\src\\Illuminate\\Foundation\\Http\\Middleware\\VerifyCsrfToken.php(78): Illuminate\\Pipeline\\Pipeline->Illuminate\\Pipeline\\{closure}(Object(Illuminate\\Http\\Request))
#18 C:\\Users\\Admin\\Desktop\\Sathish\\Projects\\LMS\\lms-backend\\vendor\\laravel\\framework\\src\\Illuminate\\Pipeline\\Pipeline.php(183): Illuminate\\Foundation\\Http\\Middleware\\VerifyCsrfToken->handle(Object(Illuminate\\Http\\Request), Object(Closure))
#19 C:\\Users\\Admin\\Desktop\\Sathish\\Projects\\LMS\\lms-backend\\vendor\\laravel\\framework\\src\\Illuminate\\View\\Middleware\\ShareErrorsFromSession.php(49): Illuminate\\Pipeline\\Pipeline->Illuminate\\Pipeline\\{closure}(Object(Illuminate\\Http\\Request))
#20 C:\\Users\\Admin\\Desktop\\Sathish\\Projects\\LMS\\lms-backend\\vendor\\laravel\\framework\\src\\Illuminate\\Pipeline\\Pipeline.php(183): Illuminate\\View\\Middleware\\ShareErrorsFromSession->handle(Object(Illuminate\\Http\\Request), Object(Closure))
#21 C:\\Users\\Admin\\Desktop\\Sathish\\Projects\\LMS\\lms-backend\\vendor\\laravel\\framework\\src\\Illuminate\\Session\\Middleware\\StartSession.php(121): Illuminate\\Pipeline\\Pipeline->Illuminate\\Pipeline\\{closure}(Object(Illuminate\\Http\\Request))
#22 C:\\Users\\Admin\\Desktop\\Sathish\\Projects\\LMS\\lms-backend\\vendor\\laravel\\framework\\src\\Illuminate\\Session\\Middleware\\StartSession.php(64): Illuminate\\Session\\Middleware\\StartSession->handleStatefulRequest(Object(Illuminate\\Http\\Request), Object(Illuminate\\Session\\Store), Object(Closure))
#23 C:\\Users\\Admin\\Desktop\\Sathish\\Projects\\LMS\\lms-backend\\vendor\\laravel\\framework\\src\\Illuminate\\Pipeline\\Pipeline.php(183): Illuminate\\Session\\Middleware\\StartSession->handle(Object(Illuminate\\Http\\Request), Object(Closure))
#24 C:\\Users\\Admin\\Desktop\\Sathish\\Projects\\LMS\\lms-backend\\vendor\\laravel\\framework\\src\\Illuminate\\Cookie\\Middleware\\AddQueuedCookiesToResponse.php(37): Illuminate\\Pipeline\\Pipeline->Illuminate\\Pipeline\\{closure}(Object(Illuminate\\Http\\Request))
#25 C:\\Users\\Admin\\Desktop\\Sathish\\Projects\\LMS\\lms-backend\\vendor\\laravel\\framework\\src\\Illuminate\\Pipeline\\Pipeline.php(183): Illuminate\\Cookie\\Middleware\\AddQueuedCookiesToResponse->handle(Object(Illuminate\\Http\\Request), Object(Closure))
#26 C:\\Users\\Admin\\Desktop\\Sathish\\Projects\\LMS\\lms-backend\\vendor\\laravel\\framework\\src\\Illuminate\\Cookie\\Middleware\\EncryptCookies.php(67): Illuminate\\Pipeline\\Pipeline->Illuminate\\Pipeline\\{closure}(Object(Illuminate\\Http\\Request))
#27 C:\\Users\\Admin\\Desktop\\Sathish\\Projects\\LMS\\lms-backend\\vendor\\laravel\\framework\\src\\Illuminate\\Pipeline\\Pipeline.php(183): Illuminate\\Cookie\\Middleware\\EncryptCookies->handle(Object(Illuminate\\Http\\Request), Object(Closure))
#28 C:\\Users\\Admin\\Desktop\\Sathish\\Projects\\LMS\\lms-backend\\vendor\\laravel\\framework\\src\\Illuminate\\Pipeline\\Pipeline.php(119): Illuminate\\Pipeline\\Pipeline->Illuminate\\Pipeline\\{closure}(Object(Illuminate\\Http\\Request))
#29 C:\\Users\\Admin\\Desktop\\Sathish\\Projects\\LMS\\lms-backend\\vendor\\laravel\\framework\\src\\Illuminate\\Routing\\Router.php(807): Illuminate\\Pipeline\\Pipeline->then(Object(Closure))
#30 C:\\Users\\Admin\\Desktop\\Sathish\\Projects\\LMS\\lms-backend\\vendor\\laravel\\framework\\src\\Illuminate\\Routing\\Router.php(784): Illuminate\\Routing\\Router->runRouteWithinStack(Object(Illuminate\\Routing\\Route), Object(Illuminate\\Http\\Request))
#31 C:\\Users\\Admin\\Desktop\\Sathish\\Projects\\LMS\\lms-backend\\vendor\\laravel\\framework\\src\\Illuminate\\Routing\\Router.php(748): Illuminate\\Routing\\Router->runRoute(Object(Illuminate\\Http\\Request), Object(Illuminate\\Routing\\Route))
#32 C:\\Users\\Admin\\Desktop\\Sathish\\Projects\\LMS\\lms-backend\\vendor\\laravel\\framework\\src\\Illuminate\\Routing\\Router.php(737): Illuminate\\Routing\\Router->dispatchToRoute(Object(Illuminate\\Http\\Request))
#33 C:\\Users\\Admin\\Desktop\\Sathish\\Projects\\LMS\\lms-backend\\vendor\\laravel\\framework\\src\\Illuminate\\Foundation\\Http\\Kernel.php(200): Illuminate\\Routing\\Router->dispatch(Object(Illuminate\\Http\\Request))
#34 C:\\Users\\Admin\\Desktop\\Sathish\\Projects\\LMS\\lms-backend\\vendor\\laravel\\framework\\src\\Illuminate\\Pipeline\\Pipeline.php(144): Illuminate\\Foundation\\Http\\Kernel->Illuminate\\Foundation\\Http\\{closure}(Object(Illuminate\\Http\\Request))
#35 C:\\Users\\Admin\\Desktop\\Sathish\\Projects\\LMS\\lms-backend\\vendor\\laravel\\framework\\src\\Illuminate\\Foundation\\Http\\Middleware\\TransformsRequest.php(21): Illuminate\\Pipeline\\Pipeline->Illuminate\\Pipeline\\{closure}(Object(Illuminate\\Http\\Request))
#36 C:\\Users\\Admin\\Desktop\\Sathish\\Projects\\LMS\\lms-backend\\vendor\\laravel\\framework\\src\\Illuminate\\Foundation\\Http\\Middleware\\ConvertEmptyStringsToNull.php(31): Illuminate\\Foundation\\Http\\Middleware\\TransformsRequest->handle(Object(Illuminate\\Http\\Request), Object(Closure))
#37 C:\\Users\\Admin\\Desktop\\Sathish\\Projects\\LMS\\lms-backend\\vendor\\laravel\\framework\\src\\Illuminate\\Pipeline\\Pipeline.php(183): Illuminate\\Foundation\\Http\\Middleware\\ConvertEmptyStringsToNull->handle(Object(Illuminate\\Http\\Request), Object(Closure))
#38 C:\\Users\\Admin\\Desktop\\Sathish\\Projects\\LMS\\lms-backend\\vendor\\laravel\\framework\\src\\Illuminate\\Foundation\\Http\\Middleware\\TransformsRequest.php(21): Illuminate\\Pipeline\\Pipeline->Illuminate\\Pipeline\\{closure}(Object(Illuminate\\Http\\Request))
#39 C:\\Users\\Admin\\Desktop\\Sathish\\Projects\\LMS\\lms-backend\\vendor\\laravel\\framework\\src\\Illuminate\\Foundation\\Http\\Middleware\\TrimStrings.php(40): Illuminate\\Foundation\\Http\\Middleware\\TransformsRequest->handle(Object(Illuminate\\Http\\Request), Object(Closure))
#40 C:\\Users\\Admin\\Desktop\\Sathish\\Projects\\LMS\\lms-backend\\vendor\\laravel\\framework\\src\\Illuminate\\Pipeline\\Pipeline.php(183): Illuminate\\Foundation\\Http\\Middleware\\TrimStrings->handle(Object(Illuminate\\Http\\Request), Object(Closure))
#41 C:\\Users\\Admin\\Desktop\\Sathish\\Projects\\LMS\\lms-backend\\vendor\\laravel\\framework\\src\\Illuminate\\Foundation\\Http\\Middleware\\ValidatePostSize.php(27): Illuminate\\Pipeline\\Pipeline->Illuminate\\Pipeline\\{closure}(Object(Illuminate\\Http\\Request))
#42 C:\\Users\\Admin\\Desktop\\Sathish\\Projects\\LMS\\lms-backend\\vendor\\laravel\\framework\\src\\Illuminate\\Pipeline\\Pipeline.php(183): Illuminate\\Foundation\\Http\\Middleware\\ValidatePostSize->handle(Object(Illuminate\\Http\\Request), Object(Closure))
#43 C:\\Users\\Admin\\Desktop\\Sathish\\Projects\\LMS\\lms-backend\\vendor\\laravel\\framework\\src\\Illuminate\\Foundation\\Http\\Middleware\\PreventRequestsDuringMaintenance.php(99): Illuminate\\Pipeline\\Pipeline->Illuminate\\Pipeline\\{closure}(Object(Illuminate\\Http\\Request))
#44 C:\\Users\\Admin\\Desktop\\Sathish\\Projects\\LMS\\lms-backend\\vendor\\laravel\\framework\\src\\Illuminate\\Pipeline\\Pipeline.php(183): Illuminate\\Foundation\\Http\\Middleware\\PreventRequestsDuringMaintenance->handle(Object(Illuminate\\Http\\Request), Object(Closure))
#45 C:\\Users\\Admin\\Desktop\\Sathish\\Projects\\LMS\\lms-backend\\vendor\\laravel\\framework\\src\\Illuminate\\Http\\Middleware\\HandleCors.php(62): Illuminate\\Pipeline\\Pipeline->Illuminate\\Pipeline\\{closure}(Object(Illuminate\\Http\\Request))
#46 C:\\Users\\Admin\\Desktop\\Sathish\\Projects\\LMS\\lms-backend\\vendor\\laravel\\framework\\src\\Illuminate\\Pipeline\\Pipeline.php(183): Illuminate\\Http\\Middleware\\HandleCors->handle(Object(Illuminate\\Http\\Request), Object(Closure))
#47 C:\\Users\\Admin\\Desktop\\Sathish\\Projects\\LMS\\lms-backend\\vendor\\laravel\\framework\\src\\Illuminate\\Http\\Middleware\\TrustProxies.php(39): Illuminate\\Pipeline\\Pipeline->Illuminate\\Pipeline\\{closure}(Object(Illuminate\\Http\\Request))
#48 C:\\Users\\Admin\\Desktop\\Sathish\\Projects\\LMS\\lms-backend\\vendor\\laravel\\framework\\src\\Illuminate\\Pipeline\\Pipeline.php(183): Illuminate\\Http\\Middleware\\TrustProxies->handle(Object(Illuminate\\Http\\Request), Object(Closure))
#49 C:\\Users\\Admin\\Desktop\\Sathish\\Projects\\LMS\\lms-backend\\vendor\\laravel\\framework\\src\\Illuminate\\Pipeline\\Pipeline.php(119): Illuminate\\Pipeline\\Pipeline->Illuminate\\Pipeline\\{closure}(Object(Illuminate\\Http\\Request))
#50 C:\\Users\\Admin\\Desktop\\Sathish\\Projects\\LMS\\lms-backend\\vendor\\laravel\\framework\\src\\Illuminate\\Foundation\\Http\\Kernel.php(175): Illuminate\\Pipeline\\Pipeline->then(Object(Closure))
#51 C:\\Users\\Admin\\Desktop\\Sathish\\Projects\\LMS\\lms-backend\\vendor\\laravel\\framework\\src\\Illuminate\\Foundation\\Http\\Kernel.php(144): Illuminate\\Foundation\\Http\\Kernel->sendRequestThroughRouter(Object(Illuminate\\Http\\Request))
#52 C:\\Users\\Admin\\Desktop\\Sathish\\Projects\\LMS\\lms-backend\\public\\index.php(7): Illuminate\\Foundation\\Http\\Kernel->handle(Object(Illuminate\\Http\\Request))
#53 C:\\Users\\Admin\\Desktop\\Sathish\\Projects\\LMS\\lms-backend\\vendor\\laravel\\framework\\src\\Illuminate\\Foundation\\resources\\server.php(16): require_once('C:\\\\Users\\\\Admin\\\\...')
#54 {main}

[previous exception] [object] (ReflectionException(code: -1): Class \"App\\Http\\Controllers\\Api\\Admin\\EnrollmentsAdminController\" does not exist at C:\\Users\\Admin\\Desktop\\Sathish\\Projects\\LMS\\lms-backend\\vendor\\laravel\\framework\\src\\Illuminate\\Container\\Container.php:912)
[stacktrace]
#0 C:\\Users\\Admin\\Desktop\\Sathish\\Projects\\LMS\\lms-backend\\vendor\\laravel\\framework\\src\\Illuminate\\Container\\Container.php(912): ReflectionClass->__construct('App\\\\Http\\\\Contro...')
#1 C:\\Users\\Admin\\Desktop\\Sathish\\Projects\\LMS\\lms-backend\\vendor\\laravel\\framework\\src\\Illuminate\\Container\\Container.php(795): Illuminate\\Container\\Container->build('App\\\\Http\\\\Contro...')
#2 C:\\Users\\Admin\\Desktop\\Sathish\\Projects\\LMS\\lms-backend\\vendor\\laravel\\framework\\src\\Illuminate\\Foundation\\Application.php(986): Illuminate\\Container\\Container->resolve('App\\\\Http\\\\Contro...', Array, true)
#3 C:\\Users\\Admin\\Desktop\\Sathish\\Projects\\LMS\\lms-backend\\vendor\\laravel\\framework\\src\\Illuminate\\Container\\Container.php(731): Illuminate\\Foundation\\Application->resolve('App\\\\Http\\\\Contro...', Array)
#4 C:\\Users\\Admin\\Desktop\\Sathish\\Projects\\LMS\\lms-backend\\vendor\\laravel\\framework\\src\\Illuminate\\Foundation\\Application.php(971): Illuminate\\Container\\Container->make('App\\\\Http\\\\Contro...', Array)
#5 C:\\Users\\Admin\\Desktop\\Sathish\\Projects\\LMS\\lms-backend\\vendor\\laravel\\framework\\src\\Illuminate\\Routing\\Route.php(278): Illuminate\\Foundation\\Application->make('App\\\\Http\\\\Contro...')
#6 C:\\Users\\Admin\\Desktop\\Sathish\\Projects\\LMS\\lms-backend\\vendor\\laravel\\framework\\src\\Illuminate\\Routing\\Route.php(260): Illuminate\\Routing\\Route->getController()
#7 C:\\Users\\Admin\\Desktop\\Sathish\\Projects\\LMS\\lms-backend\\vendor\\laravel\\framework\\src\\Illuminate\\Routing\\Route.php(205): Illuminate\\Routing\\Route->runController()
#8 C:\\Users\\Admin\\Desktop\\Sathish\\Projects\\LMS\\lms-backend\\vendor\\laravel\\framework\\src\\Illuminate\\Routing\\Router.php(806): Illuminate\\Routing\\Route->run()
#9 C:\\Users\\Admin\\Desktop\\Sathish\\Projects\\LMS\\lms-backend\\vendor\\laravel\\framework\\src\\Illuminate\\Pipeline\\Pipeline.php(144): Illuminate\\Routing\\Router->Illuminate\\Routing\\{closure}(Object(Illuminate\\Http\\Request))
#10 C:\\Users\\Admin\\Desktop\\Sathish\\Projects\\LMS\\lms-backend\\app\\Http\\Middleware\\EnsureRole.php(17): Illuminate\\Pipeline\\Pipeline->Illuminate\\Pipeline\\{closure}(Object(Illuminate\\Http\\Request))
#11 C:\\Users\\Admin\\Desktop\\Sathish\\Projects\\LMS\\lms-backend\\vendor\\laravel\\framework\\src\\Illuminate\\Pipeline\\Pipeline.php(183): App\\Http\\Middleware\\EnsureRole->handle(Object(Illuminate\\Http\\Request), Object(Closure), 'admin')
#12 C:\\Users\\Admin\\Desktop\\Sathish\\Projects\\LMS\\lms-backend\\app\\Http\\Middleware\\ResolveTenant.php(56): Illuminate\\Pipeline\\Pipeline->Illuminate\\Pipeline\\{closure}(Object(Illuminate\\Http\\Request))
#13 C:\\Users\\Admin\\Desktop\\Sathish\\Projects\\LMS\\lms-backend\\vendor\\laravel\\framework\\src\\Illuminate\\Pipeline\\Pipeline.php(183): App\\Http\\Middleware\\ResolveTenant->handle(Object(Illuminate\\Http\\Request), Object(Closure))
#14 C:\\Users\\Admin\\Desktop\\Sathish\\Projects\\LMS\\lms-backend\\vendor\\laravel\\framework\\src\\Illuminate\\Routing\\Middleware\\SubstituteBindings.php(50): Illuminate\\Pipeline\\Pipeline->Illuminate\\Pipeline\\{closure}(Object(Illuminate\\Http\\Request))
#15 C:\\Users\\Admin\\Desktop\\Sathish\\Projects\\LMS\\lms-backend\\vendor\\laravel\\framework\\src\\Illuminate\\Pipeline\\Pipeline.php(183): Illuminate\\Routing\\Middleware\\SubstituteBindings->handle(Object(Illuminate\\Http\\Request), Object(Closure))
#16 C:\\Users\\Admin\\Desktop\\Sathish\\Projects\\LMS\\lms-backend\\vendor\\laravel\\framework\\src\\Illuminate\\Auth\\Middleware\\Authenticate.php(57): Illuminate\\Pipeline\\Pipeline->Illuminate\\Pipeline\\{closure}(Object(Illuminate\\Http\\Request))
#17 C:\\Users\\Admin\\Desktop\\Sathish\\Projects\\LMS\\lms-backend\\vendor\\laravel\\framework\\src\\Illuminate\\Pipeline\\Pipeline.php(183): Illuminate\\Auth\\Middleware\\Authenticate->handle(Object(Illuminate\\Http\\Request), Object(Closure))
#18 C:\\Users\\Admin\\Desktop\\Sathish\\Projects\\LMS\\lms-backend\\vendor\\laravel\\framework\\src\\Illuminate\\Foundation\\Http\\Middleware\\VerifyCsrfToken.php(78): Illuminate\\Pipeline\\Pipeline->Illuminate\\Pipeline\\{closure}(Object(Illuminate\\Http\\Request))
#19 C:\\Users\\Admin\\Desktop\\Sathish\\Projects\\LMS\\lms-backend\\vendor\\laravel\\framework\\src\\Illuminate\\Pipeline\\Pipeline.php(183): Illuminate\\Foundation\\Http\\Middleware\\VerifyCsrfToken->handle(Object(Illuminate\\Http\\Request), Object(Closure))
#20 C:\\Users\\Admin\\Desktop\\Sathish\\Projects\\LMS\\lms-backend\\vendor\\laravel\\framework\\src\\Illuminate\\View\\Middleware\\ShareErrorsFromSession.php(49): Illuminate\\Pipeline\\Pipeline->Illuminate\\Pipeline\\{closure}(Object(Illuminate\\Http\\Request))
#21 C:\\Users\\Admin\\Desktop\\Sathish\\Projects\\LMS\\lms-backend\\vendor\\laravel\\framework\\src\\Illuminate\\Pipeline\\Pipeline.php(183): Illuminate\\View\\Middleware\\ShareErrorsFromSession->handle(Object(Illuminate\\Http\\Request), Object(Closure))
#22 C:\\Users\\Admin\\Desktop\\Sathish\\Projects\\LMS\\lms-backend\\vendor\\laravel\\framework\\src\\Illuminate\\Session\\Middleware\\StartSession.php(121): Illuminate\\Pipeline\\Pipeline->Illuminate\\Pipeline\\{closure}(Object(Illuminate\\Http\\Request))
#23 C:\\Users\\Admin\\Desktop\\Sathish\\Projects\\LMS\\lms-backend\\vendor\\laravel\\framework\\src\\Illuminate\\Session\\Middleware\\StartSession.php(64): Illuminate\\Session\\Middleware\\StartSession->handleStatefulRequest(Object(Illuminate\\Http\\Request), Object(Illuminate\\Session\\Store), Object(Closure))
#24 C:\\Users\\Admin\\Desktop\\Sathish\\Projects\\LMS\\lms-backend\\vendor\\laravel\\framework\\src\\Illuminate\\Pipeline\\Pipeline.php(183): Illuminate\\Session\\Middleware\\StartSession->handle(Object(Illuminate\\Http\\Request), Object(Closure))
#25 C:\\Users\\Admin\\Desktop\\Sathish\\Projects\\LMS\\lms-backend\\vendor\\laravel\\framework\\src\\Illuminate\\Cookie\\Middleware\\AddQueuedCookiesToResponse.php(37): Illuminate\\Pipeline\\Pipeline->Illuminate\\Pipeline\\{closure}(Object(Illuminate\\Http\\Request))
#26 C:\\Users\\Admin\\Desktop\\Sathish\\Projects\\LMS\\lms-backend\\vendor\\laravel\\framework\\src\\Illuminate\\Pipeline\\Pipeline.php(183): Illuminate\\Cookie\\Middleware\\AddQueuedCookiesToResponse->handle(Object(Illuminate\\Http\\Request), Object(Closure))
#27 C:\\Users\\Admin\\Desktop\\Sathish\\Projects\\LMS\\lms-backend\\vendor\\laravel\\framework\\src\\Illuminate\\Cookie\\Middleware\\EncryptCookies.php(67): Illuminate\\Pipeline\\Pipeline->Illuminate\\Pipeline\\{closure}(Object(Illuminate\\Http\\Request))
#28 C:\\Users\\Admin\\Desktop\\Sathish\\Projects\\LMS\\lms-backend\\vendor\\laravel\\framework\\src\\Illuminate\\Pipeline\\Pipeline.php(183): Illuminate\\Cookie\\Middleware\\EncryptCookies->handle(Object(Illuminate\\Http\\Request), Object(Closure))
#29 C:\\Users\\Admin\\Desktop\\Sathish\\Projects\\LMS\\lms-backend\\vendor\\laravel\\framework\\src\\Illuminate\\Pipeline\\Pipeline.php(119): Illuminate\\Pipeline\\Pipeline->Illuminate\\Pipeline\\{closure}(Object(Illuminate\\Http\\Request))
#30 C:\\Users\\Admin\\Desktop\\Sathish\\Projects\\LMS\\lms-backend\\vendor\\laravel\\framework\\src\\Illuminate\\Routing\\Router.php(807): Illuminate\\Pipeline\\Pipeline->then(Object(Closure))
#31 C:\\Users\\Admin\\Desktop\\Sathish\\Projects\\LMS\\lms-backend\\vendor\\laravel\\framework\\src\\Illuminate\\Routing\\Router.php(784): Illuminate\\Routing\\Router->runRouteWithinStack(Object(Illuminate\\Routing\\Route), Object(Illuminate\\Http\\Request))
#32 C:\\Users\\Admin\\Desktop\\Sathish\\Projects\\LMS\\lms-backend\\vendor\\laravel\\framework\\src\\Illuminate\\Routing\\Router.php(748): Illuminate\\Routing\\Router->runRoute(Object(Illuminate\\Http\\Request), Object(Illuminate\\Routing\\Route))
#33 C:\\Users\\Admin\\Desktop\\Sathish\\Projects\\LMS\\lms-backend\\vendor\\laravel\\framework\\src\\Illuminate\\Routing\\Router.php(737): Illuminate\\Routing\\Router->dispatchToRoute(Object(Illuminate\\Http\\Request))
#34 C:\\Users\\Admin\\Desktop\\Sathish\\Projects\\LMS\\lms-backend\\vendor\\laravel\\framework\\src\\Illuminate\\Foundation\\Http\\Kernel.php(200): Illuminate\\Routing\\Router->dispatch(Object(Illuminate\\Http\\Request))
#35 C:\\Users\\Admin\\Desktop\\Sathish\\Projects\\LMS\\lms-backend\\vendor\\laravel\\framework\\src\\Illuminate\\Pipeline\\Pipeline.php(144): Illuminate\\Foundation\\Http\\Kernel->Illuminate\\Foundation\\Http\\{closure}(Object(Illuminate\\Http\\Request))
#36 C:\\Users\\Admin\\Desktop\\Sathish\\Projects\\LMS\\lms-backend\\vendor\\laravel\\framework\\src\\Illuminate\\Foundation\\Http\\Middleware\\TransformsRequest.php(21): Illuminate\\Pipeline\\Pipeline->Illuminate\\Pipeline\\{closure}(Object(Illuminate\\Http\\Request))
#37 C:\\Users\\Admin\\Desktop\\Sathish\\Projects\\LMS\\lms-backend\\vendor\\laravel\\framework\\src\\Illuminate\\Foundation\\Http\\Middleware\\ConvertEmptyStringsToNull.php(31): Illuminate\\Foundation\\Http\\Middleware\\TransformsRequest->handle(Object(Illuminate\\Http\\Request), Object(Closure))
#38 C:\\Users\\Admin\\Desktop\\Sathish\\Projects\\LMS\\lms-backend\\vendor\\laravel\\framework\\src\\Illuminate\\Pipeline\\Pipeline.php(183): Illuminate\\Foundation\\Http\\Middleware\\ConvertEmptyStringsToNull->handle(Object(Illuminate\\Http\\Request), Object(Closure))
#39 C:\\Users\\Admin\\Desktop\\Sathish\\Projects\\LMS\\lms-backend\\vendor\\laravel\\framework\\src\\Illuminate\\Foundation\\Http\\Middleware\\TransformsRequest.php(21): Illuminate\\Pipeline\\Pipeline->Illuminate\\Pipeline\\{closure}(Object(Illuminate\\Http\\Request))
#40 C:\\Users\\Admin\\Desktop\\Sathish\\Projects\\LMS\\lms-backend\\vendor\\laravel\\framework\\src\\Illuminate\\Foundation\\Http\\Middleware\\TrimStrings.php(40): Illuminate\\Foundation\\Http\\Middleware\\TransformsRequest->handle(Object(Illuminate\\Http\\Request), Object(Closure))
#41 C:\\Users\\Admin\\Desktop\\Sathish\\Projects\\LMS\\lms-backend\\vendor\\laravel\\framework\\src\\Illuminate\\Pipeline\\Pipeline.php(183): Illuminate\\Foundation\\Http\\Middleware\\TrimStrings->handle(Object(Illuminate\\Http\\Request), Object(Closure))
#42 C:\\Users\\Admin\\Desktop\\Sathish\\Projects\\LMS\\lms-backend\\vendor\\laravel\\framework\\src\\Illuminate\\Foundation\\Http\\Middleware\\ValidatePostSize.php(27): Illuminate\\Pipeline\\Pipeline->Illuminate\\Pipeline\\{closure}(Object(Illuminate\\Http\\Request))
#43 C:\\Users\\Admin\\Desktop\\Sathish\\Projects\\LMS\\lms-backend\\vendor\\laravel\\framework\\src\\Illuminate\\Pipeline\\Pipeline.php(183): Illuminate\\Foundation\\Http\\Middleware\\ValidatePostSize->handle(Object(Illuminate\\Http\\Request), Object(Closure))
#44 C:\\Users\\Admin\\Desktop\\Sathish\\Projects\\LMS\\lms-backend\\vendor\\laravel\\framework\\src\\Illuminate\\Foundation\\Http\\Middleware\\PreventRequestsDuringMaintenance.php(99): Illuminate\\Pipeline\\Pipeline->Illuminate\\Pipeline\\{closure}(Object(Illuminate\\Http\\Request))
#45 C:\\Users\\Admin\\Desktop\\Sathish\\Projects\\LMS\\lms-backend\\vendor\\laravel\\framework\\src\\Illuminate\\Pipeline\\Pipeline.php(183): Illuminate\\Foundation\\Http\\Middleware\\PreventRequestsDuringMaintenance->handle(Object(Illuminate\\Http\\Request), Object(Closure))
#46 C:\\Users\\Admin\\Desktop\\Sathish\\Projects\\LMS\\lms-backend\\vendor\\laravel\\framework\\src\\Illuminate\\Http\\Middleware\\HandleCors.php(62): Illuminate\\Pipeline\\Pipeline->Illuminate\\Pipeline\\{closure}(Object(Illuminate\\Http\\Request))
#47 C:\\Users\\Admin\\Desktop\\Sathish\\Projects\\LMS\\lms-backend\\vendor\\laravel\\framework\\src\\Illuminate\\Pipeline\\Pipeline.php(183): Illuminate\\Http\\Middleware\\HandleCors->handle(Object(Illuminate\\Http\\Request), Object(Closure))
#48 C:\\Users\\Admin\\Desktop\\Sathish\\Projects\\LMS\\lms-backend\\vendor\\laravel\\framework\\src\\Illuminate\\Http\\Middleware\\TrustProxies.php(39): Illuminate\\Pipeline\\Pipeline->Illuminate\\Pipeline\\{closure}(Object(Illuminate\\Http\\Request))
#49 C:\\Users\\Admin\\Desktop\\Sathish\\Projects\\LMS\\lms-backend\\vendor\\laravel\\framework\\src\\Illuminate\\Pipeline\\Pipeline.php(183): Illuminate\\Http\\Middleware\\TrustProxies->handle(Object(Illuminate\\Http\\Request), Object(Closure))
#50 C:\\Users\\Admin\\Desktop\\Sathish\\Projects\\LMS\\lms-backend\\vendor\\laravel\\framework\\src\\Illuminate\\Pipeline\\Pipeline.php(119): Illuminate\\Pipeline\\Pipeline->Illuminate\\Pipeline\\{closure}(Object(Illuminate\\Http\\Request))
#51 C:\\Users\\Admin\\Desktop\\Sathish\\Projects\\LMS\\lms-backend\\vendor\\laravel\\framework\\src\\Illuminate\\Foundation\\Http\\Kernel.php(175): Illuminate\\Pipeline\\Pipeline->then(Object(Closure))
#52 C:\\Users\\Admin\\Desktop\\Sathish\\Projects\\LMS\\lms-backend\\vendor\\laravel\\framework\\src\\Illuminate\\Foundation\\Http\\Kernel.php(144): Illuminate\\Foundation\\Http\\Kernel->sendRequestThroughRouter(Object(Illuminate\\Http\\Request))
#53 C:\\Users\\Admin\\Desktop\\Sathish\\Projects\\LMS\\lms-backend\\public\\index.php(7): Illuminate\\Foundation\\Http\\Kernel->handle(Object(Illuminate\\Http\\Request))
#54 C:\\Users\\Admin\\Desktop\\Sathish\\Projects\\LMS\\lms-backend\\vendor\\laravel\\framework\\src\\Illuminate\\Foundation\\resources\\server.php(16): require_once('C:\\\\Users\\\\Admin\\\\...')
#55 {main}
"} 
[2025-12-29 11:03:58] local.ERROR: Target class [App\Http\Controllers\Api\Admin\CertificatesAdminController] does not exist. {"userId":1,"exception":"[object] (Illuminate\\Contracts\\Container\\BindingResolutionException(code: 0): Target class [App\\Http\\Controllers\\Api\\Admin\\CertificatesAdminController] does not exist. at C:\\Users\\Admin\\Desktop\\Sathish\\Projects\\LMS\\lms-backend\\vendor\\laravel\\framework\\src\\Illuminate\\Container\\Container.php:914)
[stacktrace]
#0 C:\\Users\\Admin\\Desktop\\Sathish\\Projects\\LMS\\lms-backend\\vendor\\laravel\\framework\\src\\Illuminate\\Container\\Container.php(795): Illuminate\\Container\\Container->build('App\\\\Http\\\\Contro...')
#1 C:\\Users\\Admin\\Desktop\\Sathish\\Projects\\LMS\\lms-backend\\vendor\\laravel\\framework\\src\\Illuminate\\Foundation\\Application.php(986): Illuminate\\Container\\Container->resolve('App\\\\Http\\\\Contro...', Array, true)
#2 C:\\Users\\Admin\\Desktop\\Sathish\\Projects\\LMS\\lms-backend\\vendor\\laravel\\framework\\src\\Illuminate\\Container\\Container.php(731): Illuminate\\Foundation\\Application->resolve('App\\\\Http\\\\Contro...', Array)
#3 C:\\Users\\Admin\\Desktop\\Sathish\\Projects\\LMS\\lms-backend\\vendor\\laravel\\framework\\src\\Illuminate\\Foundation\\Application.php(971): Illuminate\\Container\\Container->make('App\\\\Http\\\\Contro...', Array)
#4 C:\\Users\\Admin\\Desktop\\Sathish\\Projects\\LMS\\lms-backend\\vendor\\laravel\\framework\\src\\Illuminate\\Routing\\Route.php(278): Illuminate\\Foundation\\Application->make('App\\\\Http\\\\Contro...')
#5 C:\\Users\\Admin\\Desktop\\Sathish\\Projects\\LMS\\lms-backend\\vendor\\laravel\\framework\\src\\Illuminate\\Routing\\Route.php(260): Illuminate\\Routing\\Route->getController()
#6 C:\\Users\\Admin\\Desktop\\Sathish\\Projects\\LMS\\lms-backend\\vendor\\laravel\\framework\\src\\Illuminate\\Routing\\Route.php(205): Illuminate\\Routing\\Route->runController()
#7 C:\\Users\\Admin\\Desktop\\Sathish\\Projects\\LMS\\lms-backend\\vendor\\laravel\\framework\\src\\Illuminate\\Routing\\Router.php(806): Illuminate\\Routing\\Route->run()
#8 C:\\Users\\Admin\\Desktop\\Sathish\\Projects\\LMS\\lms-backend\\vendor\\laravel\\framework\\src\\Illuminate\\Pipeline\\Pipeline.php(144): Illuminate\\Routing\\Router->Illuminate\\Routing\\{closure}(Object(Illuminate\\Http\\Request))
#9 C:\\Users\\Admin\\Desktop\\Sathish\\Projects\\LMS\\lms-backend\\app\\Http\\Middleware\\EnsureRole.php(17): Illuminate\\Pipeline\\Pipeline->Illuminate\\Pipeline\\{closure}(Object(Illuminate\\Http\\Request))
#10 C:\\Users\\Admin\\Desktop\\Sathish\\Projects\\LMS\\lms-backend\\vendor\\laravel\\framework\\src\\Illuminate\\Pipeline\\Pipeline.php(183): App\\Http\\Middleware\\EnsureRole->handle(Object(Illuminate\\Http\\Request), Object(Closure), 'admin')
#11 C:\\Users\\Admin\\Desktop\\Sathish\\Projects\\LMS\\lms-backend\\app\\Http\\Middleware\\ResolveTenant.php(56): Illuminate\\Pipeline\\Pipeline->Illuminate\\Pipeline\\{closure}(Object(Illuminate\\Http\\Request))
#12 C:\\Users\\Admin\\Desktop\\Sathish\\Projects\\LMS\\lms-backend\\vendor\\laravel\\framework\\src\\Illuminate\\Pipeline\\Pipeline.php(183): App\\Http\\Middleware\\ResolveTenant->handle(Object(Illuminate\\Http\\Request), Object(Closure))
#13 C:\\Users\\Admin\\Desktop\\Sathish\\Projects\\LMS\\lms-backend\\vendor\\laravel\\framework\\src\\Illuminate\\Routing\\Middleware\\SubstituteBindings.php(50): Illuminate\\Pipeline\\Pipeline->Illuminate\\Pipeline\\{closure}(Object(Illuminate\\Http\\Request))
#14 C:\\Users\\Admin\\Desktop\\Sathish\\Projects\\LMS\\lms-backend\\vendor\\laravel\\framework\\src\\Illuminate\\Pipeline\\Pipeline.php(183): Illuminate\\Routing\\Middleware\\SubstituteBindings->handle(Object(Illuminate\\Http\\Request), Object(Closure))
#15 C:\\Users\\Admin\\Desktop\\Sathish\\Projects\\LMS\\lms-backend\\vendor\\laravel\\framework\\src\\Illuminate\\Auth\\Middleware\\Authenticate.php(57): Illuminate\\Pipeline\\Pipeline->Illuminate\\Pipeline\\{closure}(Object(Illuminate\\Http\\Request))
#16 C:\\Users\\Admin\\Desktop\\Sathish\\Projects\\LMS\\lms-backend\\vendor\\laravel\\framework\\src\\Illuminate\\Pipeline\\Pipeline.php(183): Illuminate\\Auth\\Middleware\\Authenticate->handle(Object(Illuminate\\Http\\Request), Object(Closure))
#17 C:\\Users\\Admin\\Desktop\\Sathish\\Projects\\LMS\\lms-backend\\vendor\\laravel\\framework\\src\\Illuminate\\Foundation\\Http\\Middleware\\VerifyCsrfToken.php(78): Illuminate\\Pipeline\\Pipeline->Illuminate\\Pipeline\\{closure}(Object(Illuminate\\Http\\Request))
#18 C:\\Users\\Admin\\Desktop\\Sathish\\Projects\\LMS\\lms-backend\\vendor\\laravel\\framework\\src\\Illuminate\\Pipeline\\Pipeline.php(183): Illuminate\\Foundation\\Http\\Middleware\\VerifyCsrfToken->handle(Object(Illuminate\\Http\\Request), Object(Closure))
#19 C:\\Users\\Admin\\Desktop\\Sathish\\Projects\\LMS\\lms-backend\\vendor\\laravel\\framework\\src\\Illuminate\\View\\Middleware\\ShareErrorsFromSession.php(49): Illuminate\\Pipeline\\Pipeline->Illuminate\\Pipeline\\{closure}(Object(Illuminate\\Http\\Request))
#20 C:\\Users\\Admin\\Desktop\\Sathish\\Projects\\LMS\\lms-backend\\vendor\\laravel\\framework\\src\\Illuminate\\Pipeline\\Pipeline.php(183): Illuminate\\View\\Middleware\\ShareErrorsFromSession->handle(Object(Illuminate\\Http\\Request), Object(Closure))
#21 C:\\Users\\Admin\\Desktop\\Sathish\\Projects\\LMS\\lms-backend\\vendor\\laravel\\framework\\src\\Illuminate\\Session\\Middleware\\StartSession.php(121): Illuminate\\Pipeline\\Pipeline->Illuminate\\Pipeline\\{closure}(Object(Illuminate\\Http\\Request))
#22 C:\\Users\\Admin\\Desktop\\Sathish\\Projects\\LMS\\lms-backend\\vendor\\laravel\\framework\\src\\Illuminate\\Session\\Middleware\\StartSession.php(64): Illuminate\\Session\\Middleware\\StartSession->handleStatefulRequest(Object(Illuminate\\Http\\Request), Object(Illuminate\\Session\\Store), Object(Closure))
#23 C:\\Users\\Admin\\Desktop\\Sathish\\Projects\\LMS\\lms-backend\\vendor\\laravel\\framework\\src\\Illuminate\\Pipeline\\Pipeline.php(183): Illuminate\\Session\\Middleware\\StartSession->handle(Object(Illuminate\\Http\\Request), Object(Closure))
#24 C:\\Users\\Admin\\Desktop\\Sathish\\Projects\\LMS\\lms-backend\\vendor\\laravel\\framework\\src\\Illuminate\\Cookie\\Middleware\\AddQueuedCookiesToResponse.php(37): Illuminate\\Pipeline\\Pipeline->Illuminate\\Pipeline\\{closure}(Object(Illuminate\\Http\\Request))
#25 C:\\Users\\Admin\\Desktop\\Sathish\\Projects\\LMS\\lms-backend\\vendor\\laravel\\framework\\src\\Illuminate\\Pipeline\\Pipeline.php(183): Illuminate\\Cookie\\Middleware\\AddQueuedCookiesToResponse->handle(Object(Illuminate\\Http\\Request), Object(Closure))
#26 C:\\Users\\Admin\\Desktop\\Sathish\\Projects\\LMS\\lms-backend\\vendor\\laravel\\framework\\src\\Illuminate\\Cookie\\Middleware\\EncryptCookies.php(67): Illuminate\\Pipeline\\Pipeline->Illuminate\\Pipeline\\{closure}(Object(Illuminate\\Http\\Request))
#27 C:\\Users\\Admin\\Desktop\\Sathish\\Projects\\LMS\\lms-backend\\vendor\\laravel\\framework\\src\\Illuminate\\Pipeline\\Pipeline.php(183): Illuminate\\Cookie\\Middleware\\EncryptCookies->handle(Object(Illuminate\\Http\\Request), Object(Closure))
#28 C:\\Users\\Admin\\Desktop\\Sathish\\Projects\\LMS\\lms-backend\\vendor\\laravel\\framework\\src\\Illuminate\\Pipeline\\Pipeline.php(119): Illuminate\\Pipeline\\Pipeline->Illuminate\\Pipeline\\{closure}(Object(Illuminate\\Http\\Request))
#29 C:\\Users\\Admin\\Desktop\\Sathish\\Projects\\LMS\\lms-backend\\vendor\\laravel\\framework\\src\\Illuminate\\Routing\\Router.php(807): Illuminate\\Pipeline\\Pipeline->then(Object(Closure))
#30 C:\\Users\\Admin\\Desktop\\Sathish\\Projects\\LMS\\lms-backend\\vendor\\laravel\\framework\\src\\Illuminate\\Routing\\Router.php(784): Illuminate\\Routing\\Router->runRouteWithinStack(Object(Illuminate\\Routing\\Route), Object(Illuminate\\Http\\Request))
#31 C:\\Users\\Admin\\Desktop\\Sathish\\Projects\\LMS\\lms-backend\\vendor\\laravel\\framework\\src\\Illuminate\\Routing\\Router.php(748): Illuminate\\Routing\\Router->runRoute(Object(Illuminate\\Http\\Request), Object(Illuminate\\Routing\\Route))
#32 C:\\Users\\Admin\\Desktop\\Sathish\\Projects\\LMS\\lms-backend\\vendor\\laravel\\framework\\src\\Illuminate\\Routing\\Router.php(737): Illuminate\\Routing\\Router->dispatchToRoute(Object(Illuminate\\Http\\Request))
#33 C:\\Users\\Admin\\Desktop\\Sathish\\Projects\\LMS\\lms-backend\\vendor\\laravel\\framework\\src\\Illuminate\\Foundation\\Http\\Kernel.php(200): Illuminate\\Routing\\Router->dispatch(Object(Illuminate\\Http\\Request))
#34 C:\\Users\\Admin\\Desktop\\Sathish\\Projects\\LMS\\lms-backend\\vendor\\laravel\\framework\\src\\Illuminate\\Pipeline\\Pipeline.php(144): Illuminate\\Foundation\\Http\\Kernel->Illuminate\\Foundation\\Http\\{closure}(Object(Illuminate\\Http\\Request))
#35 C:\\Users\\Admin\\Desktop\\Sathish\\Projects\\LMS\\lms-backend\\vendor\\laravel\\framework\\src\\Illuminate\\Foundation\\Http\\Middleware\\TransformsRequest.php(21): Illuminate\\Pipeline\\Pipeline->Illuminate\\Pipeline\\{closure}(Object(Illuminate\\Http\\Request))
#36 C:\\Users\\Admin\\Desktop\\Sathish\\Projects\\LMS\\lms-backend\\vendor\\laravel\\framework\\src\\Illuminate\\Foundation\\Http\\Middleware\\ConvertEmptyStringsToNull.php(31): Illuminate\\Foundation\\Http\\Middleware\\TransformsRequest->handle(Object(Illuminate\\Http\\Request), Object(Closure))
#37 C:\\Users\\Admin\\Desktop\\Sathish\\Projects\\LMS\\lms-backend\\vendor\\laravel\\framework\\src\\Illuminate\\Pipeline\\Pipeline.php(183): Illuminate\\Foundation\\Http\\Middleware\\ConvertEmptyStringsToNull->handle(Object(Illuminate\\Http\\Request), Object(Closure))
#38 C:\\Users\\Admin\\Desktop\\Sathish\\Projects\\LMS\\lms-backend\\vendor\\laravel\\framework\\src\\Illuminate\\Foundation\\Http\\Middleware\\TransformsRequest.php(21): Illuminate\\Pipeline\\Pipeline->Illuminate\\Pipeline\\{closure}(Object(Illuminate\\Http\\Request))
#39 C:\\Users\\Admin\\Desktop\\Sathish\\Projects\\LMS\\lms-backend\\vendor\\laravel\\framework\\src\\Illuminate\\Foundation\\Http\\Middleware\\TrimStrings.php(40): Illuminate\\Foundation\\Http\\Middleware\\TransformsRequest->handle(Object(Illuminate\\Http\\Request), Object(Closure))
#40 C:\\Users\\Admin\\Desktop\\Sathish\\Projects\\LMS\\lms-backend\\vendor\\laravel\\framework\\src\\Illuminate\\Pipeline\\Pipeline.php(183): Illuminate\\Foundation\\Http\\Middleware\\TrimStrings->handle(Object(Illuminate\\Http\\Request), Object(Closure))
#41 C:\\Users\\Admin\\Desktop\\Sathish\\Projects\\LMS\\lms-backend\\vendor\\laravel\\framework\\src\\Illuminate\\Foundation\\Http\\Middleware\\ValidatePostSize.php(27): Illuminate\\Pipeline\\Pipeline->Illuminate\\Pipeline\\{closure}(Object(Illuminate\\Http\\Request))
#42 C:\\Users\\Admin\\Desktop\\Sathish\\Projects\\LMS\\lms-backend\\vendor\\laravel\\framework\\src\\Illuminate\\Pipeline\\Pipeline.php(183): Illuminate\\Foundation\\Http\\Middleware\\ValidatePostSize->handle(Object(Illuminate\\Http\\Request), Object(Closure))
#43 C:\\Users\\Admin\\Desktop\\Sathish\\Projects\\LMS\\lms-backend\\vendor\\laravel\\framework\\src\\Illuminate\\Foundation\\Http\\Middleware\\PreventRequestsDuringMaintenance.php(99): Illuminate\\Pipeline\\Pipeline->Illuminate\\Pipeline\\{closure}(Object(Illuminate\\Http\\Request))
#44 C:\\Users\\Admin\\Desktop\\Sathish\\Projects\\LMS\\lms-backend\\vendor\\laravel\\framework\\src\\Illuminate\\Pipeline\\Pipeline.php(183): Illuminate\\Foundation\\Http\\Middleware\\PreventRequestsDuringMaintenance->handle(Object(Illuminate\\Http\\Request), Object(Closure))
#45 C:\\Users\\Admin\\Desktop\\Sathish\\Projects\\LMS\\lms-backend\\vendor\\laravel\\framework\\src\\Illuminate\\Http\\Middleware\\HandleCors.php(62): Illuminate\\Pipeline\\Pipeline->Illuminate\\Pipeline\\{closure}(Object(Illuminate\\Http\\Request))
#46 C:\\Users\\Admin\\Desktop\\Sathish\\Projects\\LMS\\lms-backend\\vendor\\laravel\\framework\\src\\Illuminate\\Pipeline\\Pipeline.php(183): Illuminate\\Http\\Middleware\\HandleCors->handle(Object(Illuminate\\Http\\Request), Object(Closure))
#47 C:\\Users\\Admin\\Desktop\\Sathish\\Projects\\LMS\\lms-backend\\vendor\\laravel\\framework\\src\\Illuminate\\Http\\Middleware\\TrustProxies.php(39): Illuminate\\Pipeline\\Pipeline->Illuminate\\Pipeline\\{closure}(Object(Illuminate\\Http\\Request))
#48 C:\\Users\\Admin\\Desktop\\Sathish\\Projects\\LMS\\lms-backend\\vendor\\laravel\\framework\\src\\Illuminate\\Pipeline\\Pipeline.php(183): Illuminate\\Http\\Middleware\\TrustProxies->handle(Object(Illuminate\\Http\\Request), Object(Closure))
#49 C:\\Users\\Admin\\Desktop\\Sathish\\Projects\\LMS\\lms-backend\\vendor\\laravel\\framework\\src\\Illuminate\\Pipeline\\Pipeline.php(119): Illuminate\\Pipeline\\Pipeline->Illuminate\\Pipeline\\{closure}(Object(Illuminate\\Http\\Request))
#50 C:\\Users\\Admin\\Desktop\\Sathish\\Projects\\LMS\\lms-backend\\vendor\\laravel\\framework\\src\\Illuminate\\Foundation\\Http\\Kernel.php(175): Illuminate\\Pipeline\\Pipeline->then(Object(Closure))
#51 C:\\Users\\Admin\\Desktop\\Sathish\\Projects\\LMS\\lms-backend\\vendor\\laravel\\framework\\src\\Illuminate\\Foundation\\Http\\Kernel.php(144): Illuminate\\Foundation\\Http\\Kernel->sendRequestThroughRouter(Object(Illuminate\\Http\\Request))
#52 C:\\Users\\Admin\\Desktop\\Sathish\\Projects\\LMS\\lms-backend\\public\\index.php(7): Illuminate\\Foundation\\Http\\Kernel->handle(Object(Illuminate\\Http\\Request))
#53 C:\\Users\\Admin\\Desktop\\Sathish\\Projects\\LMS\\lms-backend\\vendor\\laravel\\framework\\src\\Illuminate\\Foundation\\resources\\server.php(16): require_once('C:\\\\Users\\\\Admin\\\\...')
#54 {main}

[previous exception] [object] (ReflectionException(code: -1): Class \"App\\Http\\Controllers\\Api\\Admin\\CertificatesAdminController\" does not exist at C:\\Users\\Admin\\Desktop\\Sathish\\Projects\\LMS\\lms-backend\\vendor\\laravel\\framework\\src\\Illuminate\\Container\\Container.php:912)
[stacktrace]
#0 C:\\Users\\Admin\\Desktop\\Sathish\\Projects\\LMS\\lms-backend\\vendor\\laravel\\framework\\src\\Illuminate\\Container\\Container.php(912): ReflectionClass->__construct('App\\\\Http\\\\Contro...')
#1 C:\\Users\\Admin\\Desktop\\Sathish\\Projects\\LMS\\lms-backend\\vendor\\laravel\\framework\\src\\Illuminate\\Container\\Container.php(795): Illuminate\\Container\\Container->build('App\\\\Http\\\\Contro...')
#2 C:\\Users\\Admin\\Desktop\\Sathish\\Projects\\LMS\\lms-backend\\vendor\\laravel\\framework\\src\\Illuminate\\Foundation\\Application.php(986): Illuminate\\Container\\Container->resolve('App\\\\Http\\\\Contro...', Array, true)
#3 C:\\Users\\Admin\\Desktop\\Sathish\\Projects\\LMS\\lms-backend\\vendor\\laravel\\framework\\src\\Illuminate\\Container\\Container.php(731): Illuminate\\Foundation\\Application->resolve('App\\\\Http\\\\Contro...', Array)
#4 C:\\Users\\Admin\\Desktop\\Sathish\\Projects\\LMS\\lms-backend\\vendor\\laravel\\framework\\src\\Illuminate\\Foundation\\Application.php(971): Illuminate\\Container\\Container->make('App\\\\Http\\\\Contro...', Array)
#5 C:\\Users\\Admin\\Desktop\\Sathish\\Projects\\LMS\\lms-backend\\vendor\\laravel\\framework\\src\\Illuminate\\Routing\\Route.php(278): Illuminate\\Foundation\\Application->make('App\\\\Http\\\\Contro...')
#6 C:\\Users\\Admin\\Desktop\\Sathish\\Projects\\LMS\\lms-backend\\vendor\\laravel\\framework\\src\\Illuminate\\Routing\\Route.php(260): Illuminate\\Routing\\Route->getController()
#7 C:\\Users\\Admin\\Desktop\\Sathish\\Projects\\LMS\\lms-backend\\vendor\\laravel\\framework\\src\\Illuminate\\Routing\\Route.php(205): Illuminate\\Routing\\Route->runController()
#8 C:\\Users\\Admin\\Desktop\\Sathish\\Projects\\LMS\\lms-backend\\vendor\\laravel\\framework\\src\\Illuminate\\Routing\\Router.php(806): Illuminate\\Routing\\Route->run()
#9 C:\\Users\\Admin\\Desktop\\Sathish\\Projects\\LMS\\lms-backend\\vendor\\laravel\\framework\\src\\Illuminate\\Pipeline\\Pipeline.php(144): Illuminate\\Routing\\Router->Illuminate\\Routing\\{closure}(Object(Illuminate\\Http\\Request))
#10 C:\\Users\\Admin\\Desktop\\Sathish\\Projects\\LMS\\lms-backend\\app\\Http\\Middleware\\EnsureRole.php(17): Illuminate\\Pipeline\\Pipeline->Illuminate\\Pipeline\\{closure}(Object(Illuminate\\Http\\Request))
#11 C:\\Users\\Admin\\Desktop\\Sathish\\Projects\\LMS\\lms-backend\\vendor\\laravel\\framework\\src\\Illuminate\\Pipeline\\Pipeline.php(183): App\\Http\\Middleware\\EnsureRole->handle(Object(Illuminate\\Http\\Request), Object(Closure), 'admin')
#12 C:\\Users\\Admin\\Desktop\\Sathish\\Projects\\LMS\\lms-backend\\app\\Http\\Middleware\\ResolveTenant.php(56): Illuminate\\Pipeline\\Pipeline->Illuminate\\Pipeline\\{closure}(Object(Illuminate\\Http\\Request))
#13 C:\\Users\\Admin\\Desktop\\Sathish\\Projects\\LMS\\lms-backend\\vendor\\laravel\\framework\\src\\Illuminate\\Pipeline\\Pipeline.php(183): App\\Http\\Middleware\\ResolveTenant->handle(Object(Illuminate\\Http\\Request), Object(Closure))
#14 C:\\Users\\Admin\\Desktop\\Sathish\\Projects\\LMS\\lms-backend\\vendor\\laravel\\framework\\src\\Illuminate\\Routing\\Middleware\\SubstituteBindings.php(50): Illuminate\\Pipeline\\Pipeline->Illuminate\\Pipeline\\{closure}(Object(Illuminate\\Http\\Request))
#15 C:\\Users\\Admin\\Desktop\\Sathish\\Projects\\LMS\\lms-backend\\vendor\\laravel\\framework\\src\\Illuminate\\Pipeline\\Pipeline.php(183): Illuminate\\Routing\\Middleware\\SubstituteBindings->handle(Object(Illuminate\\Http\\Request), Object(Closure))
#16 C:\\Users\\Admin\\Desktop\\Sathish\\Projects\\LMS\\lms-backend\\vendor\\laravel\\framework\\src\\Illuminate\\Auth\\Middleware\\Authenticate.php(57): Illuminate\\Pipeline\\Pipeline->Illuminate\\Pipeline\\{closure}(Object(Illuminate\\Http\\Request))
#17 C:\\Users\\Admin\\Desktop\\Sathish\\Projects\\LMS\\lms-backend\\vendor\\laravel\\framework\\src\\Illuminate\\Pipeline\\Pipeline.php(183): Illuminate\\Auth\\Middleware\\Authenticate->handle(Object(Illuminate\\Http\\Request), Object(Closure))
#18 C:\\Users\\Admin\\Desktop\\Sathish\\Projects\\LMS\\lms-backend\\vendor\\laravel\\framework\\src\\Illuminate\\Foundation\\Http\\Middleware\\VerifyCsrfToken.php(78): Illuminate\\Pipeline\\Pipeline->Illuminate\\Pipeline\\{closure}(Object(Illuminate\\Http\\Request))
#19 C:\\Users\\Admin\\Desktop\\Sathish\\Projects\\LMS\\lms-backend\\vendor\\laravel\\framework\\src\\Illuminate\\Pipeline\\Pipeline.php(183): Illuminate\\Foundation\\Http\\Middleware\\VerifyCsrfToken->handle(Object(Illuminate\\Http\\Request), Object(Closure))
#20 C:\\Users\\Admin\\Desktop\\Sathish\\Projects\\LMS\\lms-backend\\vendor\\laravel\\framework\\src\\Illuminate\\View\\Middleware\\ShareErrorsFromSession.php(49): Illuminate\\Pipeline\\Pipeline->Illuminate\\Pipeline\\{closure}(Object(Illuminate\\Http\\Request))
#21 C:\\Users\\Admin\\Desktop\\Sathish\\Projects\\LMS\\lms-backend\\vendor\\laravel\\framework\\src\\Illuminate\\Pipeline\\Pipeline.php(183): Illuminate\\View\\Middleware\\ShareErrorsFromSession->handle(Object(Illuminate\\Http\\Request), Object(Closure))
#22 C:\\Users\\Admin\\Desktop\\Sathish\\Projects\\LMS\\lms-backend\\vendor\\laravel\\framework\\src\\Illuminate\\Session\\Middleware\\StartSession.php(121): Illuminate\\Pipeline\\Pipeline->Illuminate\\Pipeline\\{closure}(Object(Illuminate\\Http\\Request))
#23 C:\\Users\\Admin\\Desktop\\Sathish\\Projects\\LMS\\lms-backend\\vendor\\laravel\\framework\\src\\Illuminate\\Session\\Middleware\\StartSession.php(64): Illuminate\\Session\\Middleware\\StartSession->handleStatefulRequest(Object(Illuminate\\Http\\Request), Object(Illuminate\\Session\\Store), Object(Closure))
#24 C:\\Users\\Admin\\Desktop\\Sathish\\Projects\\LMS\\lms-backend\\vendor\\laravel\\framework\\src\\Illuminate\\Pipeline\\Pipeline.php(183): Illuminate\\Session\\Middleware\\StartSession->handle(Object(Illuminate\\Http\\Request), Object(Closure))
#25 C:\\Users\\Admin\\Desktop\\Sathish\\Projects\\LMS\\lms-backend\\vendor\\laravel\\framework\\src\\Illuminate\\Cookie\\Middleware\\AddQueuedCookiesToResponse.php(37): Illuminate\\Pipeline\\Pipeline->Illuminate\\Pipeline\\{closure}(Object(Illuminate\\Http\\Request))
#26 C:\\Users\\Admin\\Desktop\\Sathish\\Projects\\LMS\\lms-backend\\vendor\\laravel\\framework\\src\\Illuminate\\Pipeline\\Pipeline.php(183): Illuminate\\Cookie\\Middleware\\AddQueuedCookiesToResponse->handle(Object(Illuminate\\Http\\Request), Object(Closure))
#27 C:\\Users\\Admin\\Desktop\\Sathish\\Projects\\LMS\\lms-backend\\vendor\\laravel\\framework\\src\\Illuminate\\Cookie\\Middleware\\EncryptCookies.php(67): Illuminate\\Pipeline\\Pipeline->Illuminate\\Pipeline\\{closure}(Object(Illuminate\\Http\\Request))
#28 C:\\Users\\Admin\\Desktop\\Sathish\\Projects\\LMS\\lms-backend\\vendor\\laravel\\framework\\src\\Illuminate\\Pipeline\\Pipeline.php(183): Illuminate\\Cookie\\Middleware\\EncryptCookies->handle(Object(Illuminate\\Http\\Request), Object(Closure))
#29 C:\\Users\\Admin\\Desktop\\Sathish\\Projects\\LMS\\lms-backend\\vendor\\laravel\\framework\\src\\Illuminate\\Pipeline\\Pipeline.php(119): Illuminate\\Pipeline\\Pipeline->Illuminate\\Pipeline\\{closure}(Object(Illuminate\\Http\\Request))
#30 C:\\Users\\Admin\\Desktop\\Sathish\\Projects\\LMS\\lms-backend\\vendor\\laravel\\framework\\src\\Illuminate\\Routing\\Router.php(807): Illuminate\\Pipeline\\Pipeline->then(Object(Closure))
#31 C:\\Users\\Admin\\Desktop\\Sathish\\Projects\\LMS\\lms-backend\\vendor\\laravel\\framework\\src\\Illuminate\\Routing\\Router.php(784): Illuminate\\Routing\\Router->runRouteWithinStack(Object(Illuminate\\Routing\\Route), Object(Illuminate\\Http\\Request))
#32 C:\\Users\\Admin\\Desktop\\Sathish\\Projects\\LMS\\lms-backend\\vendor\\laravel\\framework\\src\\Illuminate\\Routing\\Router.php(748): Illuminate\\Routing\\Router->runRoute(Object(Illuminate\\Http\\Request), Object(Illuminate\\Routing\\Route))
#33 C:\\Users\\Admin\\Desktop\\Sathish\\Projects\\LMS\\lms-backend\\vendor\\laravel\\framework\\src\\Illuminate\\Routing\\Router.php(737): Illuminate\\Routing\\Router->dispatchToRoute(Object(Illuminate\\Http\\Request))
#34 C:\\Users\\Admin\\Desktop\\Sathish\\Projects\\LMS\\lms-backend\\vendor\\laravel\\framework\\src\\Illuminate\\Foundation\\Http\\Kernel.php(200): Illuminate\\Routing\\Router->dispatch(Object(Illuminate\\Http\\Request))
#35 C:\\Users\\Admin\\Desktop\\Sathish\\Projects\\LMS\\lms-backend\\vendor\\laravel\\framework\\src\\Illuminate\\Pipeline\\Pipeline.php(144): Illuminate\\Foundation\\Http\\Kernel->Illuminate\\Foundation\\Http\\{closure}(Object(Illuminate\\Http\\Request))
#36 C:\\Users\\Admin\\Desktop\\Sathish\\Projects\\LMS\\lms-backend\\vendor\\laravel\\framework\\src\\Illuminate\\Foundation\\Http\\Middleware\\TransformsRequest.php(21): Illuminate\\Pipeline\\Pipeline->Illuminate\\Pipeline\\{closure}(Object(Illuminate\\Http\\Request))
#37 C:\\Users\\Admin\\Desktop\\Sathish\\Projects\\LMS\\lms-backend\\vendor\\laravel\\framework\\src\\Illuminate\\Foundation\\Http\\Middleware\\ConvertEmptyStringsToNull.php(31): Illuminate\\Foundation\\Http\\Middleware\\TransformsRequest->handle(Object(Illuminate\\Http\\Request), Object(Closure))
#38 C:\\Users\\Admin\\Desktop\\Sathish\\Projects\\LMS\\lms-backend\\vendor\\laravel\\framework\\src\\Illuminate\\Pipeline\\Pipeline.php(183): Illuminate\\Foundation\\Http\\Middleware\\ConvertEmptyStringsToNull->handle(Object(Illuminate\\Http\\Request), Object(Closure))
#39 C:\\Users\\Admin\\Desktop\\Sathish\\Projects\\LMS\\lms-backend\\vendor\\laravel\\framework\\src\\Illuminate\\Foundation\\Http\\Middleware\\TransformsRequest.php(21): Illuminate\\Pipeline\\Pipeline->Illuminate\\Pipeline\\{closure}(Object(Illuminate\\Http\\Request))
#40 C:\\Users\\Admin\\Desktop\\Sathish\\Projects\\LMS\\lms-backend\\vendor\\laravel\\framework\\src\\Illuminate\\Foundation\\Http\\Middleware\\TrimStrings.php(40): Illuminate\\Foundation\\Http\\Middleware\\TransformsRequest->handle(Object(Illuminate\\Http\\Request), Object(Closure))
#41 C:\\Users\\Admin\\Desktop\\Sathish\\Projects\\LMS\\lms-backend\\vendor\\laravel\\framework\\src\\Illuminate\\Pipeline\\Pipeline.php(183): Illuminate\\Foundation\\Http\\Middleware\\TrimStrings->handle(Object(Illuminate\\Http\\Request), Object(Closure))
#42 C:\\Users\\Admin\\Desktop\\Sathish\\Projects\\LMS\\lms-backend\\vendor\\laravel\\framework\\src\\Illuminate\\Foundation\\Http\\Middleware\\ValidatePostSize.php(27): Illuminate\\Pipeline\\Pipeline->Illuminate\\Pipeline\\{closure}(Object(Illuminate\\Http\\Request))
#43 C:\\Users\\Admin\\Desktop\\Sathish\\Projects\\LMS\\lms-backend\\vendor\\laravel\\framework\\src\\Illuminate\\Pipeline\\Pipeline.php(183): Illuminate\\Foundation\\Http\\Middleware\\ValidatePostSize->handle(Object(Illuminate\\Http\\Request), Object(Closure))
#44 C:\\Users\\Admin\\Desktop\\Sathish\\Projects\\LMS\\lms-backend\\vendor\\laravel\\framework\\src\\Illuminate\\Foundation\\Http\\Middleware\\PreventRequestsDuringMaintenance.php(99): Illuminate\\Pipeline\\Pipeline->Illuminate\\Pipeline\\{closure}(Object(Illuminate\\Http\\Request))
#45 C:\\Users\\Admin\\Desktop\\Sathish\\Projects\\LMS\\lms-backend\\vendor\\laravel\\framework\\src\\Illuminate\\Pipeline\\Pipeline.php(183): Illuminate\\Foundation\\Http\\Middleware\\PreventRequestsDuringMaintenance->handle(Object(Illuminate\\Http\\Request), Object(Closure))
#46 C:\\Users\\Admin\\Desktop\\Sathish\\Projects\\LMS\\lms-backend\\vendor\\laravel\\framework\\src\\Illuminate\\Http\\Middleware\\HandleCors.php(62): Illuminate\\Pipeline\\Pipeline->Illuminate\\Pipeline\\{closure}(Object(Illuminate\\Http\\Request))
#47 C:\\Users\\Admin\\Desktop\\Sathish\\Projects\\LMS\\lms-backend\\vendor\\laravel\\framework\\src\\Illuminate\\Pipeline\\Pipeline.php(183): Illuminate\\Http\\Middleware\\HandleCors->handle(Object(Illuminate\\Http\\Request), Object(Closure))
#48 C:\\Users\\Admin\\Desktop\\Sathish\\Projects\\LMS\\lms-backend\\vendor\\laravel\\framework\\src\\Illuminate\\Http\\Middleware\\TrustProxies.php(39): Illuminate\\Pipeline\\Pipeline->Illuminate\\Pipeline\\{closure}(Object(Illuminate\\Http\\Request))
#49 C:\\Users\\Admin\\Desktop\\Sathish\\Projects\\LMS\\lms-backend\\vendor\\laravel\\framework\\src\\Illuminate\\Pipeline\\Pipeline.php(183): Illuminate\\Http\\Middleware\\TrustProxies->handle(Object(Illuminate\\Http\\Request), Object(Closure))
#50 C:\\Users\\Admin\\Desktop\\Sathish\\Projects\\LMS\\lms-backend\\vendor\\laravel\\framework\\src\\Illuminate\\Pipeline\\Pipeline.php(119): Illuminate\\Pipeline\\Pipeline->Illuminate\\Pipeline\\{closure}(Object(Illuminate\\Http\\Request))
#51 C:\\Users\\Admin\\Desktop\\Sathish\\Projects\\LMS\\lms-backend\\vendor\\laravel\\framework\\src\\Illuminate\\Foundation\\Http\\Kernel.php(175): Illuminate\\Pipeline\\Pipeline->then(Object(Closure))
#52 C:\\Users\\Admin\\Desktop\\Sathish\\Projects\\LMS\\lms-backend\\vendor\\laravel\\framework\\src\\Illuminate\\Foundation\\Http\\Kernel.php(144): Illuminate\\Foundation\\Http\\Kernel->sendRequestThroughRouter(Object(Illuminate\\Http\\Request))
#53 C:\\Users\\Admin\\Desktop\\Sathish\\Projects\\LMS\\lms-backend\\public\\index.php(7): Illuminate\\Foundation\\Http\\Kernel->handle(Object(Illuminate\\Http\\Request))
#54 C:\\Users\\Admin\\Desktop\\Sathish\\Projects\\LMS\\lms-backend\\vendor\\laravel\\framework\\src\\Illuminate\\Foundation\\resources\\server.php(16): require_once('C:\\\\Users\\\\Admin\\\\...')
#55 {main}
"} 
[2025-12-29 11:10:04] local.ERROR: Class "App\Http\Controllers\Api\Admin\CoursesAdminController" does not exist {"exception":"[object] (ReflectionException(code: -1): Class \"App\\Http\\Controllers\\Api\\Admin\\CoursesAdminController\" does not exist at C:\\Users\\Admin\\Desktop\\Sathish\\Projects\\LMS\\lms-backend\\vendor\\laravel\\framework\\src\\Illuminate\\Foundation\\Console\\RouteListCommand.php:225)
[stacktrace]
#0 C:\\Users\\Admin\\Desktop\\Sathish\\Projects\\LMS\\lms-backend\\vendor\\laravel\\framework\\src\\Illuminate\\Foundation\\Console\\RouteListCommand.php(225): ReflectionClass->__construct('App\\\\Http\\\\Contro...')
#1 C:\\Users\\Admin\\Desktop\\Sathish\\Projects\\LMS\\lms-backend\\vendor\\laravel\\framework\\src\\Illuminate\\Foundation\\Console\\RouteListCommand.php(147): Illuminate\\Foundation\\Console\\RouteListCommand->isVendorRoute(Object(Illuminate\\Routing\\Route))
#2 C:\\Users\\Admin\\Desktop\\Sathish\\Projects\\LMS\\lms-backend\\vendor\\laravel\\framework\\src\\Illuminate\\Foundation\\Console\\RouteListCommand.php(116): Illuminate\\Foundation\\Console\\RouteListCommand->getRouteInformation(Object(Illuminate\\Routing\\Route))
#3 [internal function]: Illuminate\\Foundation\\Console\\RouteListCommand->Illuminate\\Foundation\\Console\\{closure}(Object(Illuminate\\Routing\\Route), 35)
#4 C:\\Users\\Admin\\Desktop\\Sathish\\Projects\\LMS\\lms-backend\\vendor\\laravel\\framework\\src\\Illuminate\\Collections\\Arr.php(600): array_map(Object(Closure), Array, Array)
#5 C:\\Users\\Admin\\Desktop\\Sathish\\Projects\\LMS\\lms-backend\\vendor\\laravel\\framework\\src\\Illuminate\\Collections\\Collection.php(778): Illuminate\\Support\\Arr::map(Array, Object(Closure))
#6 C:\\Users\\Admin\\Desktop\\Sathish\\Projects\\LMS\\lms-backend\\vendor\\laravel\\framework\\src\\Illuminate\\Foundation\\Console\\RouteListCommand.php(117): Illuminate\\Support\\Collection->map(Object(Closure))
#7 C:\\Users\\Admin\\Desktop\\Sathish\\Projects\\LMS\\lms-backend\\vendor\\laravel\\framework\\src\\Illuminate\\Foundation\\Console\\RouteListCommand.php(101): Illuminate\\Foundation\\Console\\RouteListCommand->getRoutes()
#8 C:\\Users\\Admin\\Desktop\\Sathish\\Projects\\LMS\\lms-backend\\vendor\\laravel\\framework\\src\\Illuminate\\Container\\BoundMethod.php(36): Illuminate\\Foundation\\Console\\RouteListCommand->handle()
#9 C:\\Users\\Admin\\Desktop\\Sathish\\Projects\\LMS\\lms-backend\\vendor\\laravel\\framework\\src\\Illuminate\\Container\\Util.php(41): Illuminate\\Container\\BoundMethod::Illuminate\\Container\\{closure}()
#10 C:\\Users\\Admin\\Desktop\\Sathish\\Projects\\LMS\\lms-backend\\vendor\\laravel\\framework\\src\\Illuminate\\Container\\BoundMethod.php(93): Illuminate\\Container\\Util::unwrapIfClosure(Object(Closure))
#11 C:\\Users\\Admin\\Desktop\\Sathish\\Projects\\LMS\\lms-backend\\vendor\\laravel\\framework\\src\\Illuminate\\Container\\BoundMethod.php(37): Illuminate\\Container\\BoundMethod::callBoundMethod(Object(Illuminate\\Foundation\\Application), Array, Object(Closure))
#12 C:\\Users\\Admin\\Desktop\\Sathish\\Projects\\LMS\\lms-backend\\vendor\\laravel\\framework\\src\\Illuminate\\Container\\Container.php(662): Illuminate\\Container\\BoundMethod::call(Object(Illuminate\\Foundation\\Application), Array, Array, NULL)
#13 C:\\Users\\Admin\\Desktop\\Sathish\\Projects\\LMS\\lms-backend\\vendor\\laravel\\framework\\src\\Illuminate\\Console\\Command.php(211): Illuminate\\Container\\Container->call(Array)
#14 C:\\Users\\Admin\\Desktop\\Sathish\\Projects\\LMS\\lms-backend\\vendor\\symfony\\console\\Command\\Command.php(326): Illuminate\\Console\\Command->execute(Object(Symfony\\Component\\Console\\Input\\ArgvInput), Object(Illuminate\\Console\\OutputStyle))
#15 C:\\Users\\Admin\\Desktop\\Sathish\\Projects\\LMS\\lms-backend\\vendor\\laravel\\framework\\src\\Illuminate\\Console\\Command.php(181): Symfony\\Component\\Console\\Command\\Command->run(Object(Symfony\\Component\\Console\\Input\\ArgvInput), Object(Illuminate\\Console\\OutputStyle))
#16 C:\\Users\\Admin\\Desktop\\Sathish\\Projects\\LMS\\lms-backend\\vendor\\symfony\\console\\Application.php(1106): Illuminate\\Console\\Command->run(Object(Symfony\\Component\\Console\\Input\\ArgvInput), Object(Symfony\\Component\\Console\\Output\\ConsoleOutput))
#17 C:\\Users\\Admin\\Desktop\\Sathish\\Projects\\LMS\\lms-backend\\vendor\\symfony\\console\\Application.php(324): Symfony\\Component\\Console\\Application->doRunCommand(Object(Illuminate\\Foundation\\Console\\RouteListCommand), Object(Symfony\\Component\\Console\\Input\\ArgvInput), Object(Symfony\\Component\\Console\\Output\\ConsoleOutput))
#18 C:\\Users\\Admin\\Desktop\\Sathish\\Projects\\LMS\\lms-backend\\vendor\\symfony\\console\\Application.php(175): Symfony\\Component\\Console\\Application->doRun(Object(Symfony\\Component\\Console\\Input\\ArgvInput), Object(Symfony\\Component\\Console\\Output\\ConsoleOutput))
#19 C:\\Users\\Admin\\Desktop\\Sathish\\Projects\\LMS\\lms-backend\\vendor\\laravel\\framework\\src\\Illuminate\\Foundation\\Console\\Kernel.php(201): Symfony\\Component\\Console\\Application->run(Object(Symfony\\Component\\Console\\Input\\ArgvInput), Object(Symfony\\Component\\Console\\Output\\ConsoleOutput))
#20 C:\\Users\\Admin\\Desktop\\Sathish\\Projects\\LMS\\lms-backend\\artisan(10): Illuminate\\Foundation\\Console\\Kernel->handle(Object(Symfony\\Component\\Console\\Input\\ArgvInput), Object(Symfony\\Component\\Console\\Output\\ConsoleOutput))
#21 {main}
"} 
[2025-12-29 11:13:57] local.ERROR: Class "App\Http\Controllers\Api\Admin\CoursesAdminController" does not exist {"exception":"[object] (ReflectionException(code: -1): Class \"App\\Http\\Controllers\\Api\\Admin\\CoursesAdminController\" does not exist at C:\\Users\\Admin\\Desktop\\Sathish\\Projects\\LMS\\lms-backend\\vendor\\laravel\\framework\\src\\Illuminate\\Foundation\\Console\\RouteListCommand.php:225)
[stacktrace]
#0 C:\\Users\\Admin\\Desktop\\Sathish\\Projects\\LMS\\lms-backend\\vendor\\laravel\\framework\\src\\Illuminate\\Foundation\\Console\\RouteListCommand.php(225): ReflectionClass->__construct('App\\\\Http\\\\Contro...')
#1 C:\\Users\\Admin\\Desktop\\Sathish\\Projects\\LMS\\lms-backend\\vendor\\laravel\\framework\\src\\Illuminate\\Foundation\\Console\\RouteListCommand.php(147): Illuminate\\Foundation\\Console\\RouteListCommand->isVendorRoute(Object(Illuminate\\Routing\\Route))
#2 C:\\Users\\Admin\\Desktop\\Sathish\\Projects\\LMS\\lms-backend\\vendor\\laravel\\framework\\src\\Illuminate\\Foundation\\Console\\RouteListCommand.php(116): Illuminate\\Foundation\\Console\\RouteListCommand->getRouteInformation(Object(Illuminate\\Routing\\Route))
#3 [internal function]: Illuminate\\Foundation\\Console\\RouteListCommand->Illuminate\\Foundation\\Console\\{closure}(Object(Illuminate\\Routing\\Route), 35)
#4 C:\\Users\\Admin\\Desktop\\Sathish\\Projects\\LMS\\lms-backend\\vendor\\laravel\\framework\\src\\Illuminate\\Collections\\Arr.php(600): array_map(Object(Closure), Array, Array)
#5 C:\\Users\\Admin\\Desktop\\Sathish\\Projects\\LMS\\lms-backend\\vendor\\laravel\\framework\\src\\Illuminate\\Collections\\Collection.php(778): Illuminate\\Support\\Arr::map(Array, Object(Closure))
#6 C:\\Users\\Admin\\Desktop\\Sathish\\Projects\\LMS\\lms-backend\\vendor\\laravel\\framework\\src\\Illuminate\\Foundation\\Console\\RouteListCommand.php(117): Illuminate\\Support\\Collection->map(Object(Closure))
#7 C:\\Users\\Admin\\Desktop\\Sathish\\Projects\\LMS\\lms-backend\\vendor\\laravel\\framework\\src\\Illuminate\\Foundation\\Console\\RouteListCommand.php(101): Illuminate\\Foundation\\Console\\RouteListCommand->getRoutes()
#8 C:\\Users\\Admin\\Desktop\\Sathish\\Projects\\LMS\\lms-backend\\vendor\\laravel\\framework\\src\\Illuminate\\Container\\BoundMethod.php(36): Illuminate\\Foundation\\Console\\RouteListCommand->handle()
#9 C:\\Users\\Admin\\Desktop\\Sathish\\Projects\\LMS\\lms-backend\\vendor\\laravel\\framework\\src\\Illuminate\\Container\\Util.php(41): Illuminate\\Container\\BoundMethod::Illuminate\\Container\\{closure}()
#10 C:\\Users\\Admin\\Desktop\\Sathish\\Projects\\LMS\\lms-backend\\vendor\\laravel\\framework\\src\\Illuminate\\Container\\BoundMethod.php(93): Illuminate\\Container\\Util::unwrapIfClosure(Object(Closure))
#11 C:\\Users\\Admin\\Desktop\\Sathish\\Projects\\LMS\\lms-backend\\vendor\\laravel\\framework\\src\\Illuminate\\Container\\BoundMethod.php(37): Illuminate\\Container\\BoundMethod::callBoundMethod(Object(Illuminate\\Foundation\\Application), Array, Object(Closure))
#12 C:\\Users\\Admin\\Desktop\\Sathish\\Projects\\LMS\\lms-backend\\vendor\\laravel\\framework\\src\\Illuminate\\Container\\Container.php(662): Illuminate\\Container\\BoundMethod::call(Object(Illuminate\\Foundation\\Application), Array, Array, NULL)
#13 C:\\Users\\Admin\\Desktop\\Sathish\\Projects\\LMS\\lms-backend\\vendor\\laravel\\framework\\src\\Illuminate\\Console\\Command.php(211): Illuminate\\Container\\Container->call(Array)
#14 C:\\Users\\Admin\\Desktop\\Sathish\\Projects\\LMS\\lms-backend\\vendor\\symfony\\console\\Command\\Command.php(326): Illuminate\\Console\\Command->execute(Object(Symfony\\Component\\Console\\Input\\ArgvInput), Object(Illuminate\\Console\\OutputStyle))
#15 C:\\Users\\Admin\\Desktop\\Sathish\\Projects\\LMS\\lms-backend\\vendor\\laravel\\framework\\src\\Illuminate\\Console\\Command.php(181): Symfony\\Component\\Console\\Command\\Command->run(Object(Symfony\\Component\\Console\\Input\\ArgvInput), Object(Illuminate\\Console\\OutputStyle))
#16 C:\\Users\\Admin\\Desktop\\Sathish\\Projects\\LMS\\lms-backend\\vendor\\symfony\\console\\Application.php(1106): Illuminate\\Console\\Command->run(Object(Symfony\\Component\\Console\\Input\\ArgvInput), Object(Symfony\\Component\\Console\\Output\\ConsoleOutput))
#17 C:\\Users\\Admin\\Desktop\\Sathish\\Projects\\LMS\\lms-backend\\vendor\\symfony\\console\\Application.php(324): Symfony\\Component\\Console\\Application->doRunCommand(Object(Illuminate\\Foundation\\Console\\RouteListCommand), Object(Symfony\\Component\\Console\\Input\\ArgvInput), Object(Symfony\\Component\\Console\\Output\\ConsoleOutput))
#18 C:\\Users\\Admin\\Desktop\\Sathish\\Projects\\LMS\\lms-backend\\vendor\\symfony\\console\\Application.php(175): Symfony\\Component\\Console\\Application->doRun(Object(Symfony\\Component\\Console\\Input\\ArgvInput), Object(Symfony\\Component\\Console\\Output\\ConsoleOutput))
#19 C:\\Users\\Admin\\Desktop\\Sathish\\Projects\\LMS\\lms-backend\\vendor\\laravel\\framework\\src\\Illuminate\\Foundation\\Console\\Kernel.php(201): Symfony\\Component\\Console\\Application->run(Object(Symfony\\Component\\Console\\Input\\ArgvInput), Object(Symfony\\Component\\Console\\Output\\ConsoleOutput))
#20 C:\\Users\\Admin\\Desktop\\Sathish\\Projects\\LMS\\lms-backend\\artisan(10): Illuminate\\Foundation\\Console\\Kernel->handle(Object(Symfony\\Component\\Console\\Input\\ArgvInput), Object(Symfony\\Component\\Console\\Output\\ConsoleOutput))
#21 {main}
"} 
[2025-12-29 11:25:33] local.ERROR: Unclosed '{' on line 14 {"exception":"[object] (ParseError(code: 0): Unclosed '{' on line 14 at C:\\Users\\Admin\\Desktop\\Sathish\\Projects\\LMS\\lms-backend\\routes\\web.php:59)
[stacktrace]
#0 C:\\Users\\Admin\\Desktop\\Sathish\\Projects\\LMS\\lms-backend\\vendor\\laravel\\framework\\src\\Illuminate\\Routing\\Router.php(511): Illuminate\\Routing\\RouteFileRegistrar->register('C:\\\\Users\\\\Admin\\\\...')
#1 C:\\Users\\Admin\\Desktop\\Sathish\\Projects\\LMS\\lms-backend\\vendor\\laravel\\framework\\src\\Illuminate\\Routing\\Router.php(465): Illuminate\\Routing\\Router->loadRoutes('C:\\\\Users\\\\Admin\\\\...')
#2 C:\\Users\\Admin\\Desktop\\Sathish\\Projects\\LMS\\lms-backend\\vendor\\laravel\\framework\\src\\Illuminate\\Routing\\RouteRegistrar.php(194): Illuminate\\Routing\\Router->group(Array, 'C:\\\\Users\\\\Admin\\\\...')
#3 C:\\Users\\Admin\\Desktop\\Sathish\\Projects\\LMS\\lms-backend\\app\\Providers\\RouteServiceProvider.php(18): Illuminate\\Routing\\RouteRegistrar->group('C:\\\\Users\\\\Admin\\\\...')
#4 C:\\Users\\Admin\\Desktop\\Sathish\\Projects\\LMS\\lms-backend\\vendor\\laravel\\framework\\src\\Illuminate\\Container\\BoundMethod.php(36): App\\Providers\\RouteServiceProvider->App\\Providers\\{closure}()
#5 C:\\Users\\Admin\\Desktop\\Sathish\\Projects\\LMS\\lms-backend\\vendor\\laravel\\framework\\src\\Illuminate\\Container\\Util.php(41): Illuminate\\Container\\BoundMethod::Illuminate\\Container\\{closure}()
#6 C:\\Users\\Admin\\Desktop\\Sathish\\Projects\\LMS\\lms-backend\\vendor\\laravel\\framework\\src\\Illuminate\\Container\\BoundMethod.php(81): Illuminate\\Container\\Util::unwrapIfClosure(Object(Closure))
#7 C:\\Users\\Admin\\Desktop\\Sathish\\Projects\\LMS\\lms-backend\\vendor\\laravel\\framework\\src\\Illuminate\\Container\\BoundMethod.php(37): Illuminate\\Container\\BoundMethod::callBoundMethod(Object(Illuminate\\Foundation\\Application), Object(Closure), Object(Closure))
#8 C:\\Users\\Admin\\Desktop\\Sathish\\Projects\\LMS\\lms-backend\\vendor\\laravel\\framework\\src\\Illuminate\\Container\\Container.php(662): Illuminate\\Container\\BoundMethod::call(Object(Illuminate\\Foundation\\Application), Object(Closure), Array, NULL)
#9 C:\\Users\\Admin\\Desktop\\Sathish\\Projects\\LMS\\lms-backend\\vendor\\laravel\\framework\\src\\Illuminate\\Foundation\\Support\\Providers\\RouteServiceProvider.php(120): Illuminate\\Container\\Container->call(Object(Closure))
#10 C:\\Users\\Admin\\Desktop\\Sathish\\Projects\\LMS\\lms-backend\\vendor\\laravel\\framework\\src\\Illuminate\\Foundation\\Support\\Providers\\RouteServiceProvider.php(45): Illuminate\\Foundation\\Support\\Providers\\RouteServiceProvider->loadRoutes()
#11 C:\\Users\\Admin\\Desktop\\Sathish\\Projects\\LMS\\lms-backend\\vendor\\laravel\\framework\\src\\Illuminate\\Container\\BoundMethod.php(36): Illuminate\\Foundation\\Support\\Providers\\RouteServiceProvider->Illuminate\\Foundation\\Support\\Providers\\{closure}()
#12 C:\\Users\\Admin\\Desktop\\Sathish\\Projects\\LMS\\lms-backend\\vendor\\laravel\\framework\\src\\Illuminate\\Container\\Util.php(41): Illuminate\\Container\\BoundMethod::Illuminate\\Container\\{closure}()
#13 C:\\Users\\Admin\\Desktop\\Sathish\\Projects\\LMS\\lms-backend\\vendor\\laravel\\framework\\src\\Illuminate\\Container\\BoundMethod.php(81): Illuminate\\Container\\Util::unwrapIfClosure(Object(Closure))
#14 C:\\Users\\Admin\\Desktop\\Sathish\\Projects\\LMS\\lms-backend\\vendor\\laravel\\framework\\src\\Illuminate\\Container\\BoundMethod.php(37): Illuminate\\Container\\BoundMethod::callBoundMethod(Object(Illuminate\\Foundation\\Application), Object(Closure), Object(Closure))
#15 C:\\Users\\Admin\\Desktop\\Sathish\\Projects\\LMS\\lms-backend\\vendor\\laravel\\framework\\src\\Illuminate\\Container\\Container.php(662): Illuminate\\Container\\BoundMethod::call(Object(Illuminate\\Foundation\\Application), Object(Closure), Array, NULL)
#16 C:\\Users\\Admin\\Desktop\\Sathish\\Projects\\LMS\\lms-backend\\vendor\\laravel\\framework\\src\\Illuminate\\Support\\ServiceProvider.php(119): Illuminate\\Container\\Container->call(Object(Closure))
#17 C:\\Users\\Admin\\Desktop\\Sathish\\Projects\\LMS\\lms-backend\\vendor\\laravel\\framework\\src\\Illuminate\\Foundation\\Application.php(1062): Illuminate\\Support\\ServiceProvider->callBootedCallbacks()
#18 C:\\Users\\Admin\\Desktop\\Sathish\\Projects\\LMS\\lms-backend\\vendor\\laravel\\framework\\src\\Illuminate\\Foundation\\Application.php(1040): Illuminate\\Foundation\\Application->bootProvider(Object(App\\Providers\\RouteServiceProvider))
#19 [internal function]: Illuminate\\Foundation\\Application->Illuminate\\Foundation\\{closure}(Object(App\\Providers\\RouteServiceProvider), 23)
#20 C:\\Users\\Admin\\Desktop\\Sathish\\Projects\\LMS\\lms-backend\\vendor\\laravel\\framework\\src\\Illuminate\\Foundation\\Application.php(1041): array_walk(Array, Object(Closure))
#21 C:\\Users\\Admin\\Desktop\\Sathish\\Projects\\LMS\\lms-backend\\vendor\\laravel\\framework\\src\\Illuminate\\Foundation\\Bootstrap\\BootProviders.php(17): Illuminate\\Foundation\\Application->boot()
#22 C:\\Users\\Admin\\Desktop\\Sathish\\Projects\\LMS\\lms-backend\\vendor\\laravel\\framework\\src\\Illuminate\\Foundation\\Application.php(286): Illuminate\\Foundation\\Bootstrap\\BootProviders->bootstrap(Object(Illuminate\\Foundation\\Application))
#23 C:\\Users\\Admin\\Desktop\\Sathish\\Projects\\LMS\\lms-backend\\vendor\\laravel\\framework\\src\\Illuminate\\Foundation\\Http\\Kernel.php(186): Illuminate\\Foundation\\Application->bootstrapWith(Array)
#24 C:\\Users\\Admin\\Desktop\\Sathish\\Projects\\LMS\\lms-backend\\vendor\\laravel\\framework\\src\\Illuminate\\Foundation\\Http\\Kernel.php(170): Illuminate\\Foundation\\Http\\Kernel->bootstrap()
#25 C:\\Users\\Admin\\Desktop\\Sathish\\Projects\\LMS\\lms-backend\\vendor\\laravel\\framework\\src\\Illuminate\\Foundation\\Http\\Kernel.php(144): Illuminate\\Foundation\\Http\\Kernel->sendRequestThroughRouter(Object(Illuminate\\Http\\Request))
#26 C:\\Users\\Admin\\Desktop\\Sathish\\Projects\\LMS\\lms-backend\\public\\index.php(7): Illuminate\\Foundation\\Http\\Kernel->handle(Object(Illuminate\\Http\\Request))
#27 C:\\Users\\Admin\\Desktop\\Sathish\\Projects\\LMS\\lms-backend\\vendor\\laravel\\framework\\src\\Illuminate\\Foundation\\resources\\server.php(16): require_once('C:\\\\Users\\\\Admin\\\\...')
#28 {main}
"} 
[2025-12-29 11:25:34] local.ERROR: Unclosed '{' on line 14 {"exception":"[object] (ParseError(code: 0): Unclosed '{' on line 14 at C:\\Users\\Admin\\Desktop\\Sathish\\Projects\\LMS\\lms-backend\\routes\\web.php:59)
[stacktrace]
#0 C:\\Users\\Admin\\Desktop\\Sathish\\Projects\\LMS\\lms-backend\\vendor\\laravel\\framework\\src\\Illuminate\\Routing\\Router.php(511): Illuminate\\Routing\\RouteFileRegistrar->register('C:\\\\Users\\\\Admin\\\\...')
#1 C:\\Users\\Admin\\Desktop\\Sathish\\Projects\\LMS\\lms-backend\\vendor\\laravel\\framework\\src\\Illuminate\\Routing\\Router.php(465): Illuminate\\Routing\\Router->loadRoutes('C:\\\\Users\\\\Admin\\\\...')
#2 C:\\Users\\Admin\\Desktop\\Sathish\\Projects\\LMS\\lms-backend\\vendor\\laravel\\framework\\src\\Illuminate\\Routing\\RouteRegistrar.php(194): Illuminate\\Routing\\Router->group(Array, 'C:\\\\Users\\\\Admin\\\\...')
#3 C:\\Users\\Admin\\Desktop\\Sathish\\Projects\\LMS\\lms-backend\\app\\Providers\\RouteServiceProvider.php(18): Illuminate\\Routing\\RouteRegistrar->group('C:\\\\Users\\\\Admin\\\\...')
#4 C:\\Users\\Admin\\Desktop\\Sathish\\Projects\\LMS\\lms-backend\\vendor\\laravel\\framework\\src\\Illuminate\\Container\\BoundMethod.php(36): App\\Providers\\RouteServiceProvider->App\\Providers\\{closure}()
#5 C:\\Users\\Admin\\Desktop\\Sathish\\Projects\\LMS\\lms-backend\\vendor\\laravel\\framework\\src\\Illuminate\\Container\\Util.php(41): Illuminate\\Container\\BoundMethod::Illuminate\\Container\\{closure}()
#6 C:\\Users\\Admin\\Desktop\\Sathish\\Projects\\LMS\\lms-backend\\vendor\\laravel\\framework\\src\\Illuminate\\Container\\BoundMethod.php(81): Illuminate\\Container\\Util::unwrapIfClosure(Object(Closure))
#7 C:\\Users\\Admin\\Desktop\\Sathish\\Projects\\LMS\\lms-backend\\vendor\\laravel\\framework\\src\\Illuminate\\Container\\BoundMethod.php(37): Illuminate\\Container\\BoundMethod::callBoundMethod(Object(Illuminate\\Foundation\\Application), Object(Closure), Object(Closure))
#8 C:\\Users\\Admin\\Desktop\\Sathish\\Projects\\LMS\\lms-backend\\vendor\\laravel\\framework\\src\\Illuminate\\Container\\Container.php(662): Illuminate\\Container\\BoundMethod::call(Object(Illuminate\\Foundation\\Application), Object(Closure), Array, NULL)
#9 C:\\Users\\Admin\\Desktop\\Sathish\\Projects\\LMS\\lms-backend\\vendor\\laravel\\framework\\src\\Illuminate\\Foundation\\Support\\Providers\\RouteServiceProvider.php(120): Illuminate\\Container\\Container->call(Object(Closure))
#10 C:\\Users\\Admin\\Desktop\\Sathish\\Projects\\LMS\\lms-backend\\vendor\\laravel\\framework\\src\\Illuminate\\Foundation\\Support\\Providers\\RouteServiceProvider.php(45): Illuminate\\Foundation\\Support\\Providers\\RouteServiceProvider->loadRoutes()
#11 C:\\Users\\Admin\\Desktop\\Sathish\\Projects\\LMS\\lms-backend\\vendor\\laravel\\framework\\src\\Illuminate\\Container\\BoundMethod.php(36): Illuminate\\Foundation\\Support\\Providers\\RouteServiceProvider->Illuminate\\Foundation\\Support\\Providers\\{closure}()
#12 C:\\Users\\Admin\\Desktop\\Sathish\\Projects\\LMS\\lms-backend\\vendor\\laravel\\framework\\src\\Illuminate\\Container\\Util.php(41): Illuminate\\Container\\BoundMethod::Illuminate\\Container\\{closure}()
#13 C:\\Users\\Admin\\Desktop\\Sathish\\Projects\\LMS\\lms-backend\\vendor\\laravel\\framework\\src\\Illuminate\\Container\\BoundMethod.php(81): Illuminate\\Container\\Util::unwrapIfClosure(Object(Closure))
#14 C:\\Users\\Admin\\Desktop\\Sathish\\Projects\\LMS\\lms-backend\\vendor\\laravel\\framework\\src\\Illuminate\\Container\\BoundMethod.php(37): Illuminate\\Container\\BoundMethod::callBoundMethod(Object(Illuminate\\Foundation\\Application), Object(Closure), Object(Closure))
#15 C:\\Users\\Admin\\Desktop\\Sathish\\Projects\\LMS\\lms-backend\\vendor\\laravel\\framework\\src\\Illuminate\\Container\\Container.php(662): Illuminate\\Container\\BoundMethod::call(Object(Illuminate\\Foundation\\Application), Object(Closure), Array, NULL)
#16 C:\\Users\\Admin\\Desktop\\Sathish\\Projects\\LMS\\lms-backend\\vendor\\laravel\\framework\\src\\Illuminate\\Support\\ServiceProvider.php(119): Illuminate\\Container\\Container->call(Object(Closure))
#17 C:\\Users\\Admin\\Desktop\\Sathish\\Projects\\LMS\\lms-backend\\vendor\\laravel\\framework\\src\\Illuminate\\Foundation\\Application.php(1062): Illuminate\\Support\\ServiceProvider->callBootedCallbacks()
#18 C:\\Users\\Admin\\Desktop\\Sathish\\Projects\\LMS\\lms-backend\\vendor\\laravel\\framework\\src\\Illuminate\\Foundation\\Application.php(1040): Illuminate\\Foundation\\Application->bootProvider(Object(App\\Providers\\RouteServiceProvider))
#19 [internal function]: Illuminate\\Foundation\\Application->Illuminate\\Foundation\\{closure}(Object(App\\Providers\\RouteServiceProvider), 23)
#20 C:\\Users\\Admin\\Desktop\\Sathish\\Projects\\LMS\\lms-backend\\vendor\\laravel\\framework\\src\\Illuminate\\Foundation\\Application.php(1041): array_walk(Array, Object(Closure))
#21 C:\\Users\\Admin\\Desktop\\Sathish\\Projects\\LMS\\lms-backend\\vendor\\laravel\\framework\\src\\Illuminate\\Foundation\\Bootstrap\\BootProviders.php(17): Illuminate\\Foundation\\Application->boot()
#22 C:\\Users\\Admin\\Desktop\\Sathish\\Projects\\LMS\\lms-backend\\vendor\\laravel\\framework\\src\\Illuminate\\Foundation\\Application.php(286): Illuminate\\Foundation\\Bootstrap\\BootProviders->bootstrap(Object(Illuminate\\Foundation\\Application))
#23 C:\\Users\\Admin\\Desktop\\Sathish\\Projects\\LMS\\lms-backend\\vendor\\laravel\\framework\\src\\Illuminate\\Foundation\\Http\\Kernel.php(186): Illuminate\\Foundation\\Application->bootstrapWith(Array)
#24 C:\\Users\\Admin\\Desktop\\Sathish\\Projects\\LMS\\lms-backend\\vendor\\laravel\\framework\\src\\Illuminate\\Foundation\\Http\\Kernel.php(170): Illuminate\\Foundation\\Http\\Kernel->bootstrap()
#25 C:\\Users\\Admin\\Desktop\\Sathish\\Projects\\LMS\\lms-backend\\vendor\\laravel\\framework\\src\\Illuminate\\Foundation\\Http\\Kernel.php(144): Illuminate\\Foundation\\Http\\Kernel->sendRequestThroughRouter(Object(Illuminate\\Http\\Request))
#26 C:\\Users\\Admin\\Desktop\\Sathish\\Projects\\LMS\\lms-backend\\public\\index.php(7): Illuminate\\Foundation\\Http\\Kernel->handle(Object(Illuminate\\Http\\Request))
#27 C:\\Users\\Admin\\Desktop\\Sathish\\Projects\\LMS\\lms-backend\\vendor\\laravel\\framework\\src\\Illuminate\\Foundation\\resources\\server.php(16): require_once('C:\\\\Users\\\\Admin\\\\...')
#28 {main}
"} 
[2025-12-29 11:25:59] local.ERROR: Unclosed '{' on line 14 {"exception":"[object] (ParseError(code: 0): Unclosed '{' on line 14 at C:\\Users\\Admin\\Desktop\\Sathish\\Projects\\LMS\\lms-backend\\routes\\web.php:61)
[stacktrace]
#0 C:\\Users\\Admin\\Desktop\\Sathish\\Projects\\LMS\\lms-backend\\vendor\\laravel\\framework\\src\\Illuminate\\Routing\\Router.php(511): Illuminate\\Routing\\RouteFileRegistrar->register('C:\\\\Users\\\\Admin\\\\...')
#1 C:\\Users\\Admin\\Desktop\\Sathish\\Projects\\LMS\\lms-backend\\vendor\\laravel\\framework\\src\\Illuminate\\Routing\\Router.php(465): Illuminate\\Routing\\Router->loadRoutes('C:\\\\Users\\\\Admin\\\\...')
#2 C:\\Users\\Admin\\Desktop\\Sathish\\Projects\\LMS\\lms-backend\\vendor\\laravel\\framework\\src\\Illuminate\\Routing\\RouteRegistrar.php(194): Illuminate\\Routing\\Router->group(Array, 'C:\\\\Users\\\\Admin\\\\...')
#3 C:\\Users\\Admin\\Desktop\\Sathish\\Projects\\LMS\\lms-backend\\app\\Providers\\RouteServiceProvider.php(18): Illuminate\\Routing\\RouteRegistrar->group('C:\\\\Users\\\\Admin\\\\...')
#4 C:\\Users\\Admin\\Desktop\\Sathish\\Projects\\LMS\\lms-backend\\vendor\\laravel\\framework\\src\\Illuminate\\Container\\BoundMethod.php(36): App\\Providers\\RouteServiceProvider->App\\Providers\\{closure}()
#5 C:\\Users\\Admin\\Desktop\\Sathish\\Projects\\LMS\\lms-backend\\vendor\\laravel\\framework\\src\\Illuminate\\Container\\Util.php(41): Illuminate\\Container\\BoundMethod::Illuminate\\Container\\{closure}()
#6 C:\\Users\\Admin\\Desktop\\Sathish\\Projects\\LMS\\lms-backend\\vendor\\laravel\\framework\\src\\Illuminate\\Container\\BoundMethod.php(81): Illuminate\\Container\\Util::unwrapIfClosure(Object(Closure))
#7 C:\\Users\\Admin\\Desktop\\Sathish\\Projects\\LMS\\lms-backend\\vendor\\laravel\\framework\\src\\Illuminate\\Container\\BoundMethod.php(37): Illuminate\\Container\\BoundMethod::callBoundMethod(Object(Illuminate\\Foundation\\Application), Object(Closure), Object(Closure))
#8 C:\\Users\\Admin\\Desktop\\Sathish\\Projects\\LMS\\lms-backend\\vendor\\laravel\\framework\\src\\Illuminate\\Container\\Container.php(662): Illuminate\\Container\\BoundMethod::call(Object(Illuminate\\Foundation\\Application), Object(Closure), Array, NULL)
#9 C:\\Users\\Admin\\Desktop\\Sathish\\Projects\\LMS\\lms-backend\\vendor\\laravel\\framework\\src\\Illuminate\\Foundation\\Support\\Providers\\RouteServiceProvider.php(120): Illuminate\\Container\\Container->call(Object(Closure))
#10 C:\\Users\\Admin\\Desktop\\Sathish\\Projects\\LMS\\lms-backend\\vendor\\laravel\\framework\\src\\Illuminate\\Foundation\\Support\\Providers\\RouteServiceProvider.php(45): Illuminate\\Foundation\\Support\\Providers\\RouteServiceProvider->loadRoutes()
#11 C:\\Users\\Admin\\Desktop\\Sathish\\Projects\\LMS\\lms-backend\\vendor\\laravel\\framework\\src\\Illuminate\\Container\\BoundMethod.php(36): Illuminate\\Foundation\\Support\\Providers\\RouteServiceProvider->Illuminate\\Foundation\\Support\\Providers\\{closure}()
#12 C:\\Users\\Admin\\Desktop\\Sathish\\Projects\\LMS\\lms-backend\\vendor\\laravel\\framework\\src\\Illuminate\\Container\\Util.php(41): Illuminate\\Container\\BoundMethod::Illuminate\\Container\\{closure}()
#13 C:\\Users\\Admin\\Desktop\\Sathish\\Projects\\LMS\\lms-backend\\vendor\\laravel\\framework\\src\\Illuminate\\Container\\BoundMethod.php(81): Illuminate\\Container\\Util::unwrapIfClosure(Object(Closure))
#14 C:\\Users\\Admin\\Desktop\\Sathish\\Projects\\LMS\\lms-backend\\vendor\\laravel\\framework\\src\\Illuminate\\Container\\BoundMethod.php(37): Illuminate\\Container\\BoundMethod::callBoundMethod(Object(Illuminate\\Foundation\\Application), Object(Closure), Object(Closure))
#15 C:\\Users\\Admin\\Desktop\\Sathish\\Projects\\LMS\\lms-backend\\vendor\\laravel\\framework\\src\\Illuminate\\Container\\Container.php(662): Illuminate\\Container\\BoundMethod::call(Object(Illuminate\\Foundation\\Application), Object(Closure), Array, NULL)
#16 C:\\Users\\Admin\\Desktop\\Sathish\\Projects\\LMS\\lms-backend\\vendor\\laravel\\framework\\src\\Illuminate\\Support\\ServiceProvider.php(119): Illuminate\\Container\\Container->call(Object(Closure))
#17 C:\\Users\\Admin\\Desktop\\Sathish\\Projects\\LMS\\lms-backend\\vendor\\laravel\\framework\\src\\Illuminate\\Foundation\\Application.php(1062): Illuminate\\Support\\ServiceProvider->callBootedCallbacks()
#18 C:\\Users\\Admin\\Desktop\\Sathish\\Projects\\LMS\\lms-backend\\vendor\\laravel\\framework\\src\\Illuminate\\Foundation\\Application.php(1040): Illuminate\\Foundation\\Application->bootProvider(Object(App\\Providers\\RouteServiceProvider))
#19 [internal function]: Illuminate\\Foundation\\Application->Illuminate\\Foundation\\{closure}(Object(App\\Providers\\RouteServiceProvider), 23)
#20 C:\\Users\\Admin\\Desktop\\Sathish\\Projects\\LMS\\lms-backend\\vendor\\laravel\\framework\\src\\Illuminate\\Foundation\\Application.php(1041): array_walk(Array, Object(Closure))
#21 C:\\Users\\Admin\\Desktop\\Sathish\\Projects\\LMS\\lms-backend\\vendor\\laravel\\framework\\src\\Illuminate\\Foundation\\Bootstrap\\BootProviders.php(17): Illuminate\\Foundation\\Application->boot()
#22 C:\\Users\\Admin\\Desktop\\Sathish\\Projects\\LMS\\lms-backend\\vendor\\laravel\\framework\\src\\Illuminate\\Foundation\\Application.php(286): Illuminate\\Foundation\\Bootstrap\\BootProviders->bootstrap(Object(Illuminate\\Foundation\\Application))
#23 C:\\Users\\Admin\\Desktop\\Sathish\\Projects\\LMS\\lms-backend\\vendor\\laravel\\framework\\src\\Illuminate\\Foundation\\Http\\Kernel.php(186): Illuminate\\Foundation\\Application->bootstrapWith(Array)
#24 C:\\Users\\Admin\\Desktop\\Sathish\\Projects\\LMS\\lms-backend\\vendor\\laravel\\framework\\src\\Illuminate\\Foundation\\Http\\Kernel.php(170): Illuminate\\Foundation\\Http\\Kernel->bootstrap()
#25 C:\\Users\\Admin\\Desktop\\Sathish\\Projects\\LMS\\lms-backend\\vendor\\laravel\\framework\\src\\Illuminate\\Foundation\\Http\\Kernel.php(144): Illuminate\\Foundation\\Http\\Kernel->sendRequestThroughRouter(Object(Illuminate\\Http\\Request))
#26 C:\\Users\\Admin\\Desktop\\Sathish\\Projects\\LMS\\lms-backend\\public\\index.php(7): Illuminate\\Foundation\\Http\\Kernel->handle(Object(Illuminate\\Http\\Request))
#27 C:\\Users\\Admin\\Desktop\\Sathish\\Projects\\LMS\\lms-backend\\vendor\\laravel\\framework\\src\\Illuminate\\Foundation\\resources\\server.php(16): require_once('C:\\\\Users\\\\Admin\\\\...')
#28 {main}
"} 
[2025-12-29 11:25:59] local.ERROR: Unclosed '{' on line 14 {"exception":"[object] (ParseError(code: 0): Unclosed '{' on line 14 at C:\\Users\\Admin\\Desktop\\Sathish\\Projects\\LMS\\lms-backend\\routes\\web.php:61)
[stacktrace]
#0 C:\\Users\\Admin\\Desktop\\Sathish\\Projects\\LMS\\lms-backend\\vendor\\laravel\\framework\\src\\Illuminate\\Routing\\Router.php(511): Illuminate\\Routing\\RouteFileRegistrar->register('C:\\\\Users\\\\Admin\\\\...')
#1 C:\\Users\\Admin\\Desktop\\Sathish\\Projects\\LMS\\lms-backend\\vendor\\laravel\\framework\\src\\Illuminate\\Routing\\Router.php(465): Illuminate\\Routing\\Router->loadRoutes('C:\\\\Users\\\\Admin\\\\...')
#2 C:\\Users\\Admin\\Desktop\\Sathish\\Projects\\LMS\\lms-backend\\vendor\\laravel\\framework\\src\\Illuminate\\Routing\\RouteRegistrar.php(194): Illuminate\\Routing\\Router->group(Array, 'C:\\\\Users\\\\Admin\\\\...')
#3 C:\\Users\\Admin\\Desktop\\Sathish\\Projects\\LMS\\lms-backend\\app\\Providers\\RouteServiceProvider.php(18): Illuminate\\Routing\\RouteRegistrar->group('C:\\\\Users\\\\Admin\\\\...')
#4 C:\\Users\\Admin\\Desktop\\Sathish\\Projects\\LMS\\lms-backend\\vendor\\laravel\\framework\\src\\Illuminate\\Container\\BoundMethod.php(36): App\\Providers\\RouteServiceProvider->App\\Providers\\{closure}()
#5 C:\\Users\\Admin\\Desktop\\Sathish\\Projects\\LMS\\lms-backend\\vendor\\laravel\\framework\\src\\Illuminate\\Container\\Util.php(41): Illuminate\\Container\\BoundMethod::Illuminate\\Container\\{closure}()
#6 C:\\Users\\Admin\\Desktop\\Sathish\\Projects\\LMS\\lms-backend\\vendor\\laravel\\framework\\src\\Illuminate\\Container\\BoundMethod.php(81): Illuminate\\Container\\Util::unwrapIfClosure(Object(Closure))
#7 C:\\Users\\Admin\\Desktop\\Sathish\\Projects\\LMS\\lms-backend\\vendor\\laravel\\framework\\src\\Illuminate\\Container\\BoundMethod.php(37): Illuminate\\Container\\BoundMethod::callBoundMethod(Object(Illuminate\\Foundation\\Application), Object(Closure), Object(Closure))
#8 C:\\Users\\Admin\\Desktop\\Sathish\\Projects\\LMS\\lms-backend\\vendor\\laravel\\framework\\src\\Illuminate\\Container\\Container.php(662): Illuminate\\Container\\BoundMethod::call(Object(Illuminate\\Foundation\\Application), Object(Closure), Array, NULL)
#9 C:\\Users\\Admin\\Desktop\\Sathish\\Projects\\LMS\\lms-backend\\vendor\\laravel\\framework\\src\\Illuminate\\Foundation\\Support\\Providers\\RouteServiceProvider.php(120): Illuminate\\Container\\Container->call(Object(Closure))
#10 C:\\Users\\Admin\\Desktop\\Sathish\\Projects\\LMS\\lms-backend\\vendor\\laravel\\framework\\src\\Illuminate\\Foundation\\Support\\Providers\\RouteServiceProvider.php(45): Illuminate\\Foundation\\Support\\Providers\\RouteServiceProvider->loadRoutes()
#11 C:\\Users\\Admin\\Desktop\\Sathish\\Projects\\LMS\\lms-backend\\vendor\\laravel\\framework\\src\\Illuminate\\Container\\BoundMethod.php(36): Illuminate\\Foundation\\Support\\Providers\\RouteServiceProvider->Illuminate\\Foundation\\Support\\Providers\\{closure}()
#12 C:\\Users\\Admin\\Desktop\\Sathish\\Projects\\LMS\\lms-backend\\vendor\\laravel\\framework\\src\\Illuminate\\Container\\Util.php(41): Illuminate\\Container\\BoundMethod::Illuminate\\Container\\{closure}()
#13 C:\\Users\\Admin\\Desktop\\Sathish\\Projects\\LMS\\lms-backend\\vendor\\laravel\\framework\\src\\Illuminate\\Container\\BoundMethod.php(81): Illuminate\\Container\\Util::unwrapIfClosure(Object(Closure))
#14 C:\\Users\\Admin\\Desktop\\Sathish\\Projects\\LMS\\lms-backend\\vendor\\laravel\\framework\\src\\Illuminate\\Container\\BoundMethod.php(37): Illuminate\\Container\\BoundMethod::callBoundMethod(Object(Illuminate\\Foundation\\Application), Object(Closure), Object(Closure))
#15 C:\\Users\\Admin\\Desktop\\Sathish\\Projects\\LMS\\lms-backend\\vendor\\laravel\\framework\\src\\Illuminate\\Container\\Container.php(662): Illuminate\\Container\\BoundMethod::call(Object(Illuminate\\Foundation\\Application), Object(Closure), Array, NULL)
#16 C:\\Users\\Admin\\Desktop\\Sathish\\Projects\\LMS\\lms-backend\\vendor\\laravel\\framework\\src\\Illuminate\\Support\\ServiceProvider.php(119): Illuminate\\Container\\Container->call(Object(Closure))
#17 C:\\Users\\Admin\\Desktop\\Sathish\\Projects\\LMS\\lms-backend\\vendor\\laravel\\framework\\src\\Illuminate\\Foundation\\Application.php(1062): Illuminate\\Support\\ServiceProvider->callBootedCallbacks()
#18 C:\\Users\\Admin\\Desktop\\Sathish\\Projects\\LMS\\lms-backend\\vendor\\laravel\\framework\\src\\Illuminate\\Foundation\\Application.php(1040): Illuminate\\Foundation\\Application->bootProvider(Object(App\\Providers\\RouteServiceProvider))
#19 [internal function]: Illuminate\\Foundation\\Application->Illuminate\\Foundation\\{closure}(Object(App\\Providers\\RouteServiceProvider), 23)
#20 C:\\Users\\Admin\\Desktop\\Sathish\\Projects\\LMS\\lms-backend\\vendor\\laravel\\framework\\src\\Illuminate\\Foundation\\Application.php(1041): array_walk(Array, Object(Closure))
#21 C:\\Users\\Admin\\Desktop\\Sathish\\Projects\\LMS\\lms-backend\\vendor\\laravel\\framework\\src\\Illuminate\\Foundation\\Bootstrap\\BootProviders.php(17): Illuminate\\Foundation\\Application->boot()
#22 C:\\Users\\Admin\\Desktop\\Sathish\\Projects\\LMS\\lms-backend\\vendor\\laravel\\framework\\src\\Illuminate\\Foundation\\Application.php(286): Illuminate\\Foundation\\Bootstrap\\BootProviders->bootstrap(Object(Illuminate\\Foundation\\Application))
#23 C:\\Users\\Admin\\Desktop\\Sathish\\Projects\\LMS\\lms-backend\\vendor\\laravel\\framework\\src\\Illuminate\\Foundation\\Http\\Kernel.php(186): Illuminate\\Foundation\\Application->bootstrapWith(Array)
#24 C:\\Users\\Admin\\Desktop\\Sathish\\Projects\\LMS\\lms-backend\\vendor\\laravel\\framework\\src\\Illuminate\\Foundation\\Http\\Kernel.php(170): Illuminate\\Foundation\\Http\\Kernel->bootstrap()
#25 C:\\Users\\Admin\\Desktop\\Sathish\\Projects\\LMS\\lms-backend\\vendor\\laravel\\framework\\src\\Illuminate\\Foundation\\Http\\Kernel.php(144): Illuminate\\Foundation\\Http\\Kernel->sendRequestThroughRouter(Object(Illuminate\\Http\\Request))
#26 C:\\Users\\Admin\\Desktop\\Sathish\\Projects\\LMS\\lms-backend\\public\\index.php(7): Illuminate\\Foundation\\Http\\Kernel->handle(Object(Illuminate\\Http\\Request))
#27 C:\\Users\\Admin\\Desktop\\Sathish\\Projects\\LMS\\lms-backend\\vendor\\laravel\\framework\\src\\Illuminate\\Foundation\\resources\\server.php(16): require_once('C:\\\\Users\\\\Admin\\\\...')
#28 {main}
"} 
[2025-12-29 11:25:59] local.ERROR: Unclosed '{' on line 14 {"exception":"[object] (ParseError(code: 0): Unclosed '{' on line 14 at C:\\Users\\Admin\\Desktop\\Sathish\\Projects\\LMS\\lms-backend\\routes\\web.php:61)
[stacktrace]
#0 C:\\Users\\Admin\\Desktop\\Sathish\\Projects\\LMS\\lms-backend\\vendor\\laravel\\framework\\src\\Illuminate\\Routing\\Router.php(511): Illuminate\\Routing\\RouteFileRegistrar->register('C:\\\\Users\\\\Admin\\\\...')
#1 C:\\Users\\Admin\\Desktop\\Sathish\\Projects\\LMS\\lms-backend\\vendor\\laravel\\framework\\src\\Illuminate\\Routing\\Router.php(465): Illuminate\\Routing\\Router->loadRoutes('C:\\\\Users\\\\Admin\\\\...')
#2 C:\\Users\\Admin\\Desktop\\Sathish\\Projects\\LMS\\lms-backend\\vendor\\laravel\\framework\\src\\Illuminate\\Routing\\RouteRegistrar.php(194): Illuminate\\Routing\\Router->group(Array, 'C:\\\\Users\\\\Admin\\\\...')
#3 C:\\Users\\Admin\\Desktop\\Sathish\\Projects\\LMS\\lms-backend\\app\\Providers\\RouteServiceProvider.php(18): Illuminate\\Routing\\RouteRegistrar->group('C:\\\\Users\\\\Admin\\\\...')
#4 C:\\Users\\Admin\\Desktop\\Sathish\\Projects\\LMS\\lms-backend\\vendor\\laravel\\framework\\src\\Illuminate\\Container\\BoundMethod.php(36): App\\Providers\\RouteServiceProvider->App\\Providers\\{closure}()
#5 C:\\Users\\Admin\\Desktop\\Sathish\\Projects\\LMS\\lms-backend\\vendor\\laravel\\framework\\src\\Illuminate\\Container\\Util.php(41): Illuminate\\Container\\BoundMethod::Illuminate\\Container\\{closure}()
#6 C:\\Users\\Admin\\Desktop\\Sathish\\Projects\\LMS\\lms-backend\\vendor\\laravel\\framework\\src\\Illuminate\\Container\\BoundMethod.php(81): Illuminate\\Container\\Util::unwrapIfClosure(Object(Closure))
#7 C:\\Users\\Admin\\Desktop\\Sathish\\Projects\\LMS\\lms-backend\\vendor\\laravel\\framework\\src\\Illuminate\\Container\\BoundMethod.php(37): Illuminate\\Container\\BoundMethod::callBoundMethod(Object(Illuminate\\Foundation\\Application), Object(Closure), Object(Closure))
#8 C:\\Users\\Admin\\Desktop\\Sathish\\Projects\\LMS\\lms-backend\\vendor\\laravel\\framework\\src\\Illuminate\\Container\\Container.php(662): Illuminate\\Container\\BoundMethod::call(Object(Illuminate\\Foundation\\Application), Object(Closure), Array, NULL)
#9 C:\\Users\\Admin\\Desktop\\Sathish\\Projects\\LMS\\lms-backend\\vendor\\laravel\\framework\\src\\Illuminate\\Foundation\\Support\\Providers\\RouteServiceProvider.php(120): Illuminate\\Container\\Container->call(Object(Closure))
#10 C:\\Users\\Admin\\Desktop\\Sathish\\Projects\\LMS\\lms-backend\\vendor\\laravel\\framework\\src\\Illuminate\\Foundation\\Support\\Providers\\RouteServiceProvider.php(45): Illuminate\\Foundation\\Support\\Providers\\RouteServiceProvider->loadRoutes()
#11 C:\\Users\\Admin\\Desktop\\Sathish\\Projects\\LMS\\lms-backend\\vendor\\laravel\\framework\\src\\Illuminate\\Container\\BoundMethod.php(36): Illuminate\\Foundation\\Support\\Providers\\RouteServiceProvider->Illuminate\\Foundation\\Support\\Providers\\{closure}()
#12 C:\\Users\\Admin\\Desktop\\Sathish\\Projects\\LMS\\lms-backend\\vendor\\laravel\\framework\\src\\Illuminate\\Container\\Util.php(41): Illuminate\\Container\\BoundMethod::Illuminate\\Container\\{closure}()
#13 C:\\Users\\Admin\\Desktop\\Sathish\\Projects\\LMS\\lms-backend\\vendor\\laravel\\framework\\src\\Illuminate\\Container\\BoundMethod.php(81): Illuminate\\Container\\Util::unwrapIfClosure(Object(Closure))
#14 C:\\Users\\Admin\\Desktop\\Sathish\\Projects\\LMS\\lms-backend\\vendor\\laravel\\framework\\src\\Illuminate\\Container\\BoundMethod.php(37): Illuminate\\Container\\BoundMethod::callBoundMethod(Object(Illuminate\\Foundation\\Application), Object(Closure), Object(Closure))
#15 C:\\Users\\Admin\\Desktop\\Sathish\\Projects\\LMS\\lms-backend\\vendor\\laravel\\framework\\src\\Illuminate\\Container\\Container.php(662): Illuminate\\Container\\BoundMethod::call(Object(Illuminate\\Foundation\\Application), Object(Closure), Array, NULL)
#16 C:\\Users\\Admin\\Desktop\\Sathish\\Projects\\LMS\\lms-backend\\vendor\\laravel\\framework\\src\\Illuminate\\Support\\ServiceProvider.php(119): Illuminate\\Container\\Container->call(Object(Closure))
#17 C:\\Users\\Admin\\Desktop\\Sathish\\Projects\\LMS\\lms-backend\\vendor\\laravel\\framework\\src\\Illuminate\\Foundation\\Application.php(1062): Illuminate\\Support\\ServiceProvider->callBootedCallbacks()
#18 C:\\Users\\Admin\\Desktop\\Sathish\\Projects\\LMS\\lms-backend\\vendor\\laravel\\framework\\src\\Illuminate\\Foundation\\Application.php(1040): Illuminate\\Foundation\\Application->bootProvider(Object(App\\Providers\\RouteServiceProvider))
#19 [internal function]: Illuminate\\Foundation\\Application->Illuminate\\Foundation\\{closure}(Object(App\\Providers\\RouteServiceProvider), 23)
#20 C:\\Users\\Admin\\Desktop\\Sathish\\Projects\\LMS\\lms-backend\\vendor\\laravel\\framework\\src\\Illuminate\\Foundation\\Application.php(1041): array_walk(Array, Object(Closure))
#21 C:\\Users\\Admin\\Desktop\\Sathish\\Projects\\LMS\\lms-backend\\vendor\\laravel\\framework\\src\\Illuminate\\Foundation\\Bootstrap\\BootProviders.php(17): Illuminate\\Foundation\\Application->boot()
#22 C:\\Users\\Admin\\Desktop\\Sathish\\Projects\\LMS\\lms-backend\\vendor\\laravel\\framework\\src\\Illuminate\\Foundation\\Application.php(286): Illuminate\\Foundation\\Bootstrap\\BootProviders->bootstrap(Object(Illuminate\\Foundation\\Application))
#23 C:\\Users\\Admin\\Desktop\\Sathish\\Projects\\LMS\\lms-backend\\vendor\\laravel\\framework\\src\\Illuminate\\Foundation\\Http\\Kernel.php(186): Illuminate\\Foundation\\Application->bootstrapWith(Array)
#24 C:\\Users\\Admin\\Desktop\\Sathish\\Projects\\LMS\\lms-backend\\vendor\\laravel\\framework\\src\\Illuminate\\Foundation\\Http\\Kernel.php(170): Illuminate\\Foundation\\Http\\Kernel->bootstrap()
#25 C:\\Users\\Admin\\Desktop\\Sathish\\Projects\\LMS\\lms-backend\\vendor\\laravel\\framework\\src\\Illuminate\\Foundation\\Http\\Kernel.php(144): Illuminate\\Foundation\\Http\\Kernel->sendRequestThroughRouter(Object(Illuminate\\Http\\Request))
#26 C:\\Users\\Admin\\Desktop\\Sathish\\Projects\\LMS\\lms-backend\\public\\index.php(7): Illuminate\\Foundation\\Http\\Kernel->handle(Object(Illuminate\\Http\\Request))
#27 C:\\Users\\Admin\\Desktop\\Sathish\\Projects\\LMS\\lms-backend\\vendor\\laravel\\framework\\src\\Illuminate\\Foundation\\resources\\server.php(16): require_once('C:\\\\Users\\\\Admin\\\\...')
#28 {main}
"} 
[2025-12-29 11:27:14] local.ERROR: Class "App\Http\Controllers\Api\Admin\CoursesAdminController" does not exist {"exception":"[object] (ReflectionException(code: -1): Class \"App\\Http\\Controllers\\Api\\Admin\\CoursesAdminController\" does not exist at C:\\Users\\Admin\\Desktop\\Sathish\\Projects\\LMS\\lms-backend\\vendor\\laravel\\framework\\src\\Illuminate\\Foundation\\Console\\RouteListCommand.php:225)
[stacktrace]
#0 C:\\Users\\Admin\\Desktop\\Sathish\\Projects\\LMS\\lms-backend\\vendor\\laravel\\framework\\src\\Illuminate\\Foundation\\Console\\RouteListCommand.php(225): ReflectionClass->__construct('App\\\\Http\\\\Contro...')
#1 C:\\Users\\Admin\\Desktop\\Sathish\\Projects\\LMS\\lms-backend\\vendor\\laravel\\framework\\src\\Illuminate\\Foundation\\Console\\RouteListCommand.php(147): Illuminate\\Foundation\\Console\\RouteListCommand->isVendorRoute(Object(Illuminate\\Routing\\Route))
#2 C:\\Users\\Admin\\Desktop\\Sathish\\Projects\\LMS\\lms-backend\\vendor\\laravel\\framework\\src\\Illuminate\\Foundation\\Console\\RouteListCommand.php(116): Illuminate\\Foundation\\Console\\RouteListCommand->getRouteInformation(Object(Illuminate\\Routing\\Route))
#3 [internal function]: Illuminate\\Foundation\\Console\\RouteListCommand->Illuminate\\Foundation\\Console\\{closure}(Object(Illuminate\\Routing\\Route), 36)
#4 C:\\Users\\Admin\\Desktop\\Sathish\\Projects\\LMS\\lms-backend\\vendor\\laravel\\framework\\src\\Illuminate\\Collections\\Arr.php(600): array_map(Object(Closure), Array, Array)
#5 C:\\Users\\Admin\\Desktop\\Sathish\\Projects\\LMS\\lms-backend\\vendor\\laravel\\framework\\src\\Illuminate\\Collections\\Collection.php(778): Illuminate\\Support\\Arr::map(Array, Object(Closure))
#6 C:\\Users\\Admin\\Desktop\\Sathish\\Projects\\LMS\\lms-backend\\vendor\\laravel\\framework\\src\\Illuminate\\Foundation\\Console\\RouteListCommand.php(117): Illuminate\\Support\\Collection->map(Object(Closure))
#7 C:\\Users\\Admin\\Desktop\\Sathish\\Projects\\LMS\\lms-backend\\vendor\\laravel\\framework\\src\\Illuminate\\Foundation\\Console\\RouteListCommand.php(101): Illuminate\\Foundation\\Console\\RouteListCommand->getRoutes()
#8 C:\\Users\\Admin\\Desktop\\Sathish\\Projects\\LMS\\lms-backend\\vendor\\laravel\\framework\\src\\Illuminate\\Container\\BoundMethod.php(36): Illuminate\\Foundation\\Console\\RouteListCommand->handle()
#9 C:\\Users\\Admin\\Desktop\\Sathish\\Projects\\LMS\\lms-backend\\vendor\\laravel\\framework\\src\\Illuminate\\Container\\Util.php(41): Illuminate\\Container\\BoundMethod::Illuminate\\Container\\{closure}()
#10 C:\\Users\\Admin\\Desktop\\Sathish\\Projects\\LMS\\lms-backend\\vendor\\laravel\\framework\\src\\Illuminate\\Container\\BoundMethod.php(93): Illuminate\\Container\\Util::unwrapIfClosure(Object(Closure))
#11 C:\\Users\\Admin\\Desktop\\Sathish\\Projects\\LMS\\lms-backend\\vendor\\laravel\\framework\\src\\Illuminate\\Container\\BoundMethod.php(37): Illuminate\\Container\\BoundMethod::callBoundMethod(Object(Illuminate\\Foundation\\Application), Array, Object(Closure))
#12 C:\\Users\\Admin\\Desktop\\Sathish\\Projects\\LMS\\lms-backend\\vendor\\laravel\\framework\\src\\Illuminate\\Container\\Container.php(662): Illuminate\\Container\\BoundMethod::call(Object(Illuminate\\Foundation\\Application), Array, Array, NULL)
#13 C:\\Users\\Admin\\Desktop\\Sathish\\Projects\\LMS\\lms-backend\\vendor\\laravel\\framework\\src\\Illuminate\\Console\\Command.php(211): Illuminate\\Container\\Container->call(Array)
#14 C:\\Users\\Admin\\Desktop\\Sathish\\Projects\\LMS\\lms-backend\\vendor\\symfony\\console\\Command\\Command.php(326): Illuminate\\Console\\Command->execute(Object(Symfony\\Component\\Console\\Input\\ArgvInput), Object(Illuminate\\Console\\OutputStyle))
#15 C:\\Users\\Admin\\Desktop\\Sathish\\Projects\\LMS\\lms-backend\\vendor\\laravel\\framework\\src\\Illuminate\\Console\\Command.php(181): Symfony\\Component\\Console\\Command\\Command->run(Object(Symfony\\Component\\Console\\Input\\ArgvInput), Object(Illuminate\\Console\\OutputStyle))
#16 C:\\Users\\Admin\\Desktop\\Sathish\\Projects\\LMS\\lms-backend\\vendor\\symfony\\console\\Application.php(1106): Illuminate\\Console\\Command->run(Object(Symfony\\Component\\Console\\Input\\ArgvInput), Object(Symfony\\Component\\Console\\Output\\ConsoleOutput))
#17 C:\\Users\\Admin\\Desktop\\Sathish\\Projects\\LMS\\lms-backend\\vendor\\symfony\\console\\Application.php(324): Symfony\\Component\\Console\\Application->doRunCommand(Object(Illuminate\\Foundation\\Console\\RouteListCommand), Object(Symfony\\Component\\Console\\Input\\ArgvInput), Object(Symfony\\Component\\Console\\Output\\ConsoleOutput))
#18 C:\\Users\\Admin\\Desktop\\Sathish\\Projects\\LMS\\lms-backend\\vendor\\symfony\\console\\Application.php(175): Symfony\\Component\\Console\\Application->doRun(Object(Symfony\\Component\\Console\\Input\\ArgvInput), Object(Symfony\\Component\\Console\\Output\\ConsoleOutput))
#19 C:\\Users\\Admin\\Desktop\\Sathish\\Projects\\LMS\\lms-backend\\vendor\\laravel\\framework\\src\\Illuminate\\Foundation\\Console\\Kernel.php(201): Symfony\\Component\\Console\\Application->run(Object(Symfony\\Component\\Console\\Input\\ArgvInput), Object(Symfony\\Component\\Console\\Output\\ConsoleOutput))
#20 C:\\Users\\Admin\\Desktop\\Sathish\\Projects\\LMS\\lms-backend\\artisan(10): Illuminate\\Foundation\\Console\\Kernel->handle(Object(Symfony\\Component\\Console\\Input\\ArgvInput), Object(Symfony\\Component\\Console\\Output\\ConsoleOutput))
#21 {main}
"} 
[2025-12-29 11:28:40] local.ERROR: Class "App\Http\Controllers\Api\Admin\CoursesAdminController" does not exist {"exception":"[object] (ReflectionException(code: -1): Class \"App\\Http\\Controllers\\Api\\Admin\\CoursesAdminController\" does not exist at C:\\Users\\Admin\\Desktop\\Sathish\\Projects\\LMS\\lms-backend\\vendor\\laravel\\framework\\src\\Illuminate\\Foundation\\Console\\RouteListCommand.php:225)
[stacktrace]
#0 C:\\Users\\Admin\\Desktop\\Sathish\\Projects\\LMS\\lms-backend\\vendor\\laravel\\framework\\src\\Illuminate\\Foundation\\Console\\RouteListCommand.php(225): ReflectionClass->__construct('App\\\\Http\\\\Contro...')
#1 C:\\Users\\Admin\\Desktop\\Sathish\\Projects\\LMS\\lms-backend\\vendor\\laravel\\framework\\src\\Illuminate\\Foundation\\Console\\RouteListCommand.php(147): Illuminate\\Foundation\\Console\\RouteListCommand->isVendorRoute(Object(Illuminate\\Routing\\Route))
#2 C:\\Users\\Admin\\Desktop\\Sathish\\Projects\\LMS\\lms-backend\\vendor\\laravel\\framework\\src\\Illuminate\\Foundation\\Console\\RouteListCommand.php(116): Illuminate\\Foundation\\Console\\RouteListCommand->getRouteInformation(Object(Illuminate\\Routing\\Route))
#3 [internal function]: Illuminate\\Foundation\\Console\\RouteListCommand->Illuminate\\Foundation\\Console\\{closure}(Object(Illuminate\\Routing\\Route), 32)
#4 C:\\Users\\Admin\\Desktop\\Sathish\\Projects\\LMS\\lms-backend\\vendor\\laravel\\framework\\src\\Illuminate\\Collections\\Arr.php(600): array_map(Object(Closure), Array, Array)
#5 C:\\Users\\Admin\\Desktop\\Sathish\\Projects\\LMS\\lms-backend\\vendor\\laravel\\framework\\src\\Illuminate\\Collections\\Collection.php(778): Illuminate\\Support\\Arr::map(Array, Object(Closure))
#6 C:\\Users\\Admin\\Desktop\\Sathish\\Projects\\LMS\\lms-backend\\vendor\\laravel\\framework\\src\\Illuminate\\Foundation\\Console\\RouteListCommand.php(117): Illuminate\\Support\\Collection->map(Object(Closure))
#7 C:\\Users\\Admin\\Desktop\\Sathish\\Projects\\LMS\\lms-backend\\vendor\\laravel\\framework\\src\\Illuminate\\Foundation\\Console\\RouteListCommand.php(101): Illuminate\\Foundation\\Console\\RouteListCommand->getRoutes()
#8 C:\\Users\\Admin\\Desktop\\Sathish\\Projects\\LMS\\lms-backend\\vendor\\laravel\\framework\\src\\Illuminate\\Container\\BoundMethod.php(36): Illuminate\\Foundation\\Console\\RouteListCommand->handle()
#9 C:\\Users\\Admin\\Desktop\\Sathish\\Projects\\LMS\\lms-backend\\vendor\\laravel\\framework\\src\\Illuminate\\Container\\Util.php(41): Illuminate\\Container\\BoundMethod::Illuminate\\Container\\{closure}()
#10 C:\\Users\\Admin\\Desktop\\Sathish\\Projects\\LMS\\lms-backend\\vendor\\laravel\\framework\\src\\Illuminate\\Container\\BoundMethod.php(93): Illuminate\\Container\\Util::unwrapIfClosure(Object(Closure))
#11 C:\\Users\\Admin\\Desktop\\Sathish\\Projects\\LMS\\lms-backend\\vendor\\laravel\\framework\\src\\Illuminate\\Container\\BoundMethod.php(37): Illuminate\\Container\\BoundMethod::callBoundMethod(Object(Illuminate\\Foundation\\Application), Array, Object(Closure))
#12 C:\\Users\\Admin\\Desktop\\Sathish\\Projects\\LMS\\lms-backend\\vendor\\laravel\\framework\\src\\Illuminate\\Container\\Container.php(662): Illuminate\\Container\\BoundMethod::call(Object(Illuminate\\Foundation\\Application), Array, Array, NULL)
#13 C:\\Users\\Admin\\Desktop\\Sathish\\Projects\\LMS\\lms-backend\\vendor\\laravel\\framework\\src\\Illuminate\\Console\\Command.php(211): Illuminate\\Container\\Container->call(Array)
#14 C:\\Users\\Admin\\Desktop\\Sathish\\Projects\\LMS\\lms-backend\\vendor\\symfony\\console\\Command\\Command.php(326): Illuminate\\Console\\Command->execute(Object(Symfony\\Component\\Console\\Input\\ArgvInput), Object(Illuminate\\Console\\OutputStyle))
#15 C:\\Users\\Admin\\Desktop\\Sathish\\Projects\\LMS\\lms-backend\\vendor\\laravel\\framework\\src\\Illuminate\\Console\\Command.php(181): Symfony\\Component\\Console\\Command\\Command->run(Object(Symfony\\Component\\Console\\Input\\ArgvInput), Object(Illuminate\\Console\\OutputStyle))
#16 C:\\Users\\Admin\\Desktop\\Sathish\\Projects\\LMS\\lms-backend\\vendor\\symfony\\console\\Application.php(1106): Illuminate\\Console\\Command->run(Object(Symfony\\Component\\Console\\Input\\ArgvInput), Object(Symfony\\Component\\Console\\Output\\ConsoleOutput))
#17 C:\\Users\\Admin\\Desktop\\Sathish\\Projects\\LMS\\lms-backend\\vendor\\symfony\\console\\Application.php(324): Symfony\\Component\\Console\\Application->doRunCommand(Object(Illuminate\\Foundation\\Console\\RouteListCommand), Object(Symfony\\Component\\Console\\Input\\ArgvInput), Object(Symfony\\Component\\Console\\Output\\ConsoleOutput))
#18 C:\\Users\\Admin\\Desktop\\Sathish\\Projects\\LMS\\lms-backend\\vendor\\symfony\\console\\Application.php(175): Symfony\\Component\\Console\\Application->doRun(Object(Symfony\\Component\\Console\\Input\\ArgvInput), Object(Symfony\\Component\\Console\\Output\\ConsoleOutput))
#19 C:\\Users\\Admin\\Desktop\\Sathish\\Projects\\LMS\\lms-backend\\vendor\\laravel\\framework\\src\\Illuminate\\Foundation\\Console\\Kernel.php(201): Symfony\\Component\\Console\\Application->run(Object(Symfony\\Component\\Console\\Input\\ArgvInput), Object(Symfony\\Component\\Console\\Output\\ConsoleOutput))
#20 C:\\Users\\Admin\\Desktop\\Sathish\\Projects\\LMS\\lms-backend\\artisan(10): Illuminate\\Foundation\\Console\\Kernel->handle(Object(Symfony\\Component\\Console\\Input\\ArgvInput), Object(Symfony\\Component\\Console\\Output\\ConsoleOutput))
#21 {main}
"} 
[2025-12-29 11:29:07] local.ERROR: Target class [App\Http\Controllers\Api\Admin\CoursesAdminController] does not exist. {"userId":1,"exception":"[object] (Illuminate\\Contracts\\Container\\BindingResolutionException(code: 0): Target class [App\\Http\\Controllers\\Api\\Admin\\CoursesAdminController] does not exist. at C:\\Users\\Admin\\Desktop\\Sathish\\Projects\\LMS\\lms-backend\\vendor\\laravel\\framework\\src\\Illuminate\\Container\\Container.php:914)
[stacktrace]
#0 C:\\Users\\Admin\\Desktop\\Sathish\\Projects\\LMS\\lms-backend\\vendor\\laravel\\framework\\src\\Illuminate\\Container\\Container.php(795): Illuminate\\Container\\Container->build('App\\\\Http\\\\Contro...')
#1 C:\\Users\\Admin\\Desktop\\Sathish\\Projects\\LMS\\lms-backend\\vendor\\laravel\\framework\\src\\Illuminate\\Foundation\\Application.php(986): Illuminate\\Container\\Container->resolve('App\\\\Http\\\\Contro...', Array, true)
#2 C:\\Users\\Admin\\Desktop\\Sathish\\Projects\\LMS\\lms-backend\\vendor\\laravel\\framework\\src\\Illuminate\\Container\\Container.php(731): Illuminate\\Foundation\\Application->resolve('App\\\\Http\\\\Contro...', Array)
#3 C:\\Users\\Admin\\Desktop\\Sathish\\Projects\\LMS\\lms-backend\\vendor\\laravel\\framework\\src\\Illuminate\\Foundation\\Application.php(971): Illuminate\\Container\\Container->make('App\\\\Http\\\\Contro...', Array)
#4 C:\\Users\\Admin\\Desktop\\Sathish\\Projects\\LMS\\lms-backend\\vendor\\laravel\\framework\\src\\Illuminate\\Routing\\Route.php(278): Illuminate\\Foundation\\Application->make('App\\\\Http\\\\Contro...')
#5 C:\\Users\\Admin\\Desktop\\Sathish\\Projects\\LMS\\lms-backend\\vendor\\laravel\\framework\\src\\Illuminate\\Routing\\Route.php(260): Illuminate\\Routing\\Route->getController()
#6 C:\\Users\\Admin\\Desktop\\Sathish\\Projects\\LMS\\lms-backend\\vendor\\laravel\\framework\\src\\Illuminate\\Routing\\Route.php(205): Illuminate\\Routing\\Route->runController()
#7 C:\\Users\\Admin\\Desktop\\Sathish\\Projects\\LMS\\lms-backend\\vendor\\laravel\\framework\\src\\Illuminate\\Routing\\Router.php(806): Illuminate\\Routing\\Route->run()
#8 C:\\Users\\Admin\\Desktop\\Sathish\\Projects\\LMS\\lms-backend\\vendor\\laravel\\framework\\src\\Illuminate\\Pipeline\\Pipeline.php(144): Illuminate\\Routing\\Router->Illuminate\\Routing\\{closure}(Object(Illuminate\\Http\\Request))
#9 C:\\Users\\Admin\\Desktop\\Sathish\\Projects\\LMS\\lms-backend\\app\\Http\\Middleware\\EnsureRole.php(17): Illuminate\\Pipeline\\Pipeline->Illuminate\\Pipeline\\{closure}(Object(Illuminate\\Http\\Request))
#10 C:\\Users\\Admin\\Desktop\\Sathish\\Projects\\LMS\\lms-backend\\vendor\\laravel\\framework\\src\\Illuminate\\Pipeline\\Pipeline.php(183): App\\Http\\Middleware\\EnsureRole->handle(Object(Illuminate\\Http\\Request), Object(Closure), 'admin')
#11 C:\\Users\\Admin\\Desktop\\Sathish\\Projects\\LMS\\lms-backend\\app\\Http\\Middleware\\ResolveTenant.php(56): Illuminate\\Pipeline\\Pipeline->Illuminate\\Pipeline\\{closure}(Object(Illuminate\\Http\\Request))
#12 C:\\Users\\Admin\\Desktop\\Sathish\\Projects\\LMS\\lms-backend\\vendor\\laravel\\framework\\src\\Illuminate\\Pipeline\\Pipeline.php(183): App\\Http\\Middleware\\ResolveTenant->handle(Object(Illuminate\\Http\\Request), Object(Closure))
#13 C:\\Users\\Admin\\Desktop\\Sathish\\Projects\\LMS\\lms-backend\\vendor\\laravel\\framework\\src\\Illuminate\\Routing\\Middleware\\SubstituteBindings.php(50): Illuminate\\Pipeline\\Pipeline->Illuminate\\Pipeline\\{closure}(Object(Illuminate\\Http\\Request))
#14 C:\\Users\\Admin\\Desktop\\Sathish\\Projects\\LMS\\lms-backend\\vendor\\laravel\\framework\\src\\Illuminate\\Pipeline\\Pipeline.php(183): Illuminate\\Routing\\Middleware\\SubstituteBindings->handle(Object(Illuminate\\Http\\Request), Object(Closure))
#15 C:\\Users\\Admin\\Desktop\\Sathish\\Projects\\LMS\\lms-backend\\vendor\\laravel\\framework\\src\\Illuminate\\Auth\\Middleware\\Authenticate.php(57): Illuminate\\Pipeline\\Pipeline->Illuminate\\Pipeline\\{closure}(Object(Illuminate\\Http\\Request))
#16 C:\\Users\\Admin\\Desktop\\Sathish\\Projects\\LMS\\lms-backend\\vendor\\laravel\\framework\\src\\Illuminate\\Pipeline\\Pipeline.php(183): Illuminate\\Auth\\Middleware\\Authenticate->handle(Object(Illuminate\\Http\\Request), Object(Closure))
#17 C:\\Users\\Admin\\Desktop\\Sathish\\Projects\\LMS\\lms-backend\\vendor\\laravel\\framework\\src\\Illuminate\\Foundation\\Http\\Middleware\\VerifyCsrfToken.php(78): Illuminate\\Pipeline\\Pipeline->Illuminate\\Pipeline\\{closure}(Object(Illuminate\\Http\\Request))
#18 C:\\Users\\Admin\\Desktop\\Sathish\\Projects\\LMS\\lms-backend\\vendor\\laravel\\framework\\src\\Illuminate\\Pipeline\\Pipeline.php(183): Illuminate\\Foundation\\Http\\Middleware\\VerifyCsrfToken->handle(Object(Illuminate\\Http\\Request), Object(Closure))
#19 C:\\Users\\Admin\\Desktop\\Sathish\\Projects\\LMS\\lms-backend\\vendor\\laravel\\framework\\src\\Illuminate\\View\\Middleware\\ShareErrorsFromSession.php(49): Illuminate\\Pipeline\\Pipeline->Illuminate\\Pipeline\\{closure}(Object(Illuminate\\Http\\Request))
#20 C:\\Users\\Admin\\Desktop\\Sathish\\Projects\\LMS\\lms-backend\\vendor\\laravel\\framework\\src\\Illuminate\\Pipeline\\Pipeline.php(183): Illuminate\\View\\Middleware\\ShareErrorsFromSession->handle(Object(Illuminate\\Http\\Request), Object(Closure))
#21 C:\\Users\\Admin\\Desktop\\Sathish\\Projects\\LMS\\lms-backend\\vendor\\laravel\\framework\\src\\Illuminate\\Session\\Middleware\\StartSession.php(121): Illuminate\\Pipeline\\Pipeline->Illuminate\\Pipeline\\{closure}(Object(Illuminate\\Http\\Request))
#22 C:\\Users\\Admin\\Desktop\\Sathish\\Projects\\LMS\\lms-backend\\vendor\\laravel\\framework\\src\\Illuminate\\Session\\Middleware\\StartSession.php(64): Illuminate\\Session\\Middleware\\StartSession->handleStatefulRequest(Object(Illuminate\\Http\\Request), Object(Illuminate\\Session\\Store), Object(Closure))
#23 C:\\Users\\Admin\\Desktop\\Sathish\\Projects\\LMS\\lms-backend\\vendor\\laravel\\framework\\src\\Illuminate\\Pipeline\\Pipeline.php(183): Illuminate\\Session\\Middleware\\StartSession->handle(Object(Illuminate\\Http\\Request), Object(Closure))
#24 C:\\Users\\Admin\\Desktop\\Sathish\\Projects\\LMS\\lms-backend\\vendor\\laravel\\framework\\src\\Illuminate\\Cookie\\Middleware\\AddQueuedCookiesToResponse.php(37): Illuminate\\Pipeline\\Pipeline->Illuminate\\Pipeline\\{closure}(Object(Illuminate\\Http\\Request))
#25 C:\\Users\\Admin\\Desktop\\Sathish\\Projects\\LMS\\lms-backend\\vendor\\laravel\\framework\\src\\Illuminate\\Pipeline\\Pipeline.php(183): Illuminate\\Cookie\\Middleware\\AddQueuedCookiesToResponse->handle(Object(Illuminate\\Http\\Request), Object(Closure))
#26 C:\\Users\\Admin\\Desktop\\Sathish\\Projects\\LMS\\lms-backend\\vendor\\laravel\\framework\\src\\Illuminate\\Cookie\\Middleware\\EncryptCookies.php(67): Illuminate\\Pipeline\\Pipeline->Illuminate\\Pipeline\\{closure}(Object(Illuminate\\Http\\Request))
#27 C:\\Users\\Admin\\Desktop\\Sathish\\Projects\\LMS\\lms-backend\\vendor\\laravel\\framework\\src\\Illuminate\\Pipeline\\Pipeline.php(183): Illuminate\\Cookie\\Middleware\\EncryptCookies->handle(Object(Illuminate\\Http\\Request), Object(Closure))
#28 C:\\Users\\Admin\\Desktop\\Sathish\\Projects\\LMS\\lms-backend\\vendor\\laravel\\framework\\src\\Illuminate\\Pipeline\\Pipeline.php(119): Illuminate\\Pipeline\\Pipeline->Illuminate\\Pipeline\\{closure}(Object(Illuminate\\Http\\Request))
#29 C:\\Users\\Admin\\Desktop\\Sathish\\Projects\\LMS\\lms-backend\\vendor\\laravel\\framework\\src\\Illuminate\\Routing\\Router.php(807): Illuminate\\Pipeline\\Pipeline->then(Object(Closure))
#30 C:\\Users\\Admin\\Desktop\\Sathish\\Projects\\LMS\\lms-backend\\vendor\\laravel\\framework\\src\\Illuminate\\Routing\\Router.php(784): Illuminate\\Routing\\Router->runRouteWithinStack(Object(Illuminate\\Routing\\Route), Object(Illuminate\\Http\\Request))
#31 C:\\Users\\Admin\\Desktop\\Sathish\\Projects\\LMS\\lms-backend\\vendor\\laravel\\framework\\src\\Illuminate\\Routing\\Router.php(748): Illuminate\\Routing\\Router->runRoute(Object(Illuminate\\Http\\Request), Object(Illuminate\\Routing\\Route))
#32 C:\\Users\\Admin\\Desktop\\Sathish\\Projects\\LMS\\lms-backend\\vendor\\laravel\\framework\\src\\Illuminate\\Routing\\Router.php(737): Illuminate\\Routing\\Router->dispatchToRoute(Object(Illuminate\\Http\\Request))
#33 C:\\Users\\Admin\\Desktop\\Sathish\\Projects\\LMS\\lms-backend\\vendor\\laravel\\framework\\src\\Illuminate\\Foundation\\Http\\Kernel.php(200): Illuminate\\Routing\\Router->dispatch(Object(Illuminate\\Http\\Request))
#34 C:\\Users\\Admin\\Desktop\\Sathish\\Projects\\LMS\\lms-backend\\vendor\\laravel\\framework\\src\\Illuminate\\Pipeline\\Pipeline.php(144): Illuminate\\Foundation\\Http\\Kernel->Illuminate\\Foundation\\Http\\{closure}(Object(Illuminate\\Http\\Request))
#35 C:\\Users\\Admin\\Desktop\\Sathish\\Projects\\LMS\\lms-backend\\vendor\\laravel\\framework\\src\\Illuminate\\Foundation\\Http\\Middleware\\TransformsRequest.php(21): Illuminate\\Pipeline\\Pipeline->Illuminate\\Pipeline\\{closure}(Object(Illuminate\\Http\\Request))
#36 C:\\Users\\Admin\\Desktop\\Sathish\\Projects\\LMS\\lms-backend\\vendor\\laravel\\framework\\src\\Illuminate\\Foundation\\Http\\Middleware\\ConvertEmptyStringsToNull.php(31): Illuminate\\Foundation\\Http\\Middleware\\TransformsRequest->handle(Object(Illuminate\\Http\\Request), Object(Closure))
#37 C:\\Users\\Admin\\Desktop\\Sathish\\Projects\\LMS\\lms-backend\\vendor\\laravel\\framework\\src\\Illuminate\\Pipeline\\Pipeline.php(183): Illuminate\\Foundation\\Http\\Middleware\\ConvertEmptyStringsToNull->handle(Object(Illuminate\\Http\\Request), Object(Closure))
#38 C:\\Users\\Admin\\Desktop\\Sathish\\Projects\\LMS\\lms-backend\\vendor\\laravel\\framework\\src\\Illuminate\\Foundation\\Http\\Middleware\\TransformsRequest.php(21): Illuminate\\Pipeline\\Pipeline->Illuminate\\Pipeline\\{closure}(Object(Illuminate\\Http\\Request))
#39 C:\\Users\\Admin\\Desktop\\Sathish\\Projects\\LMS\\lms-backend\\vendor\\laravel\\framework\\src\\Illuminate\\Foundation\\Http\\Middleware\\TrimStrings.php(40): Illuminate\\Foundation\\Http\\Middleware\\TransformsRequest->handle(Object(Illuminate\\Http\\Request), Object(Closure))
#40 C:\\Users\\Admin\\Desktop\\Sathish\\Projects\\LMS\\lms-backend\\vendor\\laravel\\framework\\src\\Illuminate\\Pipeline\\Pipeline.php(183): Illuminate\\Foundation\\Http\\Middleware\\TrimStrings->handle(Object(Illuminate\\Http\\Request), Object(Closure))
#41 C:\\Users\\Admin\\Desktop\\Sathish\\Projects\\LMS\\lms-backend\\vendor\\laravel\\framework\\src\\Illuminate\\Foundation\\Http\\Middleware\\ValidatePostSize.php(27): Illuminate\\Pipeline\\Pipeline->Illuminate\\Pipeline\\{closure}(Object(Illuminate\\Http\\Request))
#42 C:\\Users\\Admin\\Desktop\\Sathish\\Projects\\LMS\\lms-backend\\vendor\\laravel\\framework\\src\\Illuminate\\Pipeline\\Pipeline.php(183): Illuminate\\Foundation\\Http\\Middleware\\ValidatePostSize->handle(Object(Illuminate\\Http\\Request), Object(Closure))
#43 C:\\Users\\Admin\\Desktop\\Sathish\\Projects\\LMS\\lms-backend\\vendor\\laravel\\framework\\src\\Illuminate\\Foundation\\Http\\Middleware\\PreventRequestsDuringMaintenance.php(99): Illuminate\\Pipeline\\Pipeline->Illuminate\\Pipeline\\{closure}(Object(Illuminate\\Http\\Request))
#44 C:\\Users\\Admin\\Desktop\\Sathish\\Projects\\LMS\\lms-backend\\vendor\\laravel\\framework\\src\\Illuminate\\Pipeline\\Pipeline.php(183): Illuminate\\Foundation\\Http\\Middleware\\PreventRequestsDuringMaintenance->handle(Object(Illuminate\\Http\\Request), Object(Closure))
#45 C:\\Users\\Admin\\Desktop\\Sathish\\Projects\\LMS\\lms-backend\\vendor\\laravel\\framework\\src\\Illuminate\\Http\\Middleware\\HandleCors.php(62): Illuminate\\Pipeline\\Pipeline->Illuminate\\Pipeline\\{closure}(Object(Illuminate\\Http\\Request))
#46 C:\\Users\\Admin\\Desktop\\Sathish\\Projects\\LMS\\lms-backend\\vendor\\laravel\\framework\\src\\Illuminate\\Pipeline\\Pipeline.php(183): Illuminate\\Http\\Middleware\\HandleCors->handle(Object(Illuminate\\Http\\Request), Object(Closure))
#47 C:\\Users\\Admin\\Desktop\\Sathish\\Projects\\LMS\\lms-backend\\vendor\\laravel\\framework\\src\\Illuminate\\Http\\Middleware\\TrustProxies.php(39): Illuminate\\Pipeline\\Pipeline->Illuminate\\Pipeline\\{closure}(Object(Illuminate\\Http\\Request))
#48 C:\\Users\\Admin\\Desktop\\Sathish\\Projects\\LMS\\lms-backend\\vendor\\laravel\\framework\\src\\Illuminate\\Pipeline\\Pipeline.php(183): Illuminate\\Http\\Middleware\\TrustProxies->handle(Object(Illuminate\\Http\\Request), Object(Closure))
#49 C:\\Users\\Admin\\Desktop\\Sathish\\Projects\\LMS\\lms-backend\\vendor\\laravel\\framework\\src\\Illuminate\\Pipeline\\Pipeline.php(119): Illuminate\\Pipeline\\Pipeline->Illuminate\\Pipeline\\{closure}(Object(Illuminate\\Http\\Request))
#50 C:\\Users\\Admin\\Desktop\\Sathish\\Projects\\LMS\\lms-backend\\vendor\\laravel\\framework\\src\\Illuminate\\Foundation\\Http\\Kernel.php(175): Illuminate\\Pipeline\\Pipeline->then(Object(Closure))
#51 C:\\Users\\Admin\\Desktop\\Sathish\\Projects\\LMS\\lms-backend\\vendor\\laravel\\framework\\src\\Illuminate\\Foundation\\Http\\Kernel.php(144): Illuminate\\Foundation\\Http\\Kernel->sendRequestThroughRouter(Object(Illuminate\\Http\\Request))
#52 C:\\Users\\Admin\\Desktop\\Sathish\\Projects\\LMS\\lms-backend\\public\\index.php(7): Illuminate\\Foundation\\Http\\Kernel->handle(Object(Illuminate\\Http\\Request))
#53 C:\\Users\\Admin\\Desktop\\Sathish\\Projects\\LMS\\lms-backend\\vendor\\laravel\\framework\\src\\Illuminate\\Foundation\\resources\\server.php(16): require_once('C:\\\\Users\\\\Admin\\\\...')
#54 {main}

[previous exception] [object] (ReflectionException(code: -1): Class \"App\\Http\\Controllers\\Api\\Admin\\CoursesAdminController\" does not exist at C:\\Users\\Admin\\Desktop\\Sathish\\Projects\\LMS\\lms-backend\\vendor\\laravel\\framework\\src\\Illuminate\\Container\\Container.php:912)
[stacktrace]
#0 C:\\Users\\Admin\\Desktop\\Sathish\\Projects\\LMS\\lms-backend\\vendor\\laravel\\framework\\src\\Illuminate\\Container\\Container.php(912): ReflectionClass->__construct('App\\\\Http\\\\Contro...')
#1 C:\\Users\\Admin\\Desktop\\Sathish\\Projects\\LMS\\lms-backend\\vendor\\laravel\\framework\\src\\Illuminate\\Container\\Container.php(795): Illuminate\\Container\\Container->build('App\\\\Http\\\\Contro...')
#2 C:\\Users\\Admin\\Desktop\\Sathish\\Projects\\LMS\\lms-backend\\vendor\\laravel\\framework\\src\\Illuminate\\Foundation\\Application.php(986): Illuminate\\Container\\Container->resolve('App\\\\Http\\\\Contro...', Array, true)
#3 C:\\Users\\Admin\\Desktop\\Sathish\\Projects\\LMS\\lms-backend\\vendor\\laravel\\framework\\src\\Illuminate\\Container\\Container.php(731): Illuminate\\Foundation\\Application->resolve('App\\\\Http\\\\Contro...', Array)
#4 C:\\Users\\Admin\\Desktop\\Sathish\\Projects\\LMS\\lms-backend\\vendor\\laravel\\framework\\src\\Illuminate\\Foundation\\Application.php(971): Illuminate\\Container\\Container->make('App\\\\Http\\\\Contro...', Array)
#5 C:\\Users\\Admin\\Desktop\\Sathish\\Projects\\LMS\\lms-backend\\vendor\\laravel\\framework\\src\\Illuminate\\Routing\\Route.php(278): Illuminate\\Foundation\\Application->make('App\\\\Http\\\\Contro...')
#6 C:\\Users\\Admin\\Desktop\\Sathish\\Projects\\LMS\\lms-backend\\vendor\\laravel\\framework\\src\\Illuminate\\Routing\\Route.php(260): Illuminate\\Routing\\Route->getController()
#7 C:\\Users\\Admin\\Desktop\\Sathish\\Projects\\LMS\\lms-backend\\vendor\\laravel\\framework\\src\\Illuminate\\Routing\\Route.php(205): Illuminate\\Routing\\Route->runController()
#8 C:\\Users\\Admin\\Desktop\\Sathish\\Projects\\LMS\\lms-backend\\vendor\\laravel\\framework\\src\\Illuminate\\Routing\\Router.php(806): Illuminate\\Routing\\Route->run()
#9 C:\\Users\\Admin\\Desktop\\Sathish\\Projects\\LMS\\lms-backend\\vendor\\laravel\\framework\\src\\Illuminate\\Pipeline\\Pipeline.php(144): Illuminate\\Routing\\Router->Illuminate\\Routing\\{closure}(Object(Illuminate\\Http\\Request))
#10 C:\\Users\\Admin\\Desktop\\Sathish\\Projects\\LMS\\lms-backend\\app\\Http\\Middleware\\EnsureRole.php(17): Illuminate\\Pipeline\\Pipeline->Illuminate\\Pipeline\\{closure}(Object(Illuminate\\Http\\Request))
#11 C:\\Users\\Admin\\Desktop\\Sathish\\Projects\\LMS\\lms-backend\\vendor\\laravel\\framework\\src\\Illuminate\\Pipeline\\Pipeline.php(183): App\\Http\\Middleware\\EnsureRole->handle(Object(Illuminate\\Http\\Request), Object(Closure), 'admin')
#12 C:\\Users\\Admin\\Desktop\\Sathish\\Projects\\LMS\\lms-backend\\app\\Http\\Middleware\\ResolveTenant.php(56): Illuminate\\Pipeline\\Pipeline->Illuminate\\Pipeline\\{closure}(Object(Illuminate\\Http\\Request))
#13 C:\\Users\\Admin\\Desktop\\Sathish\\Projects\\LMS\\lms-backend\\vendor\\laravel\\framework\\src\\Illuminate\\Pipeline\\Pipeline.php(183): App\\Http\\Middleware\\ResolveTenant->handle(Object(Illuminate\\Http\\Request), Object(Closure))
#14 C:\\Users\\Admin\\Desktop\\Sathish\\Projects\\LMS\\lms-backend\\vendor\\laravel\\framework\\src\\Illuminate\\Routing\\Middleware\\SubstituteBindings.php(50): Illuminate\\Pipeline\\Pipeline->Illuminate\\Pipeline\\{closure}(Object(Illuminate\\Http\\Request))
#15 C:\\Users\\Admin\\Desktop\\Sathish\\Projects\\LMS\\lms-backend\\vendor\\laravel\\framework\\src\\Illuminate\\Pipeline\\Pipeline.php(183): Illuminate\\Routing\\Middleware\\SubstituteBindings->handle(Object(Illuminate\\Http\\Request), Object(Closure))
#16 C:\\Users\\Admin\\Desktop\\Sathish\\Projects\\LMS\\lms-backend\\vendor\\laravel\\framework\\src\\Illuminate\\Auth\\Middleware\\Authenticate.php(57): Illuminate\\Pipeline\\Pipeline->Illuminate\\Pipeline\\{closure}(Object(Illuminate\\Http\\Request))
#17 C:\\Users\\Admin\\Desktop\\Sathish\\Projects\\LMS\\lms-backend\\vendor\\laravel\\framework\\src\\Illuminate\\Pipeline\\Pipeline.php(183): Illuminate\\Auth\\Middleware\\Authenticate->handle(Object(Illuminate\\Http\\Request), Object(Closure))
#18 C:\\Users\\Admin\\Desktop\\Sathish\\Projects\\LMS\\lms-backend\\vendor\\laravel\\framework\\src\\Illuminate\\Foundation\\Http\\Middleware\\VerifyCsrfToken.php(78): Illuminate\\Pipeline\\Pipeline->Illuminate\\Pipeline\\{closure}(Object(Illuminate\\Http\\Request))
#19 C:\\Users\\Admin\\Desktop\\Sathish\\Projects\\LMS\\lms-backend\\vendor\\laravel\\framework\\src\\Illuminate\\Pipeline\\Pipeline.php(183): Illuminate\\Foundation\\Http\\Middleware\\VerifyCsrfToken->handle(Object(Illuminate\\Http\\Request), Object(Closure))
#20 C:\\Users\\Admin\\Desktop\\Sathish\\Projects\\LMS\\lms-backend\\vendor\\laravel\\framework\\src\\Illuminate\\View\\Middleware\\ShareErrorsFromSession.php(49): Illuminate\\Pipeline\\Pipeline->Illuminate\\Pipeline\\{closure}(Object(Illuminate\\Http\\Request))
#21 C:\\Users\\Admin\\Desktop\\Sathish\\Projects\\LMS\\lms-backend\\vendor\\laravel\\framework\\src\\Illuminate\\Pipeline\\Pipeline.php(183): Illuminate\\View\\Middleware\\ShareErrorsFromSession->handle(Object(Illuminate\\Http\\Request), Object(Closure))
#22 C:\\Users\\Admin\\Desktop\\Sathish\\Projects\\LMS\\lms-backend\\vendor\\laravel\\framework\\src\\Illuminate\\Session\\Middleware\\StartSession.php(121): Illuminate\\Pipeline\\Pipeline->Illuminate\\Pipeline\\{closure}(Object(Illuminate\\Http\\Request))
#23 C:\\Users\\Admin\\Desktop\\Sathish\\Projects\\LMS\\lms-backend\\vendor\\laravel\\framework\\src\\Illuminate\\Session\\Middleware\\StartSession.php(64): Illuminate\\Session\\Middleware\\StartSession->handleStatefulRequest(Object(Illuminate\\Http\\Request), Object(Illuminate\\Session\\Store), Object(Closure))
#24 C:\\Users\\Admin\\Desktop\\Sathish\\Projects\\LMS\\lms-backend\\vendor\\laravel\\framework\\src\\Illuminate\\Pipeline\\Pipeline.php(183): Illuminate\\Session\\Middleware\\StartSession->handle(Object(Illuminate\\Http\\Request), Object(Closure))
#25 C:\\Users\\Admin\\Desktop\\Sathish\\Projects\\LMS\\lms-backend\\vendor\\laravel\\framework\\src\\Illuminate\\Cookie\\Middleware\\AddQueuedCookiesToResponse.php(37): Illuminate\\Pipeline\\Pipeline->Illuminate\\Pipeline\\{closure}(Object(Illuminate\\Http\\Request))
#26 C:\\Users\\Admin\\Desktop\\Sathish\\Projects\\LMS\\lms-backend\\vendor\\laravel\\framework\\src\\Illuminate\\Pipeline\\Pipeline.php(183): Illuminate\\Cookie\\Middleware\\AddQueuedCookiesToResponse->handle(Object(Illuminate\\Http\\Request), Object(Closure))
#27 C:\\Users\\Admin\\Desktop\\Sathish\\Projects\\LMS\\lms-backend\\vendor\\laravel\\framework\\src\\Illuminate\\Cookie\\Middleware\\EncryptCookies.php(67): Illuminate\\Pipeline\\Pipeline->Illuminate\\Pipeline\\{closure}(Object(Illuminate\\Http\\Request))
#28 C:\\Users\\Admin\\Desktop\\Sathish\\Projects\\LMS\\lms-backend\\vendor\\laravel\\framework\\src\\Illuminate\\Pipeline\\Pipeline.php(183): Illuminate\\Cookie\\Middleware\\EncryptCookies->handle(Object(Illuminate\\Http\\Request), Object(Closure))
#29 C:\\Users\\Admin\\Desktop\\Sathish\\Projects\\LMS\\lms-backend\\vendor\\laravel\\framework\\src\\Illuminate\\Pipeline\\Pipeline.php(119): Illuminate\\Pipeline\\Pipeline->Illuminate\\Pipeline\\{closure}(Object(Illuminate\\Http\\Request))
#30 C:\\Users\\Admin\\Desktop\\Sathish\\Projects\\LMS\\lms-backend\\vendor\\laravel\\framework\\src\\Illuminate\\Routing\\Router.php(807): Illuminate\\Pipeline\\Pipeline->then(Object(Closure))
#31 C:\\Users\\Admin\\Desktop\\Sathish\\Projects\\LMS\\lms-backend\\vendor\\laravel\\framework\\src\\Illuminate\\Routing\\Router.php(784): Illuminate\\Routing\\Router->runRouteWithinStack(Object(Illuminate\\Routing\\Route), Object(Illuminate\\Http\\Request))
#32 C:\\Users\\Admin\\Desktop\\Sathish\\Projects\\LMS\\lms-backend\\vendor\\laravel\\framework\\src\\Illuminate\\Routing\\Router.php(748): Illuminate\\Routing\\Router->runRoute(Object(Illuminate\\Http\\Request), Object(Illuminate\\Routing\\Route))
#33 C:\\Users\\Admin\\Desktop\\Sathish\\Projects\\LMS\\lms-backend\\vendor\\laravel\\framework\\src\\Illuminate\\Routing\\Router.php(737): Illuminate\\Routing\\Router->dispatchToRoute(Object(Illuminate\\Http\\Request))
#34 C:\\Users\\Admin\\Desktop\\Sathish\\Projects\\LMS\\lms-backend\\vendor\\laravel\\framework\\src\\Illuminate\\Foundation\\Http\\Kernel.php(200): Illuminate\\Routing\\Router->dispatch(Object(Illuminate\\Http\\Request))
#35 C:\\Users\\Admin\\Desktop\\Sathish\\Projects\\LMS\\lms-backend\\vendor\\laravel\\framework\\src\\Illuminate\\Pipeline\\Pipeline.php(144): Illuminate\\Foundation\\Http\\Kernel->Illuminate\\Foundation\\Http\\{closure}(Object(Illuminate\\Http\\Request))
#36 C:\\Users\\Admin\\Desktop\\Sathish\\Projects\\LMS\\lms-backend\\vendor\\laravel\\framework\\src\\Illuminate\\Foundation\\Http\\Middleware\\TransformsRequest.php(21): Illuminate\\Pipeline\\Pipeline->Illuminate\\Pipeline\\{closure}(Object(Illuminate\\Http\\Request))
#37 C:\\Users\\Admin\\Desktop\\Sathish\\Projects\\LMS\\lms-backend\\vendor\\laravel\\framework\\src\\Illuminate\\Foundation\\Http\\Middleware\\ConvertEmptyStringsToNull.php(31): Illuminate\\Foundation\\Http\\Middleware\\TransformsRequest->handle(Object(Illuminate\\Http\\Request), Object(Closure))
#38 C:\\Users\\Admin\\Desktop\\Sathish\\Projects\\LMS\\lms-backend\\vendor\\laravel\\framework\\src\\Illuminate\\Pipeline\\Pipeline.php(183): Illuminate\\Foundation\\Http\\Middleware\\ConvertEmptyStringsToNull->handle(Object(Illuminate\\Http\\Request), Object(Closure))
#39 C:\\Users\\Admin\\Desktop\\Sathish\\Projects\\LMS\\lms-backend\\vendor\\laravel\\framework\\src\\Illuminate\\Foundation\\Http\\Middleware\\TransformsRequest.php(21): Illuminate\\Pipeline\\Pipeline->Illuminate\\Pipeline\\{closure}(Object(Illuminate\\Http\\Request))
#40 C:\\Users\\Admin\\Desktop\\Sathish\\Projects\\LMS\\lms-backend\\vendor\\laravel\\framework\\src\\Illuminate\\Foundation\\Http\\Middleware\\TrimStrings.php(40): Illuminate\\Foundation\\Http\\Middleware\\TransformsRequest->handle(Object(Illuminate\\Http\\Request), Object(Closure))
#41 C:\\Users\\Admin\\Desktop\\Sathish\\Projects\\LMS\\lms-backend\\vendor\\laravel\\framework\\src\\Illuminate\\Pipeline\\Pipeline.php(183): Illuminate\\Foundation\\Http\\Middleware\\TrimStrings->handle(Object(Illuminate\\Http\\Request), Object(Closure))
#42 C:\\Users\\Admin\\Desktop\\Sathish\\Projects\\LMS\\lms-backend\\vendor\\laravel\\framework\\src\\Illuminate\\Foundation\\Http\\Middleware\\ValidatePostSize.php(27): Illuminate\\Pipeline\\Pipeline->Illuminate\\Pipeline\\{closure}(Object(Illuminate\\Http\\Request))
#43 C:\\Users\\Admin\\Desktop\\Sathish\\Projects\\LMS\\lms-backend\\vendor\\laravel\\framework\\src\\Illuminate\\Pipeline\\Pipeline.php(183): Illuminate\\Foundation\\Http\\Middleware\\ValidatePostSize->handle(Object(Illuminate\\Http\\Request), Object(Closure))
#44 C:\\Users\\Admin\\Desktop\\Sathish\\Projects\\LMS\\lms-backend\\vendor\\laravel\\framework\\src\\Illuminate\\Foundation\\Http\\Middleware\\PreventRequestsDuringMaintenance.php(99): Illuminate\\Pipeline\\Pipeline->Illuminate\\Pipeline\\{closure}(Object(Illuminate\\Http\\Request))
#45 C:\\Users\\Admin\\Desktop\\Sathish\\Projects\\LMS\\lms-backend\\vendor\\laravel\\framework\\src\\Illuminate\\Pipeline\\Pipeline.php(183): Illuminate\\Foundation\\Http\\Middleware\\PreventRequestsDuringMaintenance->handle(Object(Illuminate\\Http\\Request), Object(Closure))
#46 C:\\Users\\Admin\\Desktop\\Sathish\\Projects\\LMS\\lms-backend\\vendor\\laravel\\framework\\src\\Illuminate\\Http\\Middleware\\HandleCors.php(62): Illuminate\\Pipeline\\Pipeline->Illuminate\\Pipeline\\{closure}(Object(Illuminate\\Http\\Request))
#47 C:\\Users\\Admin\\Desktop\\Sathish\\Projects\\LMS\\lms-backend\\vendor\\laravel\\framework\\src\\Illuminate\\Pipeline\\Pipeline.php(183): Illuminate\\Http\\Middleware\\HandleCors->handle(Object(Illuminate\\Http\\Request), Object(Closure))
#48 C:\\Users\\Admin\\Desktop\\Sathish\\Projects\\LMS\\lms-backend\\vendor\\laravel\\framework\\src\\Illuminate\\Http\\Middleware\\TrustProxies.php(39): Illuminate\\Pipeline\\Pipeline->Illuminate\\Pipeline\\{closure}(Object(Illuminate\\Http\\Request))
#49 C:\\Users\\Admin\\Desktop\\Sathish\\Projects\\LMS\\lms-backend\\vendor\\laravel\\framework\\src\\Illuminate\\Pipeline\\Pipeline.php(183): Illuminate\\Http\\Middleware\\TrustProxies->handle(Object(Illuminate\\Http\\Request), Object(Closure))
#50 C:\\Users\\Admin\\Desktop\\Sathish\\Projects\\LMS\\lms-backend\\vendor\\laravel\\framework\\src\\Illuminate\\Pipeline\\Pipeline.php(119): Illuminate\\Pipeline\\Pipeline->Illuminate\\Pipeline\\{closure}(Object(Illuminate\\Http\\Request))
#51 C:\\Users\\Admin\\Desktop\\Sathish\\Projects\\LMS\\lms-backend\\vendor\\laravel\\framework\\src\\Illuminate\\Foundation\\Http\\Kernel.php(175): Illuminate\\Pipeline\\Pipeline->then(Object(Closure))
#52 C:\\Users\\Admin\\Desktop\\Sathish\\Projects\\LMS\\lms-backend\\vendor\\laravel\\framework\\src\\Illuminate\\Foundation\\Http\\Kernel.php(144): Illuminate\\Foundation\\Http\\Kernel->sendRequestThroughRouter(Object(Illuminate\\Http\\Request))
#53 C:\\Users\\Admin\\Desktop\\Sathish\\Projects\\LMS\\lms-backend\\public\\index.php(7): Illuminate\\Foundation\\Http\\Kernel->handle(Object(Illuminate\\Http\\Request))
#54 C:\\Users\\Admin\\Desktop\\Sathish\\Projects\\LMS\\lms-backend\\vendor\\laravel\\framework\\src\\Illuminate\\Foundation\\resources\\server.php(16): require_once('C:\\\\Users\\\\Admin\\\\...')
#55 {main}
"} 
[2025-12-29 11:29:08] local.ERROR: Target class [App\Http\Controllers\Api\Admin\CoursesAdminController] does not exist. {"userId":1,"exception":"[object] (Illuminate\\Contracts\\Container\\BindingResolutionException(code: 0): Target class [App\\Http\\Controllers\\Api\\Admin\\CoursesAdminController] does not exist. at C:\\Users\\Admin\\Desktop\\Sathish\\Projects\\LMS\\lms-backend\\vendor\\laravel\\framework\\src\\Illuminate\\Container\\Container.php:914)
[stacktrace]
#0 C:\\Users\\Admin\\Desktop\\Sathish\\Projects\\LMS\\lms-backend\\vendor\\laravel\\framework\\src\\Illuminate\\Container\\Container.php(795): Illuminate\\Container\\Container->build('App\\\\Http\\\\Contro...')
#1 C:\\Users\\Admin\\Desktop\\Sathish\\Projects\\LMS\\lms-backend\\vendor\\laravel\\framework\\src\\Illuminate\\Foundation\\Application.php(986): Illuminate\\Container\\Container->resolve('App\\\\Http\\\\Contro...', Array, true)
#2 C:\\Users\\Admin\\Desktop\\Sathish\\Projects\\LMS\\lms-backend\\vendor\\laravel\\framework\\src\\Illuminate\\Container\\Container.php(731): Illuminate\\Foundation\\Application->resolve('App\\\\Http\\\\Contro...', Array)
#3 C:\\Users\\Admin\\Desktop\\Sathish\\Projects\\LMS\\lms-backend\\vendor\\laravel\\framework\\src\\Illuminate\\Foundation\\Application.php(971): Illuminate\\Container\\Container->make('App\\\\Http\\\\Contro...', Array)
#4 C:\\Users\\Admin\\Desktop\\Sathish\\Projects\\LMS\\lms-backend\\vendor\\laravel\\framework\\src\\Illuminate\\Routing\\Route.php(278): Illuminate\\Foundation\\Application->make('App\\\\Http\\\\Contro...')
#5 C:\\Users\\Admin\\Desktop\\Sathish\\Projects\\LMS\\lms-backend\\vendor\\laravel\\framework\\src\\Illuminate\\Routing\\Route.php(260): Illuminate\\Routing\\Route->getController()
#6 C:\\Users\\Admin\\Desktop\\Sathish\\Projects\\LMS\\lms-backend\\vendor\\laravel\\framework\\src\\Illuminate\\Routing\\Route.php(205): Illuminate\\Routing\\Route->runController()
#7 C:\\Users\\Admin\\Desktop\\Sathish\\Projects\\LMS\\lms-backend\\vendor\\laravel\\framework\\src\\Illuminate\\Routing\\Router.php(806): Illuminate\\Routing\\Route->run()
#8 C:\\Users\\Admin\\Desktop\\Sathish\\Projects\\LMS\\lms-backend\\vendor\\laravel\\framework\\src\\Illuminate\\Pipeline\\Pipeline.php(144): Illuminate\\Routing\\Router->Illuminate\\Routing\\{closure}(Object(Illuminate\\Http\\Request))
#9 C:\\Users\\Admin\\Desktop\\Sathish\\Projects\\LMS\\lms-backend\\app\\Http\\Middleware\\EnsureRole.php(17): Illuminate\\Pipeline\\Pipeline->Illuminate\\Pipeline\\{closure}(Object(Illuminate\\Http\\Request))
#10 C:\\Users\\Admin\\Desktop\\Sathish\\Projects\\LMS\\lms-backend\\vendor\\laravel\\framework\\src\\Illuminate\\Pipeline\\Pipeline.php(183): App\\Http\\Middleware\\EnsureRole->handle(Object(Illuminate\\Http\\Request), Object(Closure), 'admin')
#11 C:\\Users\\Admin\\Desktop\\Sathish\\Projects\\LMS\\lms-backend\\app\\Http\\Middleware\\ResolveTenant.php(56): Illuminate\\Pipeline\\Pipeline->Illuminate\\Pipeline\\{closure}(Object(Illuminate\\Http\\Request))
#12 C:\\Users\\Admin\\Desktop\\Sathish\\Projects\\LMS\\lms-backend\\vendor\\laravel\\framework\\src\\Illuminate\\Pipeline\\Pipeline.php(183): App\\Http\\Middleware\\ResolveTenant->handle(Object(Illuminate\\Http\\Request), Object(Closure))
#13 C:\\Users\\Admin\\Desktop\\Sathish\\Projects\\LMS\\lms-backend\\vendor\\laravel\\framework\\src\\Illuminate\\Routing\\Middleware\\SubstituteBindings.php(50): Illuminate\\Pipeline\\Pipeline->Illuminate\\Pipeline\\{closure}(Object(Illuminate\\Http\\Request))
#14 C:\\Users\\Admin\\Desktop\\Sathish\\Projects\\LMS\\lms-backend\\vendor\\laravel\\framework\\src\\Illuminate\\Pipeline\\Pipeline.php(183): Illuminate\\Routing\\Middleware\\SubstituteBindings->handle(Object(Illuminate\\Http\\Request), Object(Closure))
#15 C:\\Users\\Admin\\Desktop\\Sathish\\Projects\\LMS\\lms-backend\\vendor\\laravel\\framework\\src\\Illuminate\\Auth\\Middleware\\Authenticate.php(57): Illuminate\\Pipeline\\Pipeline->Illuminate\\Pipeline\\{closure}(Object(Illuminate\\Http\\Request))
#16 C:\\Users\\Admin\\Desktop\\Sathish\\Projects\\LMS\\lms-backend\\vendor\\laravel\\framework\\src\\Illuminate\\Pipeline\\Pipeline.php(183): Illuminate\\Auth\\Middleware\\Authenticate->handle(Object(Illuminate\\Http\\Request), Object(Closure))
#17 C:\\Users\\Admin\\Desktop\\Sathish\\Projects\\LMS\\lms-backend\\vendor\\laravel\\framework\\src\\Illuminate\\Foundation\\Http\\Middleware\\VerifyCsrfToken.php(78): Illuminate\\Pipeline\\Pipeline->Illuminate\\Pipeline\\{closure}(Object(Illuminate\\Http\\Request))
#18 C:\\Users\\Admin\\Desktop\\Sathish\\Projects\\LMS\\lms-backend\\vendor\\laravel\\framework\\src\\Illuminate\\Pipeline\\Pipeline.php(183): Illuminate\\Foundation\\Http\\Middleware\\VerifyCsrfToken->handle(Object(Illuminate\\Http\\Request), Object(Closure))
#19 C:\\Users\\Admin\\Desktop\\Sathish\\Projects\\LMS\\lms-backend\\vendor\\laravel\\framework\\src\\Illuminate\\View\\Middleware\\ShareErrorsFromSession.php(49): Illuminate\\Pipeline\\Pipeline->Illuminate\\Pipeline\\{closure}(Object(Illuminate\\Http\\Request))
#20 C:\\Users\\Admin\\Desktop\\Sathish\\Projects\\LMS\\lms-backend\\vendor\\laravel\\framework\\src\\Illuminate\\Pipeline\\Pipeline.php(183): Illuminate\\View\\Middleware\\ShareErrorsFromSession->handle(Object(Illuminate\\Http\\Request), Object(Closure))
#21 C:\\Users\\Admin\\Desktop\\Sathish\\Projects\\LMS\\lms-backend\\vendor\\laravel\\framework\\src\\Illuminate\\Session\\Middleware\\StartSession.php(121): Illuminate\\Pipeline\\Pipeline->Illuminate\\Pipeline\\{closure}(Object(Illuminate\\Http\\Request))
#22 C:\\Users\\Admin\\Desktop\\Sathish\\Projects\\LMS\\lms-backend\\vendor\\laravel\\framework\\src\\Illuminate\\Session\\Middleware\\StartSession.php(64): Illuminate\\Session\\Middleware\\StartSession->handleStatefulRequest(Object(Illuminate\\Http\\Request), Object(Illuminate\\Session\\Store), Object(Closure))
#23 C:\\Users\\Admin\\Desktop\\Sathish\\Projects\\LMS\\lms-backend\\vendor\\laravel\\framework\\src\\Illuminate\\Pipeline\\Pipeline.php(183): Illuminate\\Session\\Middleware\\StartSession->handle(Object(Illuminate\\Http\\Request), Object(Closure))
#24 C:\\Users\\Admin\\Desktop\\Sathish\\Projects\\LMS\\lms-backend\\vendor\\laravel\\framework\\src\\Illuminate\\Cookie\\Middleware\\AddQueuedCookiesToResponse.php(37): Illuminate\\Pipeline\\Pipeline->Illuminate\\Pipeline\\{closure}(Object(Illuminate\\Http\\Request))
#25 C:\\Users\\Admin\\Desktop\\Sathish\\Projects\\LMS\\lms-backend\\vendor\\laravel\\framework\\src\\Illuminate\\Pipeline\\Pipeline.php(183): Illuminate\\Cookie\\Middleware\\AddQueuedCookiesToResponse->handle(Object(Illuminate\\Http\\Request), Object(Closure))
#26 C:\\Users\\Admin\\Desktop\\Sathish\\Projects\\LMS\\lms-backend\\vendor\\laravel\\framework\\src\\Illuminate\\Cookie\\Middleware\\EncryptCookies.php(67): Illuminate\\Pipeline\\Pipeline->Illuminate\\Pipeline\\{closure}(Object(Illuminate\\Http\\Request))
#27 C:\\Users\\Admin\\Desktop\\Sathish\\Projects\\LMS\\lms-backend\\vendor\\laravel\\framework\\src\\Illuminate\\Pipeline\\Pipeline.php(183): Illuminate\\Cookie\\Middleware\\EncryptCookies->handle(Object(Illuminate\\Http\\Request), Object(Closure))
#28 C:\\Users\\Admin\\Desktop\\Sathish\\Projects\\LMS\\lms-backend\\vendor\\laravel\\framework\\src\\Illuminate\\Pipeline\\Pipeline.php(119): Illuminate\\Pipeline\\Pipeline->Illuminate\\Pipeline\\{closure}(Object(Illuminate\\Http\\Request))
#29 C:\\Users\\Admin\\Desktop\\Sathish\\Projects\\LMS\\lms-backend\\vendor\\laravel\\framework\\src\\Illuminate\\Routing\\Router.php(807): Illuminate\\Pipeline\\Pipeline->then(Object(Closure))
#30 C:\\Users\\Admin\\Desktop\\Sathish\\Projects\\LMS\\lms-backend\\vendor\\laravel\\framework\\src\\Illuminate\\Routing\\Router.php(784): Illuminate\\Routing\\Router->runRouteWithinStack(Object(Illuminate\\Routing\\Route), Object(Illuminate\\Http\\Request))
#31 C:\\Users\\Admin\\Desktop\\Sathish\\Projects\\LMS\\lms-backend\\vendor\\laravel\\framework\\src\\Illuminate\\Routing\\Router.php(748): Illuminate\\Routing\\Router->runRoute(Object(Illuminate\\Http\\Request), Object(Illuminate\\Routing\\Route))
#32 C:\\Users\\Admin\\Desktop\\Sathish\\Projects\\LMS\\lms-backend\\vendor\\laravel\\framework\\src\\Illuminate\\Routing\\Router.php(737): Illuminate\\Routing\\Router->dispatchToRoute(Object(Illuminate\\Http\\Request))
#33 C:\\Users\\Admin\\Desktop\\Sathish\\Projects\\LMS\\lms-backend\\vendor\\laravel\\framework\\src\\Illuminate\\Foundation\\Http\\Kernel.php(200): Illuminate\\Routing\\Router->dispatch(Object(Illuminate\\Http\\Request))
#34 C:\\Users\\Admin\\Desktop\\Sathish\\Projects\\LMS\\lms-backend\\vendor\\laravel\\framework\\src\\Illuminate\\Pipeline\\Pipeline.php(144): Illuminate\\Foundation\\Http\\Kernel->Illuminate\\Foundation\\Http\\{closure}(Object(Illuminate\\Http\\Request))
#35 C:\\Users\\Admin\\Desktop\\Sathish\\Projects\\LMS\\lms-backend\\vendor\\laravel\\framework\\src\\Illuminate\\Foundation\\Http\\Middleware\\TransformsRequest.php(21): Illuminate\\Pipeline\\Pipeline->Illuminate\\Pipeline\\{closure}(Object(Illuminate\\Http\\Request))
#36 C:\\Users\\Admin\\Desktop\\Sathish\\Projects\\LMS\\lms-backend\\vendor\\laravel\\framework\\src\\Illuminate\\Foundation\\Http\\Middleware\\ConvertEmptyStringsToNull.php(31): Illuminate\\Foundation\\Http\\Middleware\\TransformsRequest->handle(Object(Illuminate\\Http\\Request), Object(Closure))
#37 C:\\Users\\Admin\\Desktop\\Sathish\\Projects\\LMS\\lms-backend\\vendor\\laravel\\framework\\src\\Illuminate\\Pipeline\\Pipeline.php(183): Illuminate\\Foundation\\Http\\Middleware\\ConvertEmptyStringsToNull->handle(Object(Illuminate\\Http\\Request), Object(Closure))
#38 C:\\Users\\Admin\\Desktop\\Sathish\\Projects\\LMS\\lms-backend\\vendor\\laravel\\framework\\src\\Illuminate\\Foundation\\Http\\Middleware\\TransformsRequest.php(21): Illuminate\\Pipeline\\Pipeline->Illuminate\\Pipeline\\{closure}(Object(Illuminate\\Http\\Request))
#39 C:\\Users\\Admin\\Desktop\\Sathish\\Projects\\LMS\\lms-backend\\vendor\\laravel\\framework\\src\\Illuminate\\Foundation\\Http\\Middleware\\TrimStrings.php(40): Illuminate\\Foundation\\Http\\Middleware\\TransformsRequest->handle(Object(Illuminate\\Http\\Request), Object(Closure))
#40 C:\\Users\\Admin\\Desktop\\Sathish\\Projects\\LMS\\lms-backend\\vendor\\laravel\\framework\\src\\Illuminate\\Pipeline\\Pipeline.php(183): Illuminate\\Foundation\\Http\\Middleware\\TrimStrings->handle(Object(Illuminate\\Http\\Request), Object(Closure))
#41 C:\\Users\\Admin\\Desktop\\Sathish\\Projects\\LMS\\lms-backend\\vendor\\laravel\\framework\\src\\Illuminate\\Foundation\\Http\\Middleware\\ValidatePostSize.php(27): Illuminate\\Pipeline\\Pipeline->Illuminate\\Pipeline\\{closure}(Object(Illuminate\\Http\\Request))
#42 C:\\Users\\Admin\\Desktop\\Sathish\\Projects\\LMS\\lms-backend\\vendor\\laravel\\framework\\src\\Illuminate\\Pipeline\\Pipeline.php(183): Illuminate\\Foundation\\Http\\Middleware\\ValidatePostSize->handle(Object(Illuminate\\Http\\Request), Object(Closure))
#43 C:\\Users\\Admin\\Desktop\\Sathish\\Projects\\LMS\\lms-backend\\vendor\\laravel\\framework\\src\\Illuminate\\Foundation\\Http\\Middleware\\PreventRequestsDuringMaintenance.php(99): Illuminate\\Pipeline\\Pipeline->Illuminate\\Pipeline\\{closure}(Object(Illuminate\\Http\\Request))
#44 C:\\Users\\Admin\\Desktop\\Sathish\\Projects\\LMS\\lms-backend\\vendor\\laravel\\framework\\src\\Illuminate\\Pipeline\\Pipeline.php(183): Illuminate\\Foundation\\Http\\Middleware\\PreventRequestsDuringMaintenance->handle(Object(Illuminate\\Http\\Request), Object(Closure))
#45 C:\\Users\\Admin\\Desktop\\Sathish\\Projects\\LMS\\lms-backend\\vendor\\laravel\\framework\\src\\Illuminate\\Http\\Middleware\\HandleCors.php(62): Illuminate\\Pipeline\\Pipeline->Illuminate\\Pipeline\\{closure}(Object(Illuminate\\Http\\Request))
#46 C:\\Users\\Admin\\Desktop\\Sathish\\Projects\\LMS\\lms-backend\\vendor\\laravel\\framework\\src\\Illuminate\\Pipeline\\Pipeline.php(183): Illuminate\\Http\\Middleware\\HandleCors->handle(Object(Illuminate\\Http\\Request), Object(Closure))
#47 C:\\Users\\Admin\\Desktop\\Sathish\\Projects\\LMS\\lms-backend\\vendor\\laravel\\framework\\src\\Illuminate\\Http\\Middleware\\TrustProxies.php(39): Illuminate\\Pipeline\\Pipeline->Illuminate\\Pipeline\\{closure}(Object(Illuminate\\Http\\Request))
#48 C:\\Users\\Admin\\Desktop\\Sathish\\Projects\\LMS\\lms-backend\\vendor\\laravel\\framework\\src\\Illuminate\\Pipeline\\Pipeline.php(183): Illuminate\\Http\\Middleware\\TrustProxies->handle(Object(Illuminate\\Http\\Request), Object(Closure))
#49 C:\\Users\\Admin\\Desktop\\Sathish\\Projects\\LMS\\lms-backend\\vendor\\laravel\\framework\\src\\Illuminate\\Pipeline\\Pipeline.php(119): Illuminate\\Pipeline\\Pipeline->Illuminate\\Pipeline\\{closure}(Object(Illuminate\\Http\\Request))
#50 C:\\Users\\Admin\\Desktop\\Sathish\\Projects\\LMS\\lms-backend\\vendor\\laravel\\framework\\src\\Illuminate\\Foundation\\Http\\Kernel.php(175): Illuminate\\Pipeline\\Pipeline->then(Object(Closure))
#51 C:\\Users\\Admin\\Desktop\\Sathish\\Projects\\LMS\\lms-backend\\vendor\\laravel\\framework\\src\\Illuminate\\Foundation\\Http\\Kernel.php(144): Illuminate\\Foundation\\Http\\Kernel->sendRequestThroughRouter(Object(Illuminate\\Http\\Request))
#52 C:\\Users\\Admin\\Desktop\\Sathish\\Projects\\LMS\\lms-backend\\public\\index.php(7): Illuminate\\Foundation\\Http\\Kernel->handle(Object(Illuminate\\Http\\Request))
#53 C:\\Users\\Admin\\Desktop\\Sathish\\Projects\\LMS\\lms-backend\\vendor\\laravel\\framework\\src\\Illuminate\\Foundation\\resources\\server.php(16): require_once('C:\\\\Users\\\\Admin\\\\...')
#54 {main}

[previous exception] [object] (ReflectionException(code: -1): Class \"App\\Http\\Controllers\\Api\\Admin\\CoursesAdminController\" does not exist at C:\\Users\\Admin\\Desktop\\Sathish\\Projects\\LMS\\lms-backend\\vendor\\laravel\\framework\\src\\Illuminate\\Container\\Container.php:912)
[stacktrace]
#0 C:\\Users\\Admin\\Desktop\\Sathish\\Projects\\LMS\\lms-backend\\vendor\\laravel\\framework\\src\\Illuminate\\Container\\Container.php(912): ReflectionClass->__construct('App\\\\Http\\\\Contro...')
#1 C:\\Users\\Admin\\Desktop\\Sathish\\Projects\\LMS\\lms-backend\\vendor\\laravel\\framework\\src\\Illuminate\\Container\\Container.php(795): Illuminate\\Container\\Container->build('App\\\\Http\\\\Contro...')
#2 C:\\Users\\Admin\\Desktop\\Sathish\\Projects\\LMS\\lms-backend\\vendor\\laravel\\framework\\src\\Illuminate\\Foundation\\Application.php(986): Illuminate\\Container\\Container->resolve('App\\\\Http\\\\Contro...', Array, true)
#3 C:\\Users\\Admin\\Desktop\\Sathish\\Projects\\LMS\\lms-backend\\vendor\\laravel\\framework\\src\\Illuminate\\Container\\Container.php(731): Illuminate\\Foundation\\Application->resolve('App\\\\Http\\\\Contro...', Array)
#4 C:\\Users\\Admin\\Desktop\\Sathish\\Projects\\LMS\\lms-backend\\vendor\\laravel\\framework\\src\\Illuminate\\Foundation\\Application.php(971): Illuminate\\Container\\Container->make('App\\\\Http\\\\Contro...', Array)
#5 C:\\Users\\Admin\\Desktop\\Sathish\\Projects\\LMS\\lms-backend\\vendor\\laravel\\framework\\src\\Illuminate\\Routing\\Route.php(278): Illuminate\\Foundation\\Application->make('App\\\\Http\\\\Contro...')
#6 C:\\Users\\Admin\\Desktop\\Sathish\\Projects\\LMS\\lms-backend\\vendor\\laravel\\framework\\src\\Illuminate\\Routing\\Route.php(260): Illuminate\\Routing\\Route->getController()
#7 C:\\Users\\Admin\\Desktop\\Sathish\\Projects\\LMS\\lms-backend\\vendor\\laravel\\framework\\src\\Illuminate\\Routing\\Route.php(205): Illuminate\\Routing\\Route->runController()
#8 C:\\Users\\Admin\\Desktop\\Sathish\\Projects\\LMS\\lms-backend\\vendor\\laravel\\framework\\src\\Illuminate\\Routing\\Router.php(806): Illuminate\\Routing\\Route->run()
#9 C:\\Users\\Admin\\Desktop\\Sathish\\Projects\\LMS\\lms-backend\\vendor\\laravel\\framework\\src\\Illuminate\\Pipeline\\Pipeline.php(144): Illuminate\\Routing\\Router->Illuminate\\Routing\\{closure}(Object(Illuminate\\Http\\Request))
#10 C:\\Users\\Admin\\Desktop\\Sathish\\Projects\\LMS\\lms-backend\\app\\Http\\Middleware\\EnsureRole.php(17): Illuminate\\Pipeline\\Pipeline->Illuminate\\Pipeline\\{closure}(Object(Illuminate\\Http\\Request))
#11 C:\\Users\\Admin\\Desktop\\Sathish\\Projects\\LMS\\lms-backend\\vendor\\laravel\\framework\\src\\Illuminate\\Pipeline\\Pipeline.php(183): App\\Http\\Middleware\\EnsureRole->handle(Object(Illuminate\\Http\\Request), Object(Closure), 'admin')
#12 C:\\Users\\Admin\\Desktop\\Sathish\\Projects\\LMS\\lms-backend\\app\\Http\\Middleware\\ResolveTenant.php(56): Illuminate\\Pipeline\\Pipeline->Illuminate\\Pipeline\\{closure}(Object(Illuminate\\Http\\Request))
#13 C:\\Users\\Admin\\Desktop\\Sathish\\Projects\\LMS\\lms-backend\\vendor\\laravel\\framework\\src\\Illuminate\\Pipeline\\Pipeline.php(183): App\\Http\\Middleware\\ResolveTenant->handle(Object(Illuminate\\Http\\Request), Object(Closure))
#14 C:\\Users\\Admin\\Desktop\\Sathish\\Projects\\LMS\\lms-backend\\vendor\\laravel\\framework\\src\\Illuminate\\Routing\\Middleware\\SubstituteBindings.php(50): Illuminate\\Pipeline\\Pipeline->Illuminate\\Pipeline\\{closure}(Object(Illuminate\\Http\\Request))
#15 C:\\Users\\Admin\\Desktop\\Sathish\\Projects\\LMS\\lms-backend\\vendor\\laravel\\framework\\src\\Illuminate\\Pipeline\\Pipeline.php(183): Illuminate\\Routing\\Middleware\\SubstituteBindings->handle(Object(Illuminate\\Http\\Request), Object(Closure))
#16 C:\\Users\\Admin\\Desktop\\Sathish\\Projects\\LMS\\lms-backend\\vendor\\laravel\\framework\\src\\Illuminate\\Auth\\Middleware\\Authenticate.php(57): Illuminate\\Pipeline\\Pipeline->Illuminate\\Pipeline\\{closure}(Object(Illuminate\\Http\\Request))
#17 C:\\Users\\Admin\\Desktop\\Sathish\\Projects\\LMS\\lms-backend\\vendor\\laravel\\framework\\src\\Illuminate\\Pipeline\\Pipeline.php(183): Illuminate\\Auth\\Middleware\\Authenticate->handle(Object(Illuminate\\Http\\Request), Object(Closure))
#18 C:\\Users\\Admin\\Desktop\\Sathish\\Projects\\LMS\\lms-backend\\vendor\\laravel\\framework\\src\\Illuminate\\Foundation\\Http\\Middleware\\VerifyCsrfToken.php(78): Illuminate\\Pipeline\\Pipeline->Illuminate\\Pipeline\\{closure}(Object(Illuminate\\Http\\Request))
#19 C:\\Users\\Admin\\Desktop\\Sathish\\Projects\\LMS\\lms-backend\\vendor\\laravel\\framework\\src\\Illuminate\\Pipeline\\Pipeline.php(183): Illuminate\\Foundation\\Http\\Middleware\\VerifyCsrfToken->handle(Object(Illuminate\\Http\\Request), Object(Closure))
#20 C:\\Users\\Admin\\Desktop\\Sathish\\Projects\\LMS\\lms-backend\\vendor\\laravel\\framework\\src\\Illuminate\\View\\Middleware\\ShareErrorsFromSession.php(49): Illuminate\\Pipeline\\Pipeline->Illuminate\\Pipeline\\{closure}(Object(Illuminate\\Http\\Request))
#21 C:\\Users\\Admin\\Desktop\\Sathish\\Projects\\LMS\\lms-backend\\vendor\\laravel\\framework\\src\\Illuminate\\Pipeline\\Pipeline.php(183): Illuminate\\View\\Middleware\\ShareErrorsFromSession->handle(Object(Illuminate\\Http\\Request), Object(Closure))
#22 C:\\Users\\Admin\\Desktop\\Sathish\\Projects\\LMS\\lms-backend\\vendor\\laravel\\framework\\src\\Illuminate\\Session\\Middleware\\StartSession.php(121): Illuminate\\Pipeline\\Pipeline->Illuminate\\Pipeline\\{closure}(Object(Illuminate\\Http\\Request))
#23 C:\\Users\\Admin\\Desktop\\Sathish\\Projects\\LMS\\lms-backend\\vendor\\laravel\\framework\\src\\Illuminate\\Session\\Middleware\\StartSession.php(64): Illuminate\\Session\\Middleware\\StartSession->handleStatefulRequest(Object(Illuminate\\Http\\Request), Object(Illuminate\\Session\\Store), Object(Closure))
#24 C:\\Users\\Admin\\Desktop\\Sathish\\Projects\\LMS\\lms-backend\\vendor\\laravel\\framework\\src\\Illuminate\\Pipeline\\Pipeline.php(183): Illuminate\\Session\\Middleware\\StartSession->handle(Object(Illuminate\\Http\\Request), Object(Closure))
#25 C:\\Users\\Admin\\Desktop\\Sathish\\Projects\\LMS\\lms-backend\\vendor\\laravel\\framework\\src\\Illuminate\\Cookie\\Middleware\\AddQueuedCookiesToResponse.php(37): Illuminate\\Pipeline\\Pipeline->Illuminate\\Pipeline\\{closure}(Object(Illuminate\\Http\\Request))
#26 C:\\Users\\Admin\\Desktop\\Sathish\\Projects\\LMS\\lms-backend\\vendor\\laravel\\framework\\src\\Illuminate\\Pipeline\\Pipeline.php(183): Illuminate\\Cookie\\Middleware\\AddQueuedCookiesToResponse->handle(Object(Illuminate\\Http\\Request), Object(Closure))
#27 C:\\Users\\Admin\\Desktop\\Sathish\\Projects\\LMS\\lms-backend\\vendor\\laravel\\framework\\src\\Illuminate\\Cookie\\Middleware\\EncryptCookies.php(67): Illuminate\\Pipeline\\Pipeline->Illuminate\\Pipeline\\{closure}(Object(Illuminate\\Http\\Request))
#28 C:\\Users\\Admin\\Desktop\\Sathish\\Projects\\LMS\\lms-backend\\vendor\\laravel\\framework\\src\\Illuminate\\Pipeline\\Pipeline.php(183): Illuminate\\Cookie\\Middleware\\EncryptCookies->handle(Object(Illuminate\\Http\\Request), Object(Closure))
#29 C:\\Users\\Admin\\Desktop\\Sathish\\Projects\\LMS\\lms-backend\\vendor\\laravel\\framework\\src\\Illuminate\\Pipeline\\Pipeline.php(119): Illuminate\\Pipeline\\Pipeline->Illuminate\\Pipeline\\{closure}(Object(Illuminate\\Http\\Request))
#30 C:\\Users\\Admin\\Desktop\\Sathish\\Projects\\LMS\\lms-backend\\vendor\\laravel\\framework\\src\\Illuminate\\Routing\\Router.php(807): Illuminate\\Pipeline\\Pipeline->then(Object(Closure))
#31 C:\\Users\\Admin\\Desktop\\Sathish\\Projects\\LMS\\lms-backend\\vendor\\laravel\\framework\\src\\Illuminate\\Routing\\Router.php(784): Illuminate\\Routing\\Router->runRouteWithinStack(Object(Illuminate\\Routing\\Route), Object(Illuminate\\Http\\Request))
#32 C:\\Users\\Admin\\Desktop\\Sathish\\Projects\\LMS\\lms-backend\\vendor\\laravel\\framework\\src\\Illuminate\\Routing\\Router.php(748): Illuminate\\Routing\\Router->runRoute(Object(Illuminate\\Http\\Request), Object(Illuminate\\Routing\\Route))
#33 C:\\Users\\Admin\\Desktop\\Sathish\\Projects\\LMS\\lms-backend\\vendor\\laravel\\framework\\src\\Illuminate\\Routing\\Router.php(737): Illuminate\\Routing\\Router->dispatchToRoute(Object(Illuminate\\Http\\Request))
#34 C:\\Users\\Admin\\Desktop\\Sathish\\Projects\\LMS\\lms-backend\\vendor\\laravel\\framework\\src\\Illuminate\\Foundation\\Http\\Kernel.php(200): Illuminate\\Routing\\Router->dispatch(Object(Illuminate\\Http\\Request))
#35 C:\\Users\\Admin\\Desktop\\Sathish\\Projects\\LMS\\lms-backend\\vendor\\laravel\\framework\\src\\Illuminate\\Pipeline\\Pipeline.php(144): Illuminate\\Foundation\\Http\\Kernel->Illuminate\\Foundation\\Http\\{closure}(Object(Illuminate\\Http\\Request))
#36 C:\\Users\\Admin\\Desktop\\Sathish\\Projects\\LMS\\lms-backend\\vendor\\laravel\\framework\\src\\Illuminate\\Foundation\\Http\\Middleware\\TransformsRequest.php(21): Illuminate\\Pipeline\\Pipeline->Illuminate\\Pipeline\\{closure}(Object(Illuminate\\Http\\Request))
#37 C:\\Users\\Admin\\Desktop\\Sathish\\Projects\\LMS\\lms-backend\\vendor\\laravel\\framework\\src\\Illuminate\\Foundation\\Http\\Middleware\\ConvertEmptyStringsToNull.php(31): Illuminate\\Foundation\\Http\\Middleware\\TransformsRequest->handle(Object(Illuminate\\Http\\Request), Object(Closure))
#38 C:\\Users\\Admin\\Desktop\\Sathish\\Projects\\LMS\\lms-backend\\vendor\\laravel\\framework\\src\\Illuminate\\Pipeline\\Pipeline.php(183): Illuminate\\Foundation\\Http\\Middleware\\ConvertEmptyStringsToNull->handle(Object(Illuminate\\Http\\Request), Object(Closure))
#39 C:\\Users\\Admin\\Desktop\\Sathish\\Projects\\LMS\\lms-backend\\vendor\\laravel\\framework\\src\\Illuminate\\Foundation\\Http\\Middleware\\TransformsRequest.php(21): Illuminate\\Pipeline\\Pipeline->Illuminate\\Pipeline\\{closure}(Object(Illuminate\\Http\\Request))
#40 C:\\Users\\Admin\\Desktop\\Sathish\\Projects\\LMS\\lms-backend\\vendor\\laravel\\framework\\src\\Illuminate\\Foundation\\Http\\Middleware\\TrimStrings.php(40): Illuminate\\Foundation\\Http\\Middleware\\TransformsRequest->handle(Object(Illuminate\\Http\\Request), Object(Closure))
#41 C:\\Users\\Admin\\Desktop\\Sathish\\Projects\\LMS\\lms-backend\\vendor\\laravel\\framework\\src\\Illuminate\\Pipeline\\Pipeline.php(183): Illuminate\\Foundation\\Http\\Middleware\\TrimStrings->handle(Object(Illuminate\\Http\\Request), Object(Closure))
#42 C:\\Users\\Admin\\Desktop\\Sathish\\Projects\\LMS\\lms-backend\\vendor\\laravel\\framework\\src\\Illuminate\\Foundation\\Http\\Middleware\\ValidatePostSize.php(27): Illuminate\\Pipeline\\Pipeline->Illuminate\\Pipeline\\{closure}(Object(Illuminate\\Http\\Request))
#43 C:\\Users\\Admin\\Desktop\\Sathish\\Projects\\LMS\\lms-backend\\vendor\\laravel\\framework\\src\\Illuminate\\Pipeline\\Pipeline.php(183): Illuminate\\Foundation\\Http\\Middleware\\ValidatePostSize->handle(Object(Illuminate\\Http\\Request), Object(Closure))
#44 C:\\Users\\Admin\\Desktop\\Sathish\\Projects\\LMS\\lms-backend\\vendor\\laravel\\framework\\src\\Illuminate\\Foundation\\Http\\Middleware\\PreventRequestsDuringMaintenance.php(99): Illuminate\\Pipeline\\Pipeline->Illuminate\\Pipeline\\{closure}(Object(Illuminate\\Http\\Request))
#45 C:\\Users\\Admin\\Desktop\\Sathish\\Projects\\LMS\\lms-backend\\vendor\\laravel\\framework\\src\\Illuminate\\Pipeline\\Pipeline.php(183): Illuminate\\Foundation\\Http\\Middleware\\PreventRequestsDuringMaintenance->handle(Object(Illuminate\\Http\\Request), Object(Closure))
#46 C:\\Users\\Admin\\Desktop\\Sathish\\Projects\\LMS\\lms-backend\\vendor\\laravel\\framework\\src\\Illuminate\\Http\\Middleware\\HandleCors.php(62): Illuminate\\Pipeline\\Pipeline->Illuminate\\Pipeline\\{closure}(Object(Illuminate\\Http\\Request))
#47 C:\\Users\\Admin\\Desktop\\Sathish\\Projects\\LMS\\lms-backend\\vendor\\laravel\\framework\\src\\Illuminate\\Pipeline\\Pipeline.php(183): Illuminate\\Http\\Middleware\\HandleCors->handle(Object(Illuminate\\Http\\Request), Object(Closure))
#48 C:\\Users\\Admin\\Desktop\\Sathish\\Projects\\LMS\\lms-backend\\vendor\\laravel\\framework\\src\\Illuminate\\Http\\Middleware\\TrustProxies.php(39): Illuminate\\Pipeline\\Pipeline->Illuminate\\Pipeline\\{closure}(Object(Illuminate\\Http\\Request))
#49 C:\\Users\\Admin\\Desktop\\Sathish\\Projects\\LMS\\lms-backend\\vendor\\laravel\\framework\\src\\Illuminate\\Pipeline\\Pipeline.php(183): Illuminate\\Http\\Middleware\\TrustProxies->handle(Object(Illuminate\\Http\\Request), Object(Closure))
#50 C:\\Users\\Admin\\Desktop\\Sathish\\Projects\\LMS\\lms-backend\\vendor\\laravel\\framework\\src\\Illuminate\\Pipeline\\Pipeline.php(119): Illuminate\\Pipeline\\Pipeline->Illuminate\\Pipeline\\{closure}(Object(Illuminate\\Http\\Request))
#51 C:\\Users\\Admin\\Desktop\\Sathish\\Projects\\LMS\\lms-backend\\vendor\\laravel\\framework\\src\\Illuminate\\Foundation\\Http\\Kernel.php(175): Illuminate\\Pipeline\\Pipeline->then(Object(Closure))
#52 C:\\Users\\Admin\\Desktop\\Sathish\\Projects\\LMS\\lms-backend\\vendor\\laravel\\framework\\src\\Illuminate\\Foundation\\Http\\Kernel.php(144): Illuminate\\Foundation\\Http\\Kernel->sendRequestThroughRouter(Object(Illuminate\\Http\\Request))
#53 C:\\Users\\Admin\\Desktop\\Sathish\\Projects\\LMS\\lms-backend\\public\\index.php(7): Illuminate\\Foundation\\Http\\Kernel->handle(Object(Illuminate\\Http\\Request))
#54 C:\\Users\\Admin\\Desktop\\Sathish\\Projects\\LMS\\lms-backend\\vendor\\laravel\\framework\\src\\Illuminate\\Foundation\\resources\\server.php(16): require_once('C:\\\\Users\\\\Admin\\\\...')
#55 {main}
"} 
[2025-12-29 11:29:09] local.ERROR: Target class [App\Http\Controllers\Api\Admin\CoursesAdminController] does not exist. {"userId":1,"exception":"[object] (Illuminate\\Contracts\\Container\\BindingResolutionException(code: 0): Target class [App\\Http\\Controllers\\Api\\Admin\\CoursesAdminController] does not exist. at C:\\Users\\Admin\\Desktop\\Sathish\\Projects\\LMS\\lms-backend\\vendor\\laravel\\framework\\src\\Illuminate\\Container\\Container.php:914)
[stacktrace]
#0 C:\\Users\\Admin\\Desktop\\Sathish\\Projects\\LMS\\lms-backend\\vendor\\laravel\\framework\\src\\Illuminate\\Container\\Container.php(795): Illuminate\\Container\\Container->build('App\\\\Http\\\\Contro...')
#1 C:\\Users\\Admin\\Desktop\\Sathish\\Projects\\LMS\\lms-backend\\vendor\\laravel\\framework\\src\\Illuminate\\Foundation\\Application.php(986): Illuminate\\Container\\Container->resolve('App\\\\Http\\\\Contro...', Array, true)
#2 C:\\Users\\Admin\\Desktop\\Sathish\\Projects\\LMS\\lms-backend\\vendor\\laravel\\framework\\src\\Illuminate\\Container\\Container.php(731): Illuminate\\Foundation\\Application->resolve('App\\\\Http\\\\Contro...', Array)
#3 C:\\Users\\Admin\\Desktop\\Sathish\\Projects\\LMS\\lms-backend\\vendor\\laravel\\framework\\src\\Illuminate\\Foundation\\Application.php(971): Illuminate\\Container\\Container->make('App\\\\Http\\\\Contro...', Array)
#4 C:\\Users\\Admin\\Desktop\\Sathish\\Projects\\LMS\\lms-backend\\vendor\\laravel\\framework\\src\\Illuminate\\Routing\\Route.php(278): Illuminate\\Foundation\\Application->make('App\\\\Http\\\\Contro...')
#5 C:\\Users\\Admin\\Desktop\\Sathish\\Projects\\LMS\\lms-backend\\vendor\\laravel\\framework\\src\\Illuminate\\Routing\\Route.php(260): Illuminate\\Routing\\Route->getController()
#6 C:\\Users\\Admin\\Desktop\\Sathish\\Projects\\LMS\\lms-backend\\vendor\\laravel\\framework\\src\\Illuminate\\Routing\\Route.php(205): Illuminate\\Routing\\Route->runController()
#7 C:\\Users\\Admin\\Desktop\\Sathish\\Projects\\LMS\\lms-backend\\vendor\\laravel\\framework\\src\\Illuminate\\Routing\\Router.php(806): Illuminate\\Routing\\Route->run()
#8 C:\\Users\\Admin\\Desktop\\Sathish\\Projects\\LMS\\lms-backend\\vendor\\laravel\\framework\\src\\Illuminate\\Pipeline\\Pipeline.php(144): Illuminate\\Routing\\Router->Illuminate\\Routing\\{closure}(Object(Illuminate\\Http\\Request))
#9 C:\\Users\\Admin\\Desktop\\Sathish\\Projects\\LMS\\lms-backend\\app\\Http\\Middleware\\EnsureRole.php(17): Illuminate\\Pipeline\\Pipeline->Illuminate\\Pipeline\\{closure}(Object(Illuminate\\Http\\Request))
#10 C:\\Users\\Admin\\Desktop\\Sathish\\Projects\\LMS\\lms-backend\\vendor\\laravel\\framework\\src\\Illuminate\\Pipeline\\Pipeline.php(183): App\\Http\\Middleware\\EnsureRole->handle(Object(Illuminate\\Http\\Request), Object(Closure), 'admin')
#11 C:\\Users\\Admin\\Desktop\\Sathish\\Projects\\LMS\\lms-backend\\app\\Http\\Middleware\\ResolveTenant.php(56): Illuminate\\Pipeline\\Pipeline->Illuminate\\Pipeline\\{closure}(Object(Illuminate\\Http\\Request))
#12 C:\\Users\\Admin\\Desktop\\Sathish\\Projects\\LMS\\lms-backend\\vendor\\laravel\\framework\\src\\Illuminate\\Pipeline\\Pipeline.php(183): App\\Http\\Middleware\\ResolveTenant->handle(Object(Illuminate\\Http\\Request), Object(Closure))
#13 C:\\Users\\Admin\\Desktop\\Sathish\\Projects\\LMS\\lms-backend\\vendor\\laravel\\framework\\src\\Illuminate\\Routing\\Middleware\\SubstituteBindings.php(50): Illuminate\\Pipeline\\Pipeline->Illuminate\\Pipeline\\{closure}(Object(Illuminate\\Http\\Request))
#14 C:\\Users\\Admin\\Desktop\\Sathish\\Projects\\LMS\\lms-backend\\vendor\\laravel\\framework\\src\\Illuminate\\Pipeline\\Pipeline.php(183): Illuminate\\Routing\\Middleware\\SubstituteBindings->handle(Object(Illuminate\\Http\\Request), Object(Closure))
#15 C:\\Users\\Admin\\Desktop\\Sathish\\Projects\\LMS\\lms-backend\\vendor\\laravel\\framework\\src\\Illuminate\\Auth\\Middleware\\Authenticate.php(57): Illuminate\\Pipeline\\Pipeline->Illuminate\\Pipeline\\{closure}(Object(Illuminate\\Http\\Request))
#16 C:\\Users\\Admin\\Desktop\\Sathish\\Projects\\LMS\\lms-backend\\vendor\\laravel\\framework\\src\\Illuminate\\Pipeline\\Pipeline.php(183): Illuminate\\Auth\\Middleware\\Authenticate->handle(Object(Illuminate\\Http\\Request), Object(Closure))
#17 C:\\Users\\Admin\\Desktop\\Sathish\\Projects\\LMS\\lms-backend\\vendor\\laravel\\framework\\src\\Illuminate\\Foundation\\Http\\Middleware\\VerifyCsrfToken.php(78): Illuminate\\Pipeline\\Pipeline->Illuminate\\Pipeline\\{closure}(Object(Illuminate\\Http\\Request))
#18 C:\\Users\\Admin\\Desktop\\Sathish\\Projects\\LMS\\lms-backend\\vendor\\laravel\\framework\\src\\Illuminate\\Pipeline\\Pipeline.php(183): Illuminate\\Foundation\\Http\\Middleware\\VerifyCsrfToken->handle(Object(Illuminate\\Http\\Request), Object(Closure))
#19 C:\\Users\\Admin\\Desktop\\Sathish\\Projects\\LMS\\lms-backend\\vendor\\laravel\\framework\\src\\Illuminate\\View\\Middleware\\ShareErrorsFromSession.php(49): Illuminate\\Pipeline\\Pipeline->Illuminate\\Pipeline\\{closure}(Object(Illuminate\\Http\\Request))
#20 C:\\Users\\Admin\\Desktop\\Sathish\\Projects\\LMS\\lms-backend\\vendor\\laravel\\framework\\src\\Illuminate\\Pipeline\\Pipeline.php(183): Illuminate\\View\\Middleware\\ShareErrorsFromSession->handle(Object(Illuminate\\Http\\Request), Object(Closure))
#21 C:\\Users\\Admin\\Desktop\\Sathish\\Projects\\LMS\\lms-backend\\vendor\\laravel\\framework\\src\\Illuminate\\Session\\Middleware\\StartSession.php(121): Illuminate\\Pipeline\\Pipeline->Illuminate\\Pipeline\\{closure}(Object(Illuminate\\Http\\Request))
#22 C:\\Users\\Admin\\Desktop\\Sathish\\Projects\\LMS\\lms-backend\\vendor\\laravel\\framework\\src\\Illuminate\\Session\\Middleware\\StartSession.php(64): Illuminate\\Session\\Middleware\\StartSession->handleStatefulRequest(Object(Illuminate\\Http\\Request), Object(Illuminate\\Session\\Store), Object(Closure))
#23 C:\\Users\\Admin\\Desktop\\Sathish\\Projects\\LMS\\lms-backend\\vendor\\laravel\\framework\\src\\Illuminate\\Pipeline\\Pipeline.php(183): Illuminate\\Session\\Middleware\\StartSession->handle(Object(Illuminate\\Http\\Request), Object(Closure))
#24 C:\\Users\\Admin\\Desktop\\Sathish\\Projects\\LMS\\lms-backend\\vendor\\laravel\\framework\\src\\Illuminate\\Cookie\\Middleware\\AddQueuedCookiesToResponse.php(37): Illuminate\\Pipeline\\Pipeline->Illuminate\\Pipeline\\{closure}(Object(Illuminate\\Http\\Request))
#25 C:\\Users\\Admin\\Desktop\\Sathish\\Projects\\LMS\\lms-backend\\vendor\\laravel\\framework\\src\\Illuminate\\Pipeline\\Pipeline.php(183): Illuminate\\Cookie\\Middleware\\AddQueuedCookiesToResponse->handle(Object(Illuminate\\Http\\Request), Object(Closure))
#26 C:\\Users\\Admin\\Desktop\\Sathish\\Projects\\LMS\\lms-backend\\vendor\\laravel\\framework\\src\\Illuminate\\Cookie\\Middleware\\EncryptCookies.php(67): Illuminate\\Pipeline\\Pipeline->Illuminate\\Pipeline\\{closure}(Object(Illuminate\\Http\\Request))
#27 C:\\Users\\Admin\\Desktop\\Sathish\\Projects\\LMS\\lms-backend\\vendor\\laravel\\framework\\src\\Illuminate\\Pipeline\\Pipeline.php(183): Illuminate\\Cookie\\Middleware\\EncryptCookies->handle(Object(Illuminate\\Http\\Request), Object(Closure))
#28 C:\\Users\\Admin\\Desktop\\Sathish\\Projects\\LMS\\lms-backend\\vendor\\laravel\\framework\\src\\Illuminate\\Pipeline\\Pipeline.php(119): Illuminate\\Pipeline\\Pipeline->Illuminate\\Pipeline\\{closure}(Object(Illuminate\\Http\\Request))
#29 C:\\Users\\Admin\\Desktop\\Sathish\\Projects\\LMS\\lms-backend\\vendor\\laravel\\framework\\src\\Illuminate\\Routing\\Router.php(807): Illuminate\\Pipeline\\Pipeline->then(Object(Closure))
#30 C:\\Users\\Admin\\Desktop\\Sathish\\Projects\\LMS\\lms-backend\\vendor\\laravel\\framework\\src\\Illuminate\\Routing\\Router.php(784): Illuminate\\Routing\\Router->runRouteWithinStack(Object(Illuminate\\Routing\\Route), Object(Illuminate\\Http\\Request))
#31 C:\\Users\\Admin\\Desktop\\Sathish\\Projects\\LMS\\lms-backend\\vendor\\laravel\\framework\\src\\Illuminate\\Routing\\Router.php(748): Illuminate\\Routing\\Router->runRoute(Object(Illuminate\\Http\\Request), Object(Illuminate\\Routing\\Route))
#32 C:\\Users\\Admin\\Desktop\\Sathish\\Projects\\LMS\\lms-backend\\vendor\\laravel\\framework\\src\\Illuminate\\Routing\\Router.php(737): Illuminate\\Routing\\Router->dispatchToRoute(Object(Illuminate\\Http\\Request))
#33 C:\\Users\\Admin\\Desktop\\Sathish\\Projects\\LMS\\lms-backend\\vendor\\laravel\\framework\\src\\Illuminate\\Foundation\\Http\\Kernel.php(200): Illuminate\\Routing\\Router->dispatch(Object(Illuminate\\Http\\Request))
#34 C:\\Users\\Admin\\Desktop\\Sathish\\Projects\\LMS\\lms-backend\\vendor\\laravel\\framework\\src\\Illuminate\\Pipeline\\Pipeline.php(144): Illuminate\\Foundation\\Http\\Kernel->Illuminate\\Foundation\\Http\\{closure}(Object(Illuminate\\Http\\Request))
#35 C:\\Users\\Admin\\Desktop\\Sathish\\Projects\\LMS\\lms-backend\\vendor\\laravel\\framework\\src\\Illuminate\\Foundation\\Http\\Middleware\\TransformsRequest.php(21): Illuminate\\Pipeline\\Pipeline->Illuminate\\Pipeline\\{closure}(Object(Illuminate\\Http\\Request))
#36 C:\\Users\\Admin\\Desktop\\Sathish\\Projects\\LMS\\lms-backend\\vendor\\laravel\\framework\\src\\Illuminate\\Foundation\\Http\\Middleware\\ConvertEmptyStringsToNull.php(31): Illuminate\\Foundation\\Http\\Middleware\\TransformsRequest->handle(Object(Illuminate\\Http\\Request), Object(Closure))
#37 C:\\Users\\Admin\\Desktop\\Sathish\\Projects\\LMS\\lms-backend\\vendor\\laravel\\framework\\src\\Illuminate\\Pipeline\\Pipeline.php(183): Illuminate\\Foundation\\Http\\Middleware\\ConvertEmptyStringsToNull->handle(Object(Illuminate\\Http\\Request), Object(Closure))
#38 C:\\Users\\Admin\\Desktop\\Sathish\\Projects\\LMS\\lms-backend\\vendor\\laravel\\framework\\src\\Illuminate\\Foundation\\Http\\Middleware\\TransformsRequest.php(21): Illuminate\\Pipeline\\Pipeline->Illuminate\\Pipeline\\{closure}(Object(Illuminate\\Http\\Request))
#39 C:\\Users\\Admin\\Desktop\\Sathish\\Projects\\LMS\\lms-backend\\vendor\\laravel\\framework\\src\\Illuminate\\Foundation\\Http\\Middleware\\TrimStrings.php(40): Illuminate\\Foundation\\Http\\Middleware\\TransformsRequest->handle(Object(Illuminate\\Http\\Request), Object(Closure))
#40 C:\\Users\\Admin\\Desktop\\Sathish\\Projects\\LMS\\lms-backend\\vendor\\laravel\\framework\\src\\Illuminate\\Pipeline\\Pipeline.php(183): Illuminate\\Foundation\\Http\\Middleware\\TrimStrings->handle(Object(Illuminate\\Http\\Request), Object(Closure))
#41 C:\\Users\\Admin\\Desktop\\Sathish\\Projects\\LMS\\lms-backend\\vendor\\laravel\\framework\\src\\Illuminate\\Foundation\\Http\\Middleware\\ValidatePostSize.php(27): Illuminate\\Pipeline\\Pipeline->Illuminate\\Pipeline\\{closure}(Object(Illuminate\\Http\\Request))
#42 C:\\Users\\Admin\\Desktop\\Sathish\\Projects\\LMS\\lms-backend\\vendor\\laravel\\framework\\src\\Illuminate\\Pipeline\\Pipeline.php(183): Illuminate\\Foundation\\Http\\Middleware\\ValidatePostSize->handle(Object(Illuminate\\Http\\Request), Object(Closure))
#43 C:\\Users\\Admin\\Desktop\\Sathish\\Projects\\LMS\\lms-backend\\vendor\\laravel\\framework\\src\\Illuminate\\Foundation\\Http\\Middleware\\PreventRequestsDuringMaintenance.php(99): Illuminate\\Pipeline\\Pipeline->Illuminate\\Pipeline\\{closure}(Object(Illuminate\\Http\\Request))
#44 C:\\Users\\Admin\\Desktop\\Sathish\\Projects\\LMS\\lms-backend\\vendor\\laravel\\framework\\src\\Illuminate\\Pipeline\\Pipeline.php(183): Illuminate\\Foundation\\Http\\Middleware\\PreventRequestsDuringMaintenance->handle(Object(Illuminate\\Http\\Request), Object(Closure))
#45 C:\\Users\\Admin\\Desktop\\Sathish\\Projects\\LMS\\lms-backend\\vendor\\laravel\\framework\\src\\Illuminate\\Http\\Middleware\\HandleCors.php(62): Illuminate\\Pipeline\\Pipeline->Illuminate\\Pipeline\\{closure}(Object(Illuminate\\Http\\Request))
#46 C:\\Users\\Admin\\Desktop\\Sathish\\Projects\\LMS\\lms-backend\\vendor\\laravel\\framework\\src\\Illuminate\\Pipeline\\Pipeline.php(183): Illuminate\\Http\\Middleware\\HandleCors->handle(Object(Illuminate\\Http\\Request), Object(Closure))
#47 C:\\Users\\Admin\\Desktop\\Sathish\\Projects\\LMS\\lms-backend\\vendor\\laravel\\framework\\src\\Illuminate\\Http\\Middleware\\TrustProxies.php(39): Illuminate\\Pipeline\\Pipeline->Illuminate\\Pipeline\\{closure}(Object(Illuminate\\Http\\Request))
#48 C:\\Users\\Admin\\Desktop\\Sathish\\Projects\\LMS\\lms-backend\\vendor\\laravel\\framework\\src\\Illuminate\\Pipeline\\Pipeline.php(183): Illuminate\\Http\\Middleware\\TrustProxies->handle(Object(Illuminate\\Http\\Request), Object(Closure))
#49 C:\\Users\\Admin\\Desktop\\Sathish\\Projects\\LMS\\lms-backend\\vendor\\laravel\\framework\\src\\Illuminate\\Pipeline\\Pipeline.php(119): Illuminate\\Pipeline\\Pipeline->Illuminate\\Pipeline\\{closure}(Object(Illuminate\\Http\\Request))
#50 C:\\Users\\Admin\\Desktop\\Sathish\\Projects\\LMS\\lms-backend\\vendor\\laravel\\framework\\src\\Illuminate\\Foundation\\Http\\Kernel.php(175): Illuminate\\Pipeline\\Pipeline->then(Object(Closure))
#51 C:\\Users\\Admin\\Desktop\\Sathish\\Projects\\LMS\\lms-backend\\vendor\\laravel\\framework\\src\\Illuminate\\Foundation\\Http\\Kernel.php(144): Illuminate\\Foundation\\Http\\Kernel->sendRequestThroughRouter(Object(Illuminate\\Http\\Request))
#52 C:\\Users\\Admin\\Desktop\\Sathish\\Projects\\LMS\\lms-backend\\public\\index.php(7): Illuminate\\Foundation\\Http\\Kernel->handle(Object(Illuminate\\Http\\Request))
#53 C:\\Users\\Admin\\Desktop\\Sathish\\Projects\\LMS\\lms-backend\\vendor\\laravel\\framework\\src\\Illuminate\\Foundation\\resources\\server.php(16): require_once('C:\\\\Users\\\\Admin\\\\...')
#54 {main}

[previous exception] [object] (ReflectionException(code: -1): Class \"App\\Http\\Controllers\\Api\\Admin\\CoursesAdminController\" does not exist at C:\\Users\\Admin\\Desktop\\Sathish\\Projects\\LMS\\lms-backend\\vendor\\laravel\\framework\\src\\Illuminate\\Container\\Container.php:912)
[stacktrace]
#0 C:\\Users\\Admin\\Desktop\\Sathish\\Projects\\LMS\\lms-backend\\vendor\\laravel\\framework\\src\\Illuminate\\Container\\Container.php(912): ReflectionClass->__construct('App\\\\Http\\\\Contro...')
#1 C:\\Users\\Admin\\Desktop\\Sathish\\Projects\\LMS\\lms-backend\\vendor\\laravel\\framework\\src\\Illuminate\\Container\\Container.php(795): Illuminate\\Container\\Container->build('App\\\\Http\\\\Contro...')
#2 C:\\Users\\Admin\\Desktop\\Sathish\\Projects\\LMS\\lms-backend\\vendor\\laravel\\framework\\src\\Illuminate\\Foundation\\Application.php(986): Illuminate\\Container\\Container->resolve('App\\\\Http\\\\Contro...', Array, true)
#3 C:\\Users\\Admin\\Desktop\\Sathish\\Projects\\LMS\\lms-backend\\vendor\\laravel\\framework\\src\\Illuminate\\Container\\Container.php(731): Illuminate\\Foundation\\Application->resolve('App\\\\Http\\\\Contro...', Array)
#4 C:\\Users\\Admin\\Desktop\\Sathish\\Projects\\LMS\\lms-backend\\vendor\\laravel\\framework\\src\\Illuminate\\Foundation\\Application.php(971): Illuminate\\Container\\Container->make('App\\\\Http\\\\Contro...', Array)
#5 C:\\Users\\Admin\\Desktop\\Sathish\\Projects\\LMS\\lms-backend\\vendor\\laravel\\framework\\src\\Illuminate\\Routing\\Route.php(278): Illuminate\\Foundation\\Application->make('App\\\\Http\\\\Contro...')
#6 C:\\Users\\Admin\\Desktop\\Sathish\\Projects\\LMS\\lms-backend\\vendor\\laravel\\framework\\src\\Illuminate\\Routing\\Route.php(260): Illuminate\\Routing\\Route->getController()
#7 C:\\Users\\Admin\\Desktop\\Sathish\\Projects\\LMS\\lms-backend\\vendor\\laravel\\framework\\src\\Illuminate\\Routing\\Route.php(205): Illuminate\\Routing\\Route->runController()
#8 C:\\Users\\Admin\\Desktop\\Sathish\\Projects\\LMS\\lms-backend\\vendor\\laravel\\framework\\src\\Illuminate\\Routing\\Router.php(806): Illuminate\\Routing\\Route->run()
#9 C:\\Users\\Admin\\Desktop\\Sathish\\Projects\\LMS\\lms-backend\\vendor\\laravel\\framework\\src\\Illuminate\\Pipeline\\Pipeline.php(144): Illuminate\\Routing\\Router->Illuminate\\Routing\\{closure}(Object(Illuminate\\Http\\Request))
#10 C:\\Users\\Admin\\Desktop\\Sathish\\Projects\\LMS\\lms-backend\\app\\Http\\Middleware\\EnsureRole.php(17): Illuminate\\Pipeline\\Pipeline->Illuminate\\Pipeline\\{closure}(Object(Illuminate\\Http\\Request))
#11 C:\\Users\\Admin\\Desktop\\Sathish\\Projects\\LMS\\lms-backend\\vendor\\laravel\\framework\\src\\Illuminate\\Pipeline\\Pipeline.php(183): App\\Http\\Middleware\\EnsureRole->handle(Object(Illuminate\\Http\\Request), Object(Closure), 'admin')
#12 C:\\Users\\Admin\\Desktop\\Sathish\\Projects\\LMS\\lms-backend\\app\\Http\\Middleware\\ResolveTenant.php(56): Illuminate\\Pipeline\\Pipeline->Illuminate\\Pipeline\\{closure}(Object(Illuminate\\Http\\Request))
#13 C:\\Users\\Admin\\Desktop\\Sathish\\Projects\\LMS\\lms-backend\\vendor\\laravel\\framework\\src\\Illuminate\\Pipeline\\Pipeline.php(183): App\\Http\\Middleware\\ResolveTenant->handle(Object(Illuminate\\Http\\Request), Object(Closure))
#14 C:\\Users\\Admin\\Desktop\\Sathish\\Projects\\LMS\\lms-backend\\vendor\\laravel\\framework\\src\\Illuminate\\Routing\\Middleware\\SubstituteBindings.php(50): Illuminate\\Pipeline\\Pipeline->Illuminate\\Pipeline\\{closure}(Object(Illuminate\\Http\\Request))
#15 C:\\Users\\Admin\\Desktop\\Sathish\\Projects\\LMS\\lms-backend\\vendor\\laravel\\framework\\src\\Illuminate\\Pipeline\\Pipeline.php(183): Illuminate\\Routing\\Middleware\\SubstituteBindings->handle(Object(Illuminate\\Http\\Request), Object(Closure))
#16 C:\\Users\\Admin\\Desktop\\Sathish\\Projects\\LMS\\lms-backend\\vendor\\laravel\\framework\\src\\Illuminate\\Auth\\Middleware\\Authenticate.php(57): Illuminate\\Pipeline\\Pipeline->Illuminate\\Pipeline\\{closure}(Object(Illuminate\\Http\\Request))
#17 C:\\Users\\Admin\\Desktop\\Sathish\\Projects\\LMS\\lms-backend\\vendor\\laravel\\framework\\src\\Illuminate\\Pipeline\\Pipeline.php(183): Illuminate\\Auth\\Middleware\\Authenticate->handle(Object(Illuminate\\Http\\Request), Object(Closure))
#18 C:\\Users\\Admin\\Desktop\\Sathish\\Projects\\LMS\\lms-backend\\vendor\\laravel\\framework\\src\\Illuminate\\Foundation\\Http\\Middleware\\VerifyCsrfToken.php(78): Illuminate\\Pipeline\\Pipeline->Illuminate\\Pipeline\\{closure}(Object(Illuminate\\Http\\Request))
#19 C:\\Users\\Admin\\Desktop\\Sathish\\Projects\\LMS\\lms-backend\\vendor\\laravel\\framework\\src\\Illuminate\\Pipeline\\Pipeline.php(183): Illuminate\\Foundation\\Http\\Middleware\\VerifyCsrfToken->handle(Object(Illuminate\\Http\\Request), Object(Closure))
#20 C:\\Users\\Admin\\Desktop\\Sathish\\Projects\\LMS\\lms-backend\\vendor\\laravel\\framework\\src\\Illuminate\\View\\Middleware\\ShareErrorsFromSession.php(49): Illuminate\\Pipeline\\Pipeline->Illuminate\\Pipeline\\{closure}(Object(Illuminate\\Http\\Request))
#21 C:\\Users\\Admin\\Desktop\\Sathish\\Projects\\LMS\\lms-backend\\vendor\\laravel\\framework\\src\\Illuminate\\Pipeline\\Pipeline.php(183): Illuminate\\View\\Middleware\\ShareErrorsFromSession->handle(Object(Illuminate\\Http\\Request), Object(Closure))
#22 C:\\Users\\Admin\\Desktop\\Sathish\\Projects\\LMS\\lms-backend\\vendor\\laravel\\framework\\src\\Illuminate\\Session\\Middleware\\StartSession.php(121): Illuminate\\Pipeline\\Pipeline->Illuminate\\Pipeline\\{closure}(Object(Illuminate\\Http\\Request))
#23 C:\\Users\\Admin\\Desktop\\Sathish\\Projects\\LMS\\lms-backend\\vendor\\laravel\\framework\\src\\Illuminate\\Session\\Middleware\\StartSession.php(64): Illuminate\\Session\\Middleware\\StartSession->handleStatefulRequest(Object(Illuminate\\Http\\Request), Object(Illuminate\\Session\\Store), Object(Closure))
#24 C:\\Users\\Admin\\Desktop\\Sathish\\Projects\\LMS\\lms-backend\\vendor\\laravel\\framework\\src\\Illuminate\\Pipeline\\Pipeline.php(183): Illuminate\\Session\\Middleware\\StartSession->handle(Object(Illuminate\\Http\\Request), Object(Closure))
#25 C:\\Users\\Admin\\Desktop\\Sathish\\Projects\\LMS\\lms-backend\\vendor\\laravel\\framework\\src\\Illuminate\\Cookie\\Middleware\\AddQueuedCookiesToResponse.php(37): Illuminate\\Pipeline\\Pipeline->Illuminate\\Pipeline\\{closure}(Object(Illuminate\\Http\\Request))
#26 C:\\Users\\Admin\\Desktop\\Sathish\\Projects\\LMS\\lms-backend\\vendor\\laravel\\framework\\src\\Illuminate\\Pipeline\\Pipeline.php(183): Illuminate\\Cookie\\Middleware\\AddQueuedCookiesToResponse->handle(Object(Illuminate\\Http\\Request), Object(Closure))
#27 C:\\Users\\Admin\\Desktop\\Sathish\\Projects\\LMS\\lms-backend\\vendor\\laravel\\framework\\src\\Illuminate\\Cookie\\Middleware\\EncryptCookies.php(67): Illuminate\\Pipeline\\Pipeline->Illuminate\\Pipeline\\{closure}(Object(Illuminate\\Http\\Request))
#28 C:\\Users\\Admin\\Desktop\\Sathish\\Projects\\LMS\\lms-backend\\vendor\\laravel\\framework\\src\\Illuminate\\Pipeline\\Pipeline.php(183): Illuminate\\Cookie\\Middleware\\EncryptCookies->handle(Object(Illuminate\\Http\\Request), Object(Closure))
#29 C:\\Users\\Admin\\Desktop\\Sathish\\Projects\\LMS\\lms-backend\\vendor\\laravel\\framework\\src\\Illuminate\\Pipeline\\Pipeline.php(119): Illuminate\\Pipeline\\Pipeline->Illuminate\\Pipeline\\{closure}(Object(Illuminate\\Http\\Request))
#30 C:\\Users\\Admin\\Desktop\\Sathish\\Projects\\LMS\\lms-backend\\vendor\\laravel\\framework\\src\\Illuminate\\Routing\\Router.php(807): Illuminate\\Pipeline\\Pipeline->then(Object(Closure))
#31 C:\\Users\\Admin\\Desktop\\Sathish\\Projects\\LMS\\lms-backend\\vendor\\laravel\\framework\\src\\Illuminate\\Routing\\Router.php(784): Illuminate\\Routing\\Router->runRouteWithinStack(Object(Illuminate\\Routing\\Route), Object(Illuminate\\Http\\Request))
#32 C:\\Users\\Admin\\Desktop\\Sathish\\Projects\\LMS\\lms-backend\\vendor\\laravel\\framework\\src\\Illuminate\\Routing\\Router.php(748): Illuminate\\Routing\\Router->runRoute(Object(Illuminate\\Http\\Request), Object(Illuminate\\Routing\\Route))
#33 C:\\Users\\Admin\\Desktop\\Sathish\\Projects\\LMS\\lms-backend\\vendor\\laravel\\framework\\src\\Illuminate\\Routing\\Router.php(737): Illuminate\\Routing\\Router->dispatchToRoute(Object(Illuminate\\Http\\Request))
#34 C:\\Users\\Admin\\Desktop\\Sathish\\Projects\\LMS\\lms-backend\\vendor\\laravel\\framework\\src\\Illuminate\\Foundation\\Http\\Kernel.php(200): Illuminate\\Routing\\Router->dispatch(Object(Illuminate\\Http\\Request))
#35 C:\\Users\\Admin\\Desktop\\Sathish\\Projects\\LMS\\lms-backend\\vendor\\laravel\\framework\\src\\Illuminate\\Pipeline\\Pipeline.php(144): Illuminate\\Foundation\\Http\\Kernel->Illuminate\\Foundation\\Http\\{closure}(Object(Illuminate\\Http\\Request))
#36 C:\\Users\\Admin\\Desktop\\Sathish\\Projects\\LMS\\lms-backend\\vendor\\laravel\\framework\\src\\Illuminate\\Foundation\\Http\\Middleware\\TransformsRequest.php(21): Illuminate\\Pipeline\\Pipeline->Illuminate\\Pipeline\\{closure}(Object(Illuminate\\Http\\Request))
#37 C:\\Users\\Admin\\Desktop\\Sathish\\Projects\\LMS\\lms-backend\\vendor\\laravel\\framework\\src\\Illuminate\\Foundation\\Http\\Middleware\\ConvertEmptyStringsToNull.php(31): Illuminate\\Foundation\\Http\\Middleware\\TransformsRequest->handle(Object(Illuminate\\Http\\Request), Object(Closure))
#38 C:\\Users\\Admin\\Desktop\\Sathish\\Projects\\LMS\\lms-backend\\vendor\\laravel\\framework\\src\\Illuminate\\Pipeline\\Pipeline.php(183): Illuminate\\Foundation\\Http\\Middleware\\ConvertEmptyStringsToNull->handle(Object(Illuminate\\Http\\Request), Object(Closure))
#39 C:\\Users\\Admin\\Desktop\\Sathish\\Projects\\LMS\\lms-backend\\vendor\\laravel\\framework\\src\\Illuminate\\Foundation\\Http\\Middleware\\TransformsRequest.php(21): Illuminate\\Pipeline\\Pipeline->Illuminate\\Pipeline\\{closure}(Object(Illuminate\\Http\\Request))
#40 C:\\Users\\Admin\\Desktop\\Sathish\\Projects\\LMS\\lms-backend\\vendor\\laravel\\framework\\src\\Illuminate\\Foundation\\Http\\Middleware\\TrimStrings.php(40): Illuminate\\Foundation\\Http\\Middleware\\TransformsRequest->handle(Object(Illuminate\\Http\\Request), Object(Closure))
#41 C:\\Users\\Admin\\Desktop\\Sathish\\Projects\\LMS\\lms-backend\\vendor\\laravel\\framework\\src\\Illuminate\\Pipeline\\Pipeline.php(183): Illuminate\\Foundation\\Http\\Middleware\\TrimStrings->handle(Object(Illuminate\\Http\\Request), Object(Closure))
#42 C:\\Users\\Admin\\Desktop\\Sathish\\Projects\\LMS\\lms-backend\\vendor\\laravel\\framework\\src\\Illuminate\\Foundation\\Http\\Middleware\\ValidatePostSize.php(27): Illuminate\\Pipeline\\Pipeline->Illuminate\\Pipeline\\{closure}(Object(Illuminate\\Http\\Request))
#43 C:\\Users\\Admin\\Desktop\\Sathish\\Projects\\LMS\\lms-backend\\vendor\\laravel\\framework\\src\\Illuminate\\Pipeline\\Pipeline.php(183): Illuminate\\Foundation\\Http\\Middleware\\ValidatePostSize->handle(Object(Illuminate\\Http\\Request), Object(Closure))
#44 C:\\Users\\Admin\\Desktop\\Sathish\\Projects\\LMS\\lms-backend\\vendor\\laravel\\framework\\src\\Illuminate\\Foundation\\Http\\Middleware\\PreventRequestsDuringMaintenance.php(99): Illuminate\\Pipeline\\Pipeline->Illuminate\\Pipeline\\{closure}(Object(Illuminate\\Http\\Request))
#45 C:\\Users\\Admin\\Desktop\\Sathish\\Projects\\LMS\\lms-backend\\vendor\\laravel\\framework\\src\\Illuminate\\Pipeline\\Pipeline.php(183): Illuminate\\Foundation\\Http\\Middleware\\PreventRequestsDuringMaintenance->handle(Object(Illuminate\\Http\\Request), Object(Closure))
#46 C:\\Users\\Admin\\Desktop\\Sathish\\Projects\\LMS\\lms-backend\\vendor\\laravel\\framework\\src\\Illuminate\\Http\\Middleware\\HandleCors.php(62): Illuminate\\Pipeline\\Pipeline->Illuminate\\Pipeline\\{closure}(Object(Illuminate\\Http\\Request))
#47 C:\\Users\\Admin\\Desktop\\Sathish\\Projects\\LMS\\lms-backend\\vendor\\laravel\\framework\\src\\Illuminate\\Pipeline\\Pipeline.php(183): Illuminate\\Http\\Middleware\\HandleCors->handle(Object(Illuminate\\Http\\Request), Object(Closure))
#48 C:\\Users\\Admin\\Desktop\\Sathish\\Projects\\LMS\\lms-backend\\vendor\\laravel\\framework\\src\\Illuminate\\Http\\Middleware\\TrustProxies.php(39): Illuminate\\Pipeline\\Pipeline->Illuminate\\Pipeline\\{closure}(Object(Illuminate\\Http\\Request))
#49 C:\\Users\\Admin\\Desktop\\Sathish\\Projects\\LMS\\lms-backend\\vendor\\laravel\\framework\\src\\Illuminate\\Pipeline\\Pipeline.php(183): Illuminate\\Http\\Middleware\\TrustProxies->handle(Object(Illuminate\\Http\\Request), Object(Closure))
#50 C:\\Users\\Admin\\Desktop\\Sathish\\Projects\\LMS\\lms-backend\\vendor\\laravel\\framework\\src\\Illuminate\\Pipeline\\Pipeline.php(119): Illuminate\\Pipeline\\Pipeline->Illuminate\\Pipeline\\{closure}(Object(Illuminate\\Http\\Request))
#51 C:\\Users\\Admin\\Desktop\\Sathish\\Projects\\LMS\\lms-backend\\vendor\\laravel\\framework\\src\\Illuminate\\Foundation\\Http\\Kernel.php(175): Illuminate\\Pipeline\\Pipeline->then(Object(Closure))
#52 C:\\Users\\Admin\\Desktop\\Sathish\\Projects\\LMS\\lms-backend\\vendor\\laravel\\framework\\src\\Illuminate\\Foundation\\Http\\Kernel.php(144): Illuminate\\Foundation\\Http\\Kernel->sendRequestThroughRouter(Object(Illuminate\\Http\\Request))
#53 C:\\Users\\Admin\\Desktop\\Sathish\\Projects\\LMS\\lms-backend\\public\\index.php(7): Illuminate\\Foundation\\Http\\Kernel->handle(Object(Illuminate\\Http\\Request))
#54 C:\\Users\\Admin\\Desktop\\Sathish\\Projects\\LMS\\lms-backend\\vendor\\laravel\\framework\\src\\Illuminate\\Foundation\\resources\\server.php(16): require_once('C:\\\\Users\\\\Admin\\\\...')
#55 {main}
"} 
[2025-12-29 11:31:00] local.ERROR: Target class [App\Http\Controllers\Api\Admin\CoursesAdminController] does not exist. {"userId":1,"exception":"[object] (Illuminate\\Contracts\\Container\\BindingResolutionException(code: 0): Target class [App\\Http\\Controllers\\Api\\Admin\\CoursesAdminController] does not exist. at C:\\Users\\Admin\\Desktop\\Sathish\\Projects\\LMS\\lms-backend\\vendor\\laravel\\framework\\src\\Illuminate\\Container\\Container.php:914)
[stacktrace]
#0 C:\\Users\\Admin\\Desktop\\Sathish\\Projects\\LMS\\lms-backend\\vendor\\laravel\\framework\\src\\Illuminate\\Container\\Container.php(795): Illuminate\\Container\\Container->build('App\\\\Http\\\\Contro...')
#1 C:\\Users\\Admin\\Desktop\\Sathish\\Projects\\LMS\\lms-backend\\vendor\\laravel\\framework\\src\\Illuminate\\Foundation\\Application.php(986): Illuminate\\Container\\Container->resolve('App\\\\Http\\\\Contro...', Array, true)
#2 C:\\Users\\Admin\\Desktop\\Sathish\\Projects\\LMS\\lms-backend\\vendor\\laravel\\framework\\src\\Illuminate\\Container\\Container.php(731): Illuminate\\Foundation\\Application->resolve('App\\\\Http\\\\Contro...', Array)
#3 C:\\Users\\Admin\\Desktop\\Sathish\\Projects\\LMS\\lms-backend\\vendor\\laravel\\framework\\src\\Illuminate\\Foundation\\Application.php(971): Illuminate\\Container\\Container->make('App\\\\Http\\\\Contro...', Array)
#4 C:\\Users\\Admin\\Desktop\\Sathish\\Projects\\LMS\\lms-backend\\vendor\\laravel\\framework\\src\\Illuminate\\Routing\\Route.php(278): Illuminate\\Foundation\\Application->make('App\\\\Http\\\\Contro...')
#5 C:\\Users\\Admin\\Desktop\\Sathish\\Projects\\LMS\\lms-backend\\vendor\\laravel\\framework\\src\\Illuminate\\Routing\\Route.php(260): Illuminate\\Routing\\Route->getController()
#6 C:\\Users\\Admin\\Desktop\\Sathish\\Projects\\LMS\\lms-backend\\vendor\\laravel\\framework\\src\\Illuminate\\Routing\\Route.php(205): Illuminate\\Routing\\Route->runController()
#7 C:\\Users\\Admin\\Desktop\\Sathish\\Projects\\LMS\\lms-backend\\vendor\\laravel\\framework\\src\\Illuminate\\Routing\\Router.php(806): Illuminate\\Routing\\Route->run()
#8 C:\\Users\\Admin\\Desktop\\Sathish\\Projects\\LMS\\lms-backend\\vendor\\laravel\\framework\\src\\Illuminate\\Pipeline\\Pipeline.php(144): Illuminate\\Routing\\Router->Illuminate\\Routing\\{closure}(Object(Illuminate\\Http\\Request))
#9 C:\\Users\\Admin\\Desktop\\Sathish\\Projects\\LMS\\lms-backend\\app\\Http\\Middleware\\EnsureRole.php(17): Illuminate\\Pipeline\\Pipeline->Illuminate\\Pipeline\\{closure}(Object(Illuminate\\Http\\Request))
#10 C:\\Users\\Admin\\Desktop\\Sathish\\Projects\\LMS\\lms-backend\\vendor\\laravel\\framework\\src\\Illuminate\\Pipeline\\Pipeline.php(183): App\\Http\\Middleware\\EnsureRole->handle(Object(Illuminate\\Http\\Request), Object(Closure), 'admin')
#11 C:\\Users\\Admin\\Desktop\\Sathish\\Projects\\LMS\\lms-backend\\app\\Http\\Middleware\\ResolveTenant.php(56): Illuminate\\Pipeline\\Pipeline->Illuminate\\Pipeline\\{closure}(Object(Illuminate\\Http\\Request))
#12 C:\\Users\\Admin\\Desktop\\Sathish\\Projects\\LMS\\lms-backend\\vendor\\laravel\\framework\\src\\Illuminate\\Pipeline\\Pipeline.php(183): App\\Http\\Middleware\\ResolveTenant->handle(Object(Illuminate\\Http\\Request), Object(Closure))
#13 C:\\Users\\Admin\\Desktop\\Sathish\\Projects\\LMS\\lms-backend\\vendor\\laravel\\framework\\src\\Illuminate\\Routing\\Middleware\\SubstituteBindings.php(50): Illuminate\\Pipeline\\Pipeline->Illuminate\\Pipeline\\{closure}(Object(Illuminate\\Http\\Request))
#14 C:\\Users\\Admin\\Desktop\\Sathish\\Projects\\LMS\\lms-backend\\vendor\\laravel\\framework\\src\\Illuminate\\Pipeline\\Pipeline.php(183): Illuminate\\Routing\\Middleware\\SubstituteBindings->handle(Object(Illuminate\\Http\\Request), Object(Closure))
#15 C:\\Users\\Admin\\Desktop\\Sathish\\Projects\\LMS\\lms-backend\\vendor\\laravel\\framework\\src\\Illuminate\\Auth\\Middleware\\Authenticate.php(57): Illuminate\\Pipeline\\Pipeline->Illuminate\\Pipeline\\{closure}(Object(Illuminate\\Http\\Request))
#16 C:\\Users\\Admin\\Desktop\\Sathish\\Projects\\LMS\\lms-backend\\vendor\\laravel\\framework\\src\\Illuminate\\Pipeline\\Pipeline.php(183): Illuminate\\Auth\\Middleware\\Authenticate->handle(Object(Illuminate\\Http\\Request), Object(Closure))
#17 C:\\Users\\Admin\\Desktop\\Sathish\\Projects\\LMS\\lms-backend\\vendor\\laravel\\framework\\src\\Illuminate\\Foundation\\Http\\Middleware\\VerifyCsrfToken.php(78): Illuminate\\Pipeline\\Pipeline->Illuminate\\Pipeline\\{closure}(Object(Illuminate\\Http\\Request))
#18 C:\\Users\\Admin\\Desktop\\Sathish\\Projects\\LMS\\lms-backend\\vendor\\laravel\\framework\\src\\Illuminate\\Pipeline\\Pipeline.php(183): Illuminate\\Foundation\\Http\\Middleware\\VerifyCsrfToken->handle(Object(Illuminate\\Http\\Request), Object(Closure))
#19 C:\\Users\\Admin\\Desktop\\Sathish\\Projects\\LMS\\lms-backend\\vendor\\laravel\\framework\\src\\Illuminate\\View\\Middleware\\ShareErrorsFromSession.php(49): Illuminate\\Pipeline\\Pipeline->Illuminate\\Pipeline\\{closure}(Object(Illuminate\\Http\\Request))
#20 C:\\Users\\Admin\\Desktop\\Sathish\\Projects\\LMS\\lms-backend\\vendor\\laravel\\framework\\src\\Illuminate\\Pipeline\\Pipeline.php(183): Illuminate\\View\\Middleware\\ShareErrorsFromSession->handle(Object(Illuminate\\Http\\Request), Object(Closure))
#21 C:\\Users\\Admin\\Desktop\\Sathish\\Projects\\LMS\\lms-backend\\vendor\\laravel\\framework\\src\\Illuminate\\Session\\Middleware\\StartSession.php(121): Illuminate\\Pipeline\\Pipeline->Illuminate\\Pipeline\\{closure}(Object(Illuminate\\Http\\Request))
#22 C:\\Users\\Admin\\Desktop\\Sathish\\Projects\\LMS\\lms-backend\\vendor\\laravel\\framework\\src\\Illuminate\\Session\\Middleware\\StartSession.php(64): Illuminate\\Session\\Middleware\\StartSession->handleStatefulRequest(Object(Illuminate\\Http\\Request), Object(Illuminate\\Session\\Store), Object(Closure))
#23 C:\\Users\\Admin\\Desktop\\Sathish\\Projects\\LMS\\lms-backend\\vendor\\laravel\\framework\\src\\Illuminate\\Pipeline\\Pipeline.php(183): Illuminate\\Session\\Middleware\\StartSession->handle(Object(Illuminate\\Http\\Request), Object(Closure))
#24 C:\\Users\\Admin\\Desktop\\Sathish\\Projects\\LMS\\lms-backend\\vendor\\laravel\\framework\\src\\Illuminate\\Cookie\\Middleware\\AddQueuedCookiesToResponse.php(37): Illuminate\\Pipeline\\Pipeline->Illuminate\\Pipeline\\{closure}(Object(Illuminate\\Http\\Request))
#25 C:\\Users\\Admin\\Desktop\\Sathish\\Projects\\LMS\\lms-backend\\vendor\\laravel\\framework\\src\\Illuminate\\Pipeline\\Pipeline.php(183): Illuminate\\Cookie\\Middleware\\AddQueuedCookiesToResponse->handle(Object(Illuminate\\Http\\Request), Object(Closure))
#26 C:\\Users\\Admin\\Desktop\\Sathish\\Projects\\LMS\\lms-backend\\vendor\\laravel\\framework\\src\\Illuminate\\Cookie\\Middleware\\EncryptCookies.php(67): Illuminate\\Pipeline\\Pipeline->Illuminate\\Pipeline\\{closure}(Object(Illuminate\\Http\\Request))
#27 C:\\Users\\Admin\\Desktop\\Sathish\\Projects\\LMS\\lms-backend\\vendor\\laravel\\framework\\src\\Illuminate\\Pipeline\\Pipeline.php(183): Illuminate\\Cookie\\Middleware\\EncryptCookies->handle(Object(Illuminate\\Http\\Request), Object(Closure))
#28 C:\\Users\\Admin\\Desktop\\Sathish\\Projects\\LMS\\lms-backend\\vendor\\laravel\\framework\\src\\Illuminate\\Pipeline\\Pipeline.php(119): Illuminate\\Pipeline\\Pipeline->Illuminate\\Pipeline\\{closure}(Object(Illuminate\\Http\\Request))
#29 C:\\Users\\Admin\\Desktop\\Sathish\\Projects\\LMS\\lms-backend\\vendor\\laravel\\framework\\src\\Illuminate\\Routing\\Router.php(807): Illuminate\\Pipeline\\Pipeline->then(Object(Closure))
#30 C:\\Users\\Admin\\Desktop\\Sathish\\Projects\\LMS\\lms-backend\\vendor\\laravel\\framework\\src\\Illuminate\\Routing\\Router.php(784): Illuminate\\Routing\\Router->runRouteWithinStack(Object(Illuminate\\Routing\\Route), Object(Illuminate\\Http\\Request))
#31 C:\\Users\\Admin\\Desktop\\Sathish\\Projects\\LMS\\lms-backend\\vendor\\laravel\\framework\\src\\Illuminate\\Routing\\Router.php(748): Illuminate\\Routing\\Router->runRoute(Object(Illuminate\\Http\\Request), Object(Illuminate\\Routing\\Route))
#32 C:\\Users\\Admin\\Desktop\\Sathish\\Projects\\LMS\\lms-backend\\vendor\\laravel\\framework\\src\\Illuminate\\Routing\\Router.php(737): Illuminate\\Routing\\Router->dispatchToRoute(Object(Illuminate\\Http\\Request))
#33 C:\\Users\\Admin\\Desktop\\Sathish\\Projects\\LMS\\lms-backend\\vendor\\laravel\\framework\\src\\Illuminate\\Foundation\\Http\\Kernel.php(200): Illuminate\\Routing\\Router->dispatch(Object(Illuminate\\Http\\Request))
#34 C:\\Users\\Admin\\Desktop\\Sathish\\Projects\\LMS\\lms-backend\\vendor\\laravel\\framework\\src\\Illuminate\\Pipeline\\Pipeline.php(144): Illuminate\\Foundation\\Http\\Kernel->Illuminate\\Foundation\\Http\\{closure}(Object(Illuminate\\Http\\Request))
#35 C:\\Users\\Admin\\Desktop\\Sathish\\Projects\\LMS\\lms-backend\\vendor\\laravel\\framework\\src\\Illuminate\\Foundation\\Http\\Middleware\\TransformsRequest.php(21): Illuminate\\Pipeline\\Pipeline->Illuminate\\Pipeline\\{closure}(Object(Illuminate\\Http\\Request))
#36 C:\\Users\\Admin\\Desktop\\Sathish\\Projects\\LMS\\lms-backend\\vendor\\laravel\\framework\\src\\Illuminate\\Foundation\\Http\\Middleware\\ConvertEmptyStringsToNull.php(31): Illuminate\\Foundation\\Http\\Middleware\\TransformsRequest->handle(Object(Illuminate\\Http\\Request), Object(Closure))
#37 C:\\Users\\Admin\\Desktop\\Sathish\\Projects\\LMS\\lms-backend\\vendor\\laravel\\framework\\src\\Illuminate\\Pipeline\\Pipeline.php(183): Illuminate\\Foundation\\Http\\Middleware\\ConvertEmptyStringsToNull->handle(Object(Illuminate\\Http\\Request), Object(Closure))
#38 C:\\Users\\Admin\\Desktop\\Sathish\\Projects\\LMS\\lms-backend\\vendor\\laravel\\framework\\src\\Illuminate\\Foundation\\Http\\Middleware\\TransformsRequest.php(21): Illuminate\\Pipeline\\Pipeline->Illuminate\\Pipeline\\{closure}(Object(Illuminate\\Http\\Request))
#39 C:\\Users\\Admin\\Desktop\\Sathish\\Projects\\LMS\\lms-backend\\vendor\\laravel\\framework\\src\\Illuminate\\Foundation\\Http\\Middleware\\TrimStrings.php(40): Illuminate\\Foundation\\Http\\Middleware\\TransformsRequest->handle(Object(Illuminate\\Http\\Request), Object(Closure))
#40 C:\\Users\\Admin\\Desktop\\Sathish\\Projects\\LMS\\lms-backend\\vendor\\laravel\\framework\\src\\Illuminate\\Pipeline\\Pipeline.php(183): Illuminate\\Foundation\\Http\\Middleware\\TrimStrings->handle(Object(Illuminate\\Http\\Request), Object(Closure))
#41 C:\\Users\\Admin\\Desktop\\Sathish\\Projects\\LMS\\lms-backend\\vendor\\laravel\\framework\\src\\Illuminate\\Foundation\\Http\\Middleware\\ValidatePostSize.php(27): Illuminate\\Pipeline\\Pipeline->Illuminate\\Pipeline\\{closure}(Object(Illuminate\\Http\\Request))
#42 C:\\Users\\Admin\\Desktop\\Sathish\\Projects\\LMS\\lms-backend\\vendor\\laravel\\framework\\src\\Illuminate\\Pipeline\\Pipeline.php(183): Illuminate\\Foundation\\Http\\Middleware\\ValidatePostSize->handle(Object(Illuminate\\Http\\Request), Object(Closure))
#43 C:\\Users\\Admin\\Desktop\\Sathish\\Projects\\LMS\\lms-backend\\vendor\\laravel\\framework\\src\\Illuminate\\Foundation\\Http\\Middleware\\PreventRequestsDuringMaintenance.php(99): Illuminate\\Pipeline\\Pipeline->Illuminate\\Pipeline\\{closure}(Object(Illuminate\\Http\\Request))
#44 C:\\Users\\Admin\\Desktop\\Sathish\\Projects\\LMS\\lms-backend\\vendor\\laravel\\framework\\src\\Illuminate\\Pipeline\\Pipeline.php(183): Illuminate\\Foundation\\Http\\Middleware\\PreventRequestsDuringMaintenance->handle(Object(Illuminate\\Http\\Request), Object(Closure))
#45 C:\\Users\\Admin\\Desktop\\Sathish\\Projects\\LMS\\lms-backend\\vendor\\laravel\\framework\\src\\Illuminate\\Http\\Middleware\\HandleCors.php(62): Illuminate\\Pipeline\\Pipeline->Illuminate\\Pipeline\\{closure}(Object(Illuminate\\Http\\Request))
#46 C:\\Users\\Admin\\Desktop\\Sathish\\Projects\\LMS\\lms-backend\\vendor\\laravel\\framework\\src\\Illuminate\\Pipeline\\Pipeline.php(183): Illuminate\\Http\\Middleware\\HandleCors->handle(Object(Illuminate\\Http\\Request), Object(Closure))
#47 C:\\Users\\Admin\\Desktop\\Sathish\\Projects\\LMS\\lms-backend\\vendor\\laravel\\framework\\src\\Illuminate\\Http\\Middleware\\TrustProxies.php(39): Illuminate\\Pipeline\\Pipeline->Illuminate\\Pipeline\\{closure}(Object(Illuminate\\Http\\Request))
#48 C:\\Users\\Admin\\Desktop\\Sathish\\Projects\\LMS\\lms-backend\\vendor\\laravel\\framework\\src\\Illuminate\\Pipeline\\Pipeline.php(183): Illuminate\\Http\\Middleware\\TrustProxies->handle(Object(Illuminate\\Http\\Request), Object(Closure))
#49 C:\\Users\\Admin\\Desktop\\Sathish\\Projects\\LMS\\lms-backend\\vendor\\laravel\\framework\\src\\Illuminate\\Pipeline\\Pipeline.php(119): Illuminate\\Pipeline\\Pipeline->Illuminate\\Pipeline\\{closure}(Object(Illuminate\\Http\\Request))
#50 C:\\Users\\Admin\\Desktop\\Sathish\\Projects\\LMS\\lms-backend\\vendor\\laravel\\framework\\src\\Illuminate\\Foundation\\Http\\Kernel.php(175): Illuminate\\Pipeline\\Pipeline->then(Object(Closure))
#51 C:\\Users\\Admin\\Desktop\\Sathish\\Projects\\LMS\\lms-backend\\vendor\\laravel\\framework\\src\\Illuminate\\Foundation\\Http\\Kernel.php(144): Illuminate\\Foundation\\Http\\Kernel->sendRequestThroughRouter(Object(Illuminate\\Http\\Request))
#52 C:\\Users\\Admin\\Desktop\\Sathish\\Projects\\LMS\\lms-backend\\public\\index.php(7): Illuminate\\Foundation\\Http\\Kernel->handle(Object(Illuminate\\Http\\Request))
#53 C:\\Users\\Admin\\Desktop\\Sathish\\Projects\\LMS\\lms-backend\\vendor\\laravel\\framework\\src\\Illuminate\\Foundation\\resources\\server.php(16): require_once('C:\\\\Users\\\\Admin\\\\...')
#54 {main}

[previous exception] [object] (ReflectionException(code: -1): Class \"App\\Http\\Controllers\\Api\\Admin\\CoursesAdminController\" does not exist at C:\\Users\\Admin\\Desktop\\Sathish\\Projects\\LMS\\lms-backend\\vendor\\laravel\\framework\\src\\Illuminate\\Container\\Container.php:912)
[stacktrace]
#0 C:\\Users\\Admin\\Desktop\\Sathish\\Projects\\LMS\\lms-backend\\vendor\\laravel\\framework\\src\\Illuminate\\Container\\Container.php(912): ReflectionClass->__construct('App\\\\Http\\\\Contro...')
#1 C:\\Users\\Admin\\Desktop\\Sathish\\Projects\\LMS\\lms-backend\\vendor\\laravel\\framework\\src\\Illuminate\\Container\\Container.php(795): Illuminate\\Container\\Container->build('App\\\\Http\\\\Contro...')
#2 C:\\Users\\Admin\\Desktop\\Sathish\\Projects\\LMS\\lms-backend\\vendor\\laravel\\framework\\src\\Illuminate\\Foundation\\Application.php(986): Illuminate\\Container\\Container->resolve('App\\\\Http\\\\Contro...', Array, true)
#3 C:\\Users\\Admin\\Desktop\\Sathish\\Projects\\LMS\\lms-backend\\vendor\\laravel\\framework\\src\\Illuminate\\Container\\Container.php(731): Illuminate\\Foundation\\Application->resolve('App\\\\Http\\\\Contro...', Array)
#4 C:\\Users\\Admin\\Desktop\\Sathish\\Projects\\LMS\\lms-backend\\vendor\\laravel\\framework\\src\\Illuminate\\Foundation\\Application.php(971): Illuminate\\Container\\Container->make('App\\\\Http\\\\Contro...', Array)
#5 C:\\Users\\Admin\\Desktop\\Sathish\\Projects\\LMS\\lms-backend\\vendor\\laravel\\framework\\src\\Illuminate\\Routing\\Route.php(278): Illuminate\\Foundation\\Application->make('App\\\\Http\\\\Contro...')
#6 C:\\Users\\Admin\\Desktop\\Sathish\\Projects\\LMS\\lms-backend\\vendor\\laravel\\framework\\src\\Illuminate\\Routing\\Route.php(260): Illuminate\\Routing\\Route->getController()
#7 C:\\Users\\Admin\\Desktop\\Sathish\\Projects\\LMS\\lms-backend\\vendor\\laravel\\framework\\src\\Illuminate\\Routing\\Route.php(205): Illuminate\\Routing\\Route->runController()
#8 C:\\Users\\Admin\\Desktop\\Sathish\\Projects\\LMS\\lms-backend\\vendor\\laravel\\framework\\src\\Illuminate\\Routing\\Router.php(806): Illuminate\\Routing\\Route->run()
#9 C:\\Users\\Admin\\Desktop\\Sathish\\Projects\\LMS\\lms-backend\\vendor\\laravel\\framework\\src\\Illuminate\\Pipeline\\Pipeline.php(144): Illuminate\\Routing\\Router->Illuminate\\Routing\\{closure}(Object(Illuminate\\Http\\Request))
#10 C:\\Users\\Admin\\Desktop\\Sathish\\Projects\\LMS\\lms-backend\\app\\Http\\Middleware\\EnsureRole.php(17): Illuminate\\Pipeline\\Pipeline->Illuminate\\Pipeline\\{closure}(Object(Illuminate\\Http\\Request))
#11 C:\\Users\\Admin\\Desktop\\Sathish\\Projects\\LMS\\lms-backend\\vendor\\laravel\\framework\\src\\Illuminate\\Pipeline\\Pipeline.php(183): App\\Http\\Middleware\\EnsureRole->handle(Object(Illuminate\\Http\\Request), Object(Closure), 'admin')
#12 C:\\Users\\Admin\\Desktop\\Sathish\\Projects\\LMS\\lms-backend\\app\\Http\\Middleware\\ResolveTenant.php(56): Illuminate\\Pipeline\\Pipeline->Illuminate\\Pipeline\\{closure}(Object(Illuminate\\Http\\Request))
#13 C:\\Users\\Admin\\Desktop\\Sathish\\Projects\\LMS\\lms-backend\\vendor\\laravel\\framework\\src\\Illuminate\\Pipeline\\Pipeline.php(183): App\\Http\\Middleware\\ResolveTenant->handle(Object(Illuminate\\Http\\Request), Object(Closure))
#14 C:\\Users\\Admin\\Desktop\\Sathish\\Projects\\LMS\\lms-backend\\vendor\\laravel\\framework\\src\\Illuminate\\Routing\\Middleware\\SubstituteBindings.php(50): Illuminate\\Pipeline\\Pipeline->Illuminate\\Pipeline\\{closure}(Object(Illuminate\\Http\\Request))
#15 C:\\Users\\Admin\\Desktop\\Sathish\\Projects\\LMS\\lms-backend\\vendor\\laravel\\framework\\src\\Illuminate\\Pipeline\\Pipeline.php(183): Illuminate\\Routing\\Middleware\\SubstituteBindings->handle(Object(Illuminate\\Http\\Request), Object(Closure))
#16 C:\\Users\\Admin\\Desktop\\Sathish\\Projects\\LMS\\lms-backend\\vendor\\laravel\\framework\\src\\Illuminate\\Auth\\Middleware\\Authenticate.php(57): Illuminate\\Pipeline\\Pipeline->Illuminate\\Pipeline\\{closure}(Object(Illuminate\\Http\\Request))
#17 C:\\Users\\Admin\\Desktop\\Sathish\\Projects\\LMS\\lms-backend\\vendor\\laravel\\framework\\src\\Illuminate\\Pipeline\\Pipeline.php(183): Illuminate\\Auth\\Middleware\\Authenticate->handle(Object(Illuminate\\Http\\Request), Object(Closure))
#18 C:\\Users\\Admin\\Desktop\\Sathish\\Projects\\LMS\\lms-backend\\vendor\\laravel\\framework\\src\\Illuminate\\Foundation\\Http\\Middleware\\VerifyCsrfToken.php(78): Illuminate\\Pipeline\\Pipeline->Illuminate\\Pipeline\\{closure}(Object(Illuminate\\Http\\Request))
#19 C:\\Users\\Admin\\Desktop\\Sathish\\Projects\\LMS\\lms-backend\\vendor\\laravel\\framework\\src\\Illuminate\\Pipeline\\Pipeline.php(183): Illuminate\\Foundation\\Http\\Middleware\\VerifyCsrfToken->handle(Object(Illuminate\\Http\\Request), Object(Closure))
#20 C:\\Users\\Admin\\Desktop\\Sathish\\Projects\\LMS\\lms-backend\\vendor\\laravel\\framework\\src\\Illuminate\\View\\Middleware\\ShareErrorsFromSession.php(49): Illuminate\\Pipeline\\Pipeline->Illuminate\\Pipeline\\{closure}(Object(Illuminate\\Http\\Request))
#21 C:\\Users\\Admin\\Desktop\\Sathish\\Projects\\LMS\\lms-backend\\vendor\\laravel\\framework\\src\\Illuminate\\Pipeline\\Pipeline.php(183): Illuminate\\View\\Middleware\\ShareErrorsFromSession->handle(Object(Illuminate\\Http\\Request), Object(Closure))
#22 C:\\Users\\Admin\\Desktop\\Sathish\\Projects\\LMS\\lms-backend\\vendor\\laravel\\framework\\src\\Illuminate\\Session\\Middleware\\StartSession.php(121): Illuminate\\Pipeline\\Pipeline->Illuminate\\Pipeline\\{closure}(Object(Illuminate\\Http\\Request))
#23 C:\\Users\\Admin\\Desktop\\Sathish\\Projects\\LMS\\lms-backend\\vendor\\laravel\\framework\\src\\Illuminate\\Session\\Middleware\\StartSession.php(64): Illuminate\\Session\\Middleware\\StartSession->handleStatefulRequest(Object(Illuminate\\Http\\Request), Object(Illuminate\\Session\\Store), Object(Closure))
#24 C:\\Users\\Admin\\Desktop\\Sathish\\Projects\\LMS\\lms-backend\\vendor\\laravel\\framework\\src\\Illuminate\\Pipeline\\Pipeline.php(183): Illuminate\\Session\\Middleware\\StartSession->handle(Object(Illuminate\\Http\\Request), Object(Closure))
#25 C:\\Users\\Admin\\Desktop\\Sathish\\Projects\\LMS\\lms-backend\\vendor\\laravel\\framework\\src\\Illuminate\\Cookie\\Middleware\\AddQueuedCookiesToResponse.php(37): Illuminate\\Pipeline\\Pipeline->Illuminate\\Pipeline\\{closure}(Object(Illuminate\\Http\\Request))
#26 C:\\Users\\Admin\\Desktop\\Sathish\\Projects\\LMS\\lms-backend\\vendor\\laravel\\framework\\src\\Illuminate\\Pipeline\\Pipeline.php(183): Illuminate\\Cookie\\Middleware\\AddQueuedCookiesToResponse->handle(Object(Illuminate\\Http\\Request), Object(Closure))
#27 C:\\Users\\Admin\\Desktop\\Sathish\\Projects\\LMS\\lms-backend\\vendor\\laravel\\framework\\src\\Illuminate\\Cookie\\Middleware\\EncryptCookies.php(67): Illuminate\\Pipeline\\Pipeline->Illuminate\\Pipeline\\{closure}(Object(Illuminate\\Http\\Request))
#28 C:\\Users\\Admin\\Desktop\\Sathish\\Projects\\LMS\\lms-backend\\vendor\\laravel\\framework\\src\\Illuminate\\Pipeline\\Pipeline.php(183): Illuminate\\Cookie\\Middleware\\EncryptCookies->handle(Object(Illuminate\\Http\\Request), Object(Closure))
#29 C:\\Users\\Admin\\Desktop\\Sathish\\Projects\\LMS\\lms-backend\\vendor\\laravel\\framework\\src\\Illuminate\\Pipeline\\Pipeline.php(119): Illuminate\\Pipeline\\Pipeline->Illuminate\\Pipeline\\{closure}(Object(Illuminate\\Http\\Request))
#30 C:\\Users\\Admin\\Desktop\\Sathish\\Projects\\LMS\\lms-backend\\vendor\\laravel\\framework\\src\\Illuminate\\Routing\\Router.php(807): Illuminate\\Pipeline\\Pipeline->then(Object(Closure))
#31 C:\\Users\\Admin\\Desktop\\Sathish\\Projects\\LMS\\lms-backend\\vendor\\laravel\\framework\\src\\Illuminate\\Routing\\Router.php(784): Illuminate\\Routing\\Router->runRouteWithinStack(Object(Illuminate\\Routing\\Route), Object(Illuminate\\Http\\Request))
#32 C:\\Users\\Admin\\Desktop\\Sathish\\Projects\\LMS\\lms-backend\\vendor\\laravel\\framework\\src\\Illuminate\\Routing\\Router.php(748): Illuminate\\Routing\\Router->runRoute(Object(Illuminate\\Http\\Request), Object(Illuminate\\Routing\\Route))
#33 C:\\Users\\Admin\\Desktop\\Sathish\\Projects\\LMS\\lms-backend\\vendor\\laravel\\framework\\src\\Illuminate\\Routing\\Router.php(737): Illuminate\\Routing\\Router->dispatchToRoute(Object(Illuminate\\Http\\Request))
#34 C:\\Users\\Admin\\Desktop\\Sathish\\Projects\\LMS\\lms-backend\\vendor\\laravel\\framework\\src\\Illuminate\\Foundation\\Http\\Kernel.php(200): Illuminate\\Routing\\Router->dispatch(Object(Illuminate\\Http\\Request))
#35 C:\\Users\\Admin\\Desktop\\Sathish\\Projects\\LMS\\lms-backend\\vendor\\laravel\\framework\\src\\Illuminate\\Pipeline\\Pipeline.php(144): Illuminate\\Foundation\\Http\\Kernel->Illuminate\\Foundation\\Http\\{closure}(Object(Illuminate\\Http\\Request))
#36 C:\\Users\\Admin\\Desktop\\Sathish\\Projects\\LMS\\lms-backend\\vendor\\laravel\\framework\\src\\Illuminate\\Foundation\\Http\\Middleware\\TransformsRequest.php(21): Illuminate\\Pipeline\\Pipeline->Illuminate\\Pipeline\\{closure}(Object(Illuminate\\Http\\Request))
#37 C:\\Users\\Admin\\Desktop\\Sathish\\Projects\\LMS\\lms-backend\\vendor\\laravel\\framework\\src\\Illuminate\\Foundation\\Http\\Middleware\\ConvertEmptyStringsToNull.php(31): Illuminate\\Foundation\\Http\\Middleware\\TransformsRequest->handle(Object(Illuminate\\Http\\Request), Object(Closure))
#38 C:\\Users\\Admin\\Desktop\\Sathish\\Projects\\LMS\\lms-backend\\vendor\\laravel\\framework\\src\\Illuminate\\Pipeline\\Pipeline.php(183): Illuminate\\Foundation\\Http\\Middleware\\ConvertEmptyStringsToNull->handle(Object(Illuminate\\Http\\Request), Object(Closure))
#39 C:\\Users\\Admin\\Desktop\\Sathish\\Projects\\LMS\\lms-backend\\vendor\\laravel\\framework\\src\\Illuminate\\Foundation\\Http\\Middleware\\TransformsRequest.php(21): Illuminate\\Pipeline\\Pipeline->Illuminate\\Pipeline\\{closure}(Object(Illuminate\\Http\\Request))
#40 C:\\Users\\Admin\\Desktop\\Sathish\\Projects\\LMS\\lms-backend\\vendor\\laravel\\framework\\src\\Illuminate\\Foundation\\Http\\Middleware\\TrimStrings.php(40): Illuminate\\Foundation\\Http\\Middleware\\TransformsRequest->handle(Object(Illuminate\\Http\\Request), Object(Closure))
#41 C:\\Users\\Admin\\Desktop\\Sathish\\Projects\\LMS\\lms-backend\\vendor\\laravel\\framework\\src\\Illuminate\\Pipeline\\Pipeline.php(183): Illuminate\\Foundation\\Http\\Middleware\\TrimStrings->handle(Object(Illuminate\\Http\\Request), Object(Closure))
#42 C:\\Users\\Admin\\Desktop\\Sathish\\Projects\\LMS\\lms-backend\\vendor\\laravel\\framework\\src\\Illuminate\\Foundation\\Http\\Middleware\\ValidatePostSize.php(27): Illuminate\\Pipeline\\Pipeline->Illuminate\\Pipeline\\{closure}(Object(Illuminate\\Http\\Request))
#43 C:\\Users\\Admin\\Desktop\\Sathish\\Projects\\LMS\\lms-backend\\vendor\\laravel\\framework\\src\\Illuminate\\Pipeline\\Pipeline.php(183): Illuminate\\Foundation\\Http\\Middleware\\ValidatePostSize->handle(Object(Illuminate\\Http\\Request), Object(Closure))
#44 C:\\Users\\Admin\\Desktop\\Sathish\\Projects\\LMS\\lms-backend\\vendor\\laravel\\framework\\src\\Illuminate\\Foundation\\Http\\Middleware\\PreventRequestsDuringMaintenance.php(99): Illuminate\\Pipeline\\Pipeline->Illuminate\\Pipeline\\{closure}(Object(Illuminate\\Http\\Request))
#45 C:\\Users\\Admin\\Desktop\\Sathish\\Projects\\LMS\\lms-backend\\vendor\\laravel\\framework\\src\\Illuminate\\Pipeline\\Pipeline.php(183): Illuminate\\Foundation\\Http\\Middleware\\PreventRequestsDuringMaintenance->handle(Object(Illuminate\\Http\\Request), Object(Closure))
#46 C:\\Users\\Admin\\Desktop\\Sathish\\Projects\\LMS\\lms-backend\\vendor\\laravel\\framework\\src\\Illuminate\\Http\\Middleware\\HandleCors.php(62): Illuminate\\Pipeline\\Pipeline->Illuminate\\Pipeline\\{closure}(Object(Illuminate\\Http\\Request))
#47 C:\\Users\\Admin\\Desktop\\Sathish\\Projects\\LMS\\lms-backend\\vendor\\laravel\\framework\\src\\Illuminate\\Pipeline\\Pipeline.php(183): Illuminate\\Http\\Middleware\\HandleCors->handle(Object(Illuminate\\Http\\Request), Object(Closure))
#48 C:\\Users\\Admin\\Desktop\\Sathish\\Projects\\LMS\\lms-backend\\vendor\\laravel\\framework\\src\\Illuminate\\Http\\Middleware\\TrustProxies.php(39): Illuminate\\Pipeline\\Pipeline->Illuminate\\Pipeline\\{closure}(Object(Illuminate\\Http\\Request))
#49 C:\\Users\\Admin\\Desktop\\Sathish\\Projects\\LMS\\lms-backend\\vendor\\laravel\\framework\\src\\Illuminate\\Pipeline\\Pipeline.php(183): Illuminate\\Http\\Middleware\\TrustProxies->handle(Object(Illuminate\\Http\\Request), Object(Closure))
#50 C:\\Users\\Admin\\Desktop\\Sathish\\Projects\\LMS\\lms-backend\\vendor\\laravel\\framework\\src\\Illuminate\\Pipeline\\Pipeline.php(119): Illuminate\\Pipeline\\Pipeline->Illuminate\\Pipeline\\{closure}(Object(Illuminate\\Http\\Request))
#51 C:\\Users\\Admin\\Desktop\\Sathish\\Projects\\LMS\\lms-backend\\vendor\\laravel\\framework\\src\\Illuminate\\Foundation\\Http\\Kernel.php(175): Illuminate\\Pipeline\\Pipeline->then(Object(Closure))
#52 C:\\Users\\Admin\\Desktop\\Sathish\\Projects\\LMS\\lms-backend\\vendor\\laravel\\framework\\src\\Illuminate\\Foundation\\Http\\Kernel.php(144): Illuminate\\Foundation\\Http\\Kernel->sendRequestThroughRouter(Object(Illuminate\\Http\\Request))
#53 C:\\Users\\Admin\\Desktop\\Sathish\\Projects\\LMS\\lms-backend\\public\\index.php(7): Illuminate\\Foundation\\Http\\Kernel->handle(Object(Illuminate\\Http\\Request))
#54 C:\\Users\\Admin\\Desktop\\Sathish\\Projects\\LMS\\lms-backend\\vendor\\laravel\\framework\\src\\Illuminate\\Foundation\\resources\\server.php(16): require_once('C:\\\\Users\\\\Admin\\\\...')
#55 {main}
"} 
[2025-12-29 11:31:07] local.ERROR: Target class [App\Http\Controllers\Api\Admin\CoursesAdminController] does not exist. {"userId":1,"exception":"[object] (Illuminate\\Contracts\\Container\\BindingResolutionException(code: 0): Target class [App\\Http\\Controllers\\Api\\Admin\\CoursesAdminController] does not exist. at C:\\Users\\Admin\\Desktop\\Sathish\\Projects\\LMS\\lms-backend\\vendor\\laravel\\framework\\src\\Illuminate\\Container\\Container.php:914)
[stacktrace]
#0 C:\\Users\\Admin\\Desktop\\Sathish\\Projects\\LMS\\lms-backend\\vendor\\laravel\\framework\\src\\Illuminate\\Container\\Container.php(795): Illuminate\\Container\\Container->build('App\\\\Http\\\\Contro...')
#1 C:\\Users\\Admin\\Desktop\\Sathish\\Projects\\LMS\\lms-backend\\vendor\\laravel\\framework\\src\\Illuminate\\Foundation\\Application.php(986): Illuminate\\Container\\Container->resolve('App\\\\Http\\\\Contro...', Array, true)
#2 C:\\Users\\Admin\\Desktop\\Sathish\\Projects\\LMS\\lms-backend\\vendor\\laravel\\framework\\src\\Illuminate\\Container\\Container.php(731): Illuminate\\Foundation\\Application->resolve('App\\\\Http\\\\Contro...', Array)
#3 C:\\Users\\Admin\\Desktop\\Sathish\\Projects\\LMS\\lms-backend\\vendor\\laravel\\framework\\src\\Illuminate\\Foundation\\Application.php(971): Illuminate\\Container\\Container->make('App\\\\Http\\\\Contro...', Array)
#4 C:\\Users\\Admin\\Desktop\\Sathish\\Projects\\LMS\\lms-backend\\vendor\\laravel\\framework\\src\\Illuminate\\Routing\\Route.php(278): Illuminate\\Foundation\\Application->make('App\\\\Http\\\\Contro...')
#5 C:\\Users\\Admin\\Desktop\\Sathish\\Projects\\LMS\\lms-backend\\vendor\\laravel\\framework\\src\\Illuminate\\Routing\\Route.php(260): Illuminate\\Routing\\Route->getController()
#6 C:\\Users\\Admin\\Desktop\\Sathish\\Projects\\LMS\\lms-backend\\vendor\\laravel\\framework\\src\\Illuminate\\Routing\\Route.php(205): Illuminate\\Routing\\Route->runController()
#7 C:\\Users\\Admin\\Desktop\\Sathish\\Projects\\LMS\\lms-backend\\vendor\\laravel\\framework\\src\\Illuminate\\Routing\\Router.php(806): Illuminate\\Routing\\Route->run()
#8 C:\\Users\\Admin\\Desktop\\Sathish\\Projects\\LMS\\lms-backend\\vendor\\laravel\\framework\\src\\Illuminate\\Pipeline\\Pipeline.php(144): Illuminate\\Routing\\Router->Illuminate\\Routing\\{closure}(Object(Illuminate\\Http\\Request))
#9 C:\\Users\\Admin\\Desktop\\Sathish\\Projects\\LMS\\lms-backend\\app\\Http\\Middleware\\EnsureRole.php(17): Illuminate\\Pipeline\\Pipeline->Illuminate\\Pipeline\\{closure}(Object(Illuminate\\Http\\Request))
#10 C:\\Users\\Admin\\Desktop\\Sathish\\Projects\\LMS\\lms-backend\\vendor\\laravel\\framework\\src\\Illuminate\\Pipeline\\Pipeline.php(183): App\\Http\\Middleware\\EnsureRole->handle(Object(Illuminate\\Http\\Request), Object(Closure), 'admin')
#11 C:\\Users\\Admin\\Desktop\\Sathish\\Projects\\LMS\\lms-backend\\app\\Http\\Middleware\\ResolveTenant.php(56): Illuminate\\Pipeline\\Pipeline->Illuminate\\Pipeline\\{closure}(Object(Illuminate\\Http\\Request))
#12 C:\\Users\\Admin\\Desktop\\Sathish\\Projects\\LMS\\lms-backend\\vendor\\laravel\\framework\\src\\Illuminate\\Pipeline\\Pipeline.php(183): App\\Http\\Middleware\\ResolveTenant->handle(Object(Illuminate\\Http\\Request), Object(Closure))
#13 C:\\Users\\Admin\\Desktop\\Sathish\\Projects\\LMS\\lms-backend\\vendor\\laravel\\framework\\src\\Illuminate\\Routing\\Middleware\\SubstituteBindings.php(50): Illuminate\\Pipeline\\Pipeline->Illuminate\\Pipeline\\{closure}(Object(Illuminate\\Http\\Request))
#14 C:\\Users\\Admin\\Desktop\\Sathish\\Projects\\LMS\\lms-backend\\vendor\\laravel\\framework\\src\\Illuminate\\Pipeline\\Pipeline.php(183): Illuminate\\Routing\\Middleware\\SubstituteBindings->handle(Object(Illuminate\\Http\\Request), Object(Closure))
#15 C:\\Users\\Admin\\Desktop\\Sathish\\Projects\\LMS\\lms-backend\\vendor\\laravel\\framework\\src\\Illuminate\\Auth\\Middleware\\Authenticate.php(57): Illuminate\\Pipeline\\Pipeline->Illuminate\\Pipeline\\{closure}(Object(Illuminate\\Http\\Request))
#16 C:\\Users\\Admin\\Desktop\\Sathish\\Projects\\LMS\\lms-backend\\vendor\\laravel\\framework\\src\\Illuminate\\Pipeline\\Pipeline.php(183): Illuminate\\Auth\\Middleware\\Authenticate->handle(Object(Illuminate\\Http\\Request), Object(Closure))
#17 C:\\Users\\Admin\\Desktop\\Sathish\\Projects\\LMS\\lms-backend\\vendor\\laravel\\framework\\src\\Illuminate\\Foundation\\Http\\Middleware\\VerifyCsrfToken.php(78): Illuminate\\Pipeline\\Pipeline->Illuminate\\Pipeline\\{closure}(Object(Illuminate\\Http\\Request))
#18 C:\\Users\\Admin\\Desktop\\Sathish\\Projects\\LMS\\lms-backend\\vendor\\laravel\\framework\\src\\Illuminate\\Pipeline\\Pipeline.php(183): Illuminate\\Foundation\\Http\\Middleware\\VerifyCsrfToken->handle(Object(Illuminate\\Http\\Request), Object(Closure))
#19 C:\\Users\\Admin\\Desktop\\Sathish\\Projects\\LMS\\lms-backend\\vendor\\laravel\\framework\\src\\Illuminate\\View\\Middleware\\ShareErrorsFromSession.php(49): Illuminate\\Pipeline\\Pipeline->Illuminate\\Pipeline\\{closure}(Object(Illuminate\\Http\\Request))
#20 C:\\Users\\Admin\\Desktop\\Sathish\\Projects\\LMS\\lms-backend\\vendor\\laravel\\framework\\src\\Illuminate\\Pipeline\\Pipeline.php(183): Illuminate\\View\\Middleware\\ShareErrorsFromSession->handle(Object(Illuminate\\Http\\Request), Object(Closure))
#21 C:\\Users\\Admin\\Desktop\\Sathish\\Projects\\LMS\\lms-backend\\vendor\\laravel\\framework\\src\\Illuminate\\Session\\Middleware\\StartSession.php(121): Illuminate\\Pipeline\\Pipeline->Illuminate\\Pipeline\\{closure}(Object(Illuminate\\Http\\Request))
#22 C:\\Users\\Admin\\Desktop\\Sathish\\Projects\\LMS\\lms-backend\\vendor\\laravel\\framework\\src\\Illuminate\\Session\\Middleware\\StartSession.php(64): Illuminate\\Session\\Middleware\\StartSession->handleStatefulRequest(Object(Illuminate\\Http\\Request), Object(Illuminate\\Session\\Store), Object(Closure))
#23 C:\\Users\\Admin\\Desktop\\Sathish\\Projects\\LMS\\lms-backend\\vendor\\laravel\\framework\\src\\Illuminate\\Pipeline\\Pipeline.php(183): Illuminate\\Session\\Middleware\\StartSession->handle(Object(Illuminate\\Http\\Request), Object(Closure))
#24 C:\\Users\\Admin\\Desktop\\Sathish\\Projects\\LMS\\lms-backend\\vendor\\laravel\\framework\\src\\Illuminate\\Cookie\\Middleware\\AddQueuedCookiesToResponse.php(37): Illuminate\\Pipeline\\Pipeline->Illuminate\\Pipeline\\{closure}(Object(Illuminate\\Http\\Request))
#25 C:\\Users\\Admin\\Desktop\\Sathish\\Projects\\LMS\\lms-backend\\vendor\\laravel\\framework\\src\\Illuminate\\Pipeline\\Pipeline.php(183): Illuminate\\Cookie\\Middleware\\AddQueuedCookiesToResponse->handle(Object(Illuminate\\Http\\Request), Object(Closure))
#26 C:\\Users\\Admin\\Desktop\\Sathish\\Projects\\LMS\\lms-backend\\vendor\\laravel\\framework\\src\\Illuminate\\Cookie\\Middleware\\EncryptCookies.php(67): Illuminate\\Pipeline\\Pipeline->Illuminate\\Pipeline\\{closure}(Object(Illuminate\\Http\\Request))
#27 C:\\Users\\Admin\\Desktop\\Sathish\\Projects\\LMS\\lms-backend\\vendor\\laravel\\framework\\src\\Illuminate\\Pipeline\\Pipeline.php(183): Illuminate\\Cookie\\Middleware\\EncryptCookies->handle(Object(Illuminate\\Http\\Request), Object(Closure))
#28 C:\\Users\\Admin\\Desktop\\Sathish\\Projects\\LMS\\lms-backend\\vendor\\laravel\\framework\\src\\Illuminate\\Pipeline\\Pipeline.php(119): Illuminate\\Pipeline\\Pipeline->Illuminate\\Pipeline\\{closure}(Object(Illuminate\\Http\\Request))
#29 C:\\Users\\Admin\\Desktop\\Sathish\\Projects\\LMS\\lms-backend\\vendor\\laravel\\framework\\src\\Illuminate\\Routing\\Router.php(807): Illuminate\\Pipeline\\Pipeline->then(Object(Closure))
#30 C:\\Users\\Admin\\Desktop\\Sathish\\Projects\\LMS\\lms-backend\\vendor\\laravel\\framework\\src\\Illuminate\\Routing\\Router.php(784): Illuminate\\Routing\\Router->runRouteWithinStack(Object(Illuminate\\Routing\\Route), Object(Illuminate\\Http\\Request))
#31 C:\\Users\\Admin\\Desktop\\Sathish\\Projects\\LMS\\lms-backend\\vendor\\laravel\\framework\\src\\Illuminate\\Routing\\Router.php(748): Illuminate\\Routing\\Router->runRoute(Object(Illuminate\\Http\\Request), Object(Illuminate\\Routing\\Route))
#32 C:\\Users\\Admin\\Desktop\\Sathish\\Projects\\LMS\\lms-backend\\vendor\\laravel\\framework\\src\\Illuminate\\Routing\\Router.php(737): Illuminate\\Routing\\Router->dispatchToRoute(Object(Illuminate\\Http\\Request))
#33 C:\\Users\\Admin\\Desktop\\Sathish\\Projects\\LMS\\lms-backend\\vendor\\laravel\\framework\\src\\Illuminate\\Foundation\\Http\\Kernel.php(200): Illuminate\\Routing\\Router->dispatch(Object(Illuminate\\Http\\Request))
#34 C:\\Users\\Admin\\Desktop\\Sathish\\Projects\\LMS\\lms-backend\\vendor\\laravel\\framework\\src\\Illuminate\\Pipeline\\Pipeline.php(144): Illuminate\\Foundation\\Http\\Kernel->Illuminate\\Foundation\\Http\\{closure}(Object(Illuminate\\Http\\Request))
#35 C:\\Users\\Admin\\Desktop\\Sathish\\Projects\\LMS\\lms-backend\\vendor\\laravel\\framework\\src\\Illuminate\\Foundation\\Http\\Middleware\\TransformsRequest.php(21): Illuminate\\Pipeline\\Pipeline->Illuminate\\Pipeline\\{closure}(Object(Illuminate\\Http\\Request))
#36 C:\\Users\\Admin\\Desktop\\Sathish\\Projects\\LMS\\lms-backend\\vendor\\laravel\\framework\\src\\Illuminate\\Foundation\\Http\\Middleware\\ConvertEmptyStringsToNull.php(31): Illuminate\\Foundation\\Http\\Middleware\\TransformsRequest->handle(Object(Illuminate\\Http\\Request), Object(Closure))
#37 C:\\Users\\Admin\\Desktop\\Sathish\\Projects\\LMS\\lms-backend\\vendor\\laravel\\framework\\src\\Illuminate\\Pipeline\\Pipeline.php(183): Illuminate\\Foundation\\Http\\Middleware\\ConvertEmptyStringsToNull->handle(Object(Illuminate\\Http\\Request), Object(Closure))
#38 C:\\Users\\Admin\\Desktop\\Sathish\\Projects\\LMS\\lms-backend\\vendor\\laravel\\framework\\src\\Illuminate\\Foundation\\Http\\Middleware\\TransformsRequest.php(21): Illuminate\\Pipeline\\Pipeline->Illuminate\\Pipeline\\{closure}(Object(Illuminate\\Http\\Request))
#39 C:\\Users\\Admin\\Desktop\\Sathish\\Projects\\LMS\\lms-backend\\vendor\\laravel\\framework\\src\\Illuminate\\Foundation\\Http\\Middleware\\TrimStrings.php(40): Illuminate\\Foundation\\Http\\Middleware\\TransformsRequest->handle(Object(Illuminate\\Http\\Request), Object(Closure))
#40 C:\\Users\\Admin\\Desktop\\Sathish\\Projects\\LMS\\lms-backend\\vendor\\laravel\\framework\\src\\Illuminate\\Pipeline\\Pipeline.php(183): Illuminate\\Foundation\\Http\\Middleware\\TrimStrings->handle(Object(Illuminate\\Http\\Request), Object(Closure))
#41 C:\\Users\\Admin\\Desktop\\Sathish\\Projects\\LMS\\lms-backend\\vendor\\laravel\\framework\\src\\Illuminate\\Foundation\\Http\\Middleware\\ValidatePostSize.php(27): Illuminate\\Pipeline\\Pipeline->Illuminate\\Pipeline\\{closure}(Object(Illuminate\\Http\\Request))
#42 C:\\Users\\Admin\\Desktop\\Sathish\\Projects\\LMS\\lms-backend\\vendor\\laravel\\framework\\src\\Illuminate\\Pipeline\\Pipeline.php(183): Illuminate\\Foundation\\Http\\Middleware\\ValidatePostSize->handle(Object(Illuminate\\Http\\Request), Object(Closure))
#43 C:\\Users\\Admin\\Desktop\\Sathish\\Projects\\LMS\\lms-backend\\vendor\\laravel\\framework\\src\\Illuminate\\Foundation\\Http\\Middleware\\PreventRequestsDuringMaintenance.php(99): Illuminate\\Pipeline\\Pipeline->Illuminate\\Pipeline\\{closure}(Object(Illuminate\\Http\\Request))
#44 C:\\Users\\Admin\\Desktop\\Sathish\\Projects\\LMS\\lms-backend\\vendor\\laravel\\framework\\src\\Illuminate\\Pipeline\\Pipeline.php(183): Illuminate\\Foundation\\Http\\Middleware\\PreventRequestsDuringMaintenance->handle(Object(Illuminate\\Http\\Request), Object(Closure))
#45 C:\\Users\\Admin\\Desktop\\Sathish\\Projects\\LMS\\lms-backend\\vendor\\laravel\\framework\\src\\Illuminate\\Http\\Middleware\\HandleCors.php(62): Illuminate\\Pipeline\\Pipeline->Illuminate\\Pipeline\\{closure}(Object(Illuminate\\Http\\Request))
#46 C:\\Users\\Admin\\Desktop\\Sathish\\Projects\\LMS\\lms-backend\\vendor\\laravel\\framework\\src\\Illuminate\\Pipeline\\Pipeline.php(183): Illuminate\\Http\\Middleware\\HandleCors->handle(Object(Illuminate\\Http\\Request), Object(Closure))
#47 C:\\Users\\Admin\\Desktop\\Sathish\\Projects\\LMS\\lms-backend\\vendor\\laravel\\framework\\src\\Illuminate\\Http\\Middleware\\TrustProxies.php(39): Illuminate\\Pipeline\\Pipeline->Illuminate\\Pipeline\\{closure}(Object(Illuminate\\Http\\Request))
#48 C:\\Users\\Admin\\Desktop\\Sathish\\Projects\\LMS\\lms-backend\\vendor\\laravel\\framework\\src\\Illuminate\\Pipeline\\Pipeline.php(183): Illuminate\\Http\\Middleware\\TrustProxies->handle(Object(Illuminate\\Http\\Request), Object(Closure))
#49 C:\\Users\\Admin\\Desktop\\Sathish\\Projects\\LMS\\lms-backend\\vendor\\laravel\\framework\\src\\Illuminate\\Pipeline\\Pipeline.php(119): Illuminate\\Pipeline\\Pipeline->Illuminate\\Pipeline\\{closure}(Object(Illuminate\\Http\\Request))
#50 C:\\Users\\Admin\\Desktop\\Sathish\\Projects\\LMS\\lms-backend\\vendor\\laravel\\framework\\src\\Illuminate\\Foundation\\Http\\Kernel.php(175): Illuminate\\Pipeline\\Pipeline->then(Object(Closure))
#51 C:\\Users\\Admin\\Desktop\\Sathish\\Projects\\LMS\\lms-backend\\vendor\\laravel\\framework\\src\\Illuminate\\Foundation\\Http\\Kernel.php(144): Illuminate\\Foundation\\Http\\Kernel->sendRequestThroughRouter(Object(Illuminate\\Http\\Request))
#52 C:\\Users\\Admin\\Desktop\\Sathish\\Projects\\LMS\\lms-backend\\public\\index.php(7): Illuminate\\Foundation\\Http\\Kernel->handle(Object(Illuminate\\Http\\Request))
#53 C:\\Users\\Admin\\Desktop\\Sathish\\Projects\\LMS\\lms-backend\\vendor\\laravel\\framework\\src\\Illuminate\\Foundation\\resources\\server.php(16): require_once('C:\\\\Users\\\\Admin\\\\...')
#54 {main}

[previous exception] [object] (ReflectionException(code: -1): Class \"App\\Http\\Controllers\\Api\\Admin\\CoursesAdminController\" does not exist at C:\\Users\\Admin\\Desktop\\Sathish\\Projects\\LMS\\lms-backend\\vendor\\laravel\\framework\\src\\Illuminate\\Container\\Container.php:912)
[stacktrace]
#0 C:\\Users\\Admin\\Desktop\\Sathish\\Projects\\LMS\\lms-backend\\vendor\\laravel\\framework\\src\\Illuminate\\Container\\Container.php(912): ReflectionClass->__construct('App\\\\Http\\\\Contro...')
#1 C:\\Users\\Admin\\Desktop\\Sathish\\Projects\\LMS\\lms-backend\\vendor\\laravel\\framework\\src\\Illuminate\\Container\\Container.php(795): Illuminate\\Container\\Container->build('App\\\\Http\\\\Contro...')
#2 C:\\Users\\Admin\\Desktop\\Sathish\\Projects\\LMS\\lms-backend\\vendor\\laravel\\framework\\src\\Illuminate\\Foundation\\Application.php(986): Illuminate\\Container\\Container->resolve('App\\\\Http\\\\Contro...', Array, true)
#3 C:\\Users\\Admin\\Desktop\\Sathish\\Projects\\LMS\\lms-backend\\vendor\\laravel\\framework\\src\\Illuminate\\Container\\Container.php(731): Illuminate\\Foundation\\Application->resolve('App\\\\Http\\\\Contro...', Array)
#4 C:\\Users\\Admin\\Desktop\\Sathish\\Projects\\LMS\\lms-backend\\vendor\\laravel\\framework\\src\\Illuminate\\Foundation\\Application.php(971): Illuminate\\Container\\Container->make('App\\\\Http\\\\Contro...', Array)
#5 C:\\Users\\Admin\\Desktop\\Sathish\\Projects\\LMS\\lms-backend\\vendor\\laravel\\framework\\src\\Illuminate\\Routing\\Route.php(278): Illuminate\\Foundation\\Application->make('App\\\\Http\\\\Contro...')
#6 C:\\Users\\Admin\\Desktop\\Sathish\\Projects\\LMS\\lms-backend\\vendor\\laravel\\framework\\src\\Illuminate\\Routing\\Route.php(260): Illuminate\\Routing\\Route->getController()
#7 C:\\Users\\Admin\\Desktop\\Sathish\\Projects\\LMS\\lms-backend\\vendor\\laravel\\framework\\src\\Illuminate\\Routing\\Route.php(205): Illuminate\\Routing\\Route->runController()
#8 C:\\Users\\Admin\\Desktop\\Sathish\\Projects\\LMS\\lms-backend\\vendor\\laravel\\framework\\src\\Illuminate\\Routing\\Router.php(806): Illuminate\\Routing\\Route->run()
#9 C:\\Users\\Admin\\Desktop\\Sathish\\Projects\\LMS\\lms-backend\\vendor\\laravel\\framework\\src\\Illuminate\\Pipeline\\Pipeline.php(144): Illuminate\\Routing\\Router->Illuminate\\Routing\\{closure}(Object(Illuminate\\Http\\Request))
#10 C:\\Users\\Admin\\Desktop\\Sathish\\Projects\\LMS\\lms-backend\\app\\Http\\Middleware\\EnsureRole.php(17): Illuminate\\Pipeline\\Pipeline->Illuminate\\Pipeline\\{closure}(Object(Illuminate\\Http\\Request))
#11 C:\\Users\\Admin\\Desktop\\Sathish\\Projects\\LMS\\lms-backend\\vendor\\laravel\\framework\\src\\Illuminate\\Pipeline\\Pipeline.php(183): App\\Http\\Middleware\\EnsureRole->handle(Object(Illuminate\\Http\\Request), Object(Closure), 'admin')
#12 C:\\Users\\Admin\\Desktop\\Sathish\\Projects\\LMS\\lms-backend\\app\\Http\\Middleware\\ResolveTenant.php(56): Illuminate\\Pipeline\\Pipeline->Illuminate\\Pipeline\\{closure}(Object(Illuminate\\Http\\Request))
#13 C:\\Users\\Admin\\Desktop\\Sathish\\Projects\\LMS\\lms-backend\\vendor\\laravel\\framework\\src\\Illuminate\\Pipeline\\Pipeline.php(183): App\\Http\\Middleware\\ResolveTenant->handle(Object(Illuminate\\Http\\Request), Object(Closure))
#14 C:\\Users\\Admin\\Desktop\\Sathish\\Projects\\LMS\\lms-backend\\vendor\\laravel\\framework\\src\\Illuminate\\Routing\\Middleware\\SubstituteBindings.php(50): Illuminate\\Pipeline\\Pipeline->Illuminate\\Pipeline\\{closure}(Object(Illuminate\\Http\\Request))
#15 C:\\Users\\Admin\\Desktop\\Sathish\\Projects\\LMS\\lms-backend\\vendor\\laravel\\framework\\src\\Illuminate\\Pipeline\\Pipeline.php(183): Illuminate\\Routing\\Middleware\\SubstituteBindings->handle(Object(Illuminate\\Http\\Request), Object(Closure))
#16 C:\\Users\\Admin\\Desktop\\Sathish\\Projects\\LMS\\lms-backend\\vendor\\laravel\\framework\\src\\Illuminate\\Auth\\Middleware\\Authenticate.php(57): Illuminate\\Pipeline\\Pipeline->Illuminate\\Pipeline\\{closure}(Object(Illuminate\\Http\\Request))
#17 C:\\Users\\Admin\\Desktop\\Sathish\\Projects\\LMS\\lms-backend\\vendor\\laravel\\framework\\src\\Illuminate\\Pipeline\\Pipeline.php(183): Illuminate\\Auth\\Middleware\\Authenticate->handle(Object(Illuminate\\Http\\Request), Object(Closure))
#18 C:\\Users\\Admin\\Desktop\\Sathish\\Projects\\LMS\\lms-backend\\vendor\\laravel\\framework\\src\\Illuminate\\Foundation\\Http\\Middleware\\VerifyCsrfToken.php(78): Illuminate\\Pipeline\\Pipeline->Illuminate\\Pipeline\\{closure}(Object(Illuminate\\Http\\Request))
#19 C:\\Users\\Admin\\Desktop\\Sathish\\Projects\\LMS\\lms-backend\\vendor\\laravel\\framework\\src\\Illuminate\\Pipeline\\Pipeline.php(183): Illuminate\\Foundation\\Http\\Middleware\\VerifyCsrfToken->handle(Object(Illuminate\\Http\\Request), Object(Closure))
#20 C:\\Users\\Admin\\Desktop\\Sathish\\Projects\\LMS\\lms-backend\\vendor\\laravel\\framework\\src\\Illuminate\\View\\Middleware\\ShareErrorsFromSession.php(49): Illuminate\\Pipeline\\Pipeline->Illuminate\\Pipeline\\{closure}(Object(Illuminate\\Http\\Request))
#21 C:\\Users\\Admin\\Desktop\\Sathish\\Projects\\LMS\\lms-backend\\vendor\\laravel\\framework\\src\\Illuminate\\Pipeline\\Pipeline.php(183): Illuminate\\View\\Middleware\\ShareErrorsFromSession->handle(Object(Illuminate\\Http\\Request), Object(Closure))
#22 C:\\Users\\Admin\\Desktop\\Sathish\\Projects\\LMS\\lms-backend\\vendor\\laravel\\framework\\src\\Illuminate\\Session\\Middleware\\StartSession.php(121): Illuminate\\Pipeline\\Pipeline->Illuminate\\Pipeline\\{closure}(Object(Illuminate\\Http\\Request))
#23 C:\\Users\\Admin\\Desktop\\Sathish\\Projects\\LMS\\lms-backend\\vendor\\laravel\\framework\\src\\Illuminate\\Session\\Middleware\\StartSession.php(64): Illuminate\\Session\\Middleware\\StartSession->handleStatefulRequest(Object(Illuminate\\Http\\Request), Object(Illuminate\\Session\\Store), Object(Closure))
#24 C:\\Users\\Admin\\Desktop\\Sathish\\Projects\\LMS\\lms-backend\\vendor\\laravel\\framework\\src\\Illuminate\\Pipeline\\Pipeline.php(183): Illuminate\\Session\\Middleware\\StartSession->handle(Object(Illuminate\\Http\\Request), Object(Closure))
#25 C:\\Users\\Admin\\Desktop\\Sathish\\Projects\\LMS\\lms-backend\\vendor\\laravel\\framework\\src\\Illuminate\\Cookie\\Middleware\\AddQueuedCookiesToResponse.php(37): Illuminate\\Pipeline\\Pipeline->Illuminate\\Pipeline\\{closure}(Object(Illuminate\\Http\\Request))
#26 C:\\Users\\Admin\\Desktop\\Sathish\\Projects\\LMS\\lms-backend\\vendor\\laravel\\framework\\src\\Illuminate\\Pipeline\\Pipeline.php(183): Illuminate\\Cookie\\Middleware\\AddQueuedCookiesToResponse->handle(Object(Illuminate\\Http\\Request), Object(Closure))
#27 C:\\Users\\Admin\\Desktop\\Sathish\\Projects\\LMS\\lms-backend\\vendor\\laravel\\framework\\src\\Illuminate\\Cookie\\Middleware\\EncryptCookies.php(67): Illuminate\\Pipeline\\Pipeline->Illuminate\\Pipeline\\{closure}(Object(Illuminate\\Http\\Request))
#28 C:\\Users\\Admin\\Desktop\\Sathish\\Projects\\LMS\\lms-backend\\vendor\\laravel\\framework\\src\\Illuminate\\Pipeline\\Pipeline.php(183): Illuminate\\Cookie\\Middleware\\EncryptCookies->handle(Object(Illuminate\\Http\\Request), Object(Closure))
#29 C:\\Users\\Admin\\Desktop\\Sathish\\Projects\\LMS\\lms-backend\\vendor\\laravel\\framework\\src\\Illuminate\\Pipeline\\Pipeline.php(119): Illuminate\\Pipeline\\Pipeline->Illuminate\\Pipeline\\{closure}(Object(Illuminate\\Http\\Request))
#30 C:\\Users\\Admin\\Desktop\\Sathish\\Projects\\LMS\\lms-backend\\vendor\\laravel\\framework\\src\\Illuminate\\Routing\\Router.php(807): Illuminate\\Pipeline\\Pipeline->then(Object(Closure))
#31 C:\\Users\\Admin\\Desktop\\Sathish\\Projects\\LMS\\lms-backend\\vendor\\laravel\\framework\\src\\Illuminate\\Routing\\Router.php(784): Illuminate\\Routing\\Router->runRouteWithinStack(Object(Illuminate\\Routing\\Route), Object(Illuminate\\Http\\Request))
#32 C:\\Users\\Admin\\Desktop\\Sathish\\Projects\\LMS\\lms-backend\\vendor\\laravel\\framework\\src\\Illuminate\\Routing\\Router.php(748): Illuminate\\Routing\\Router->runRoute(Object(Illuminate\\Http\\Request), Object(Illuminate\\Routing\\Route))
#33 C:\\Users\\Admin\\Desktop\\Sathish\\Projects\\LMS\\lms-backend\\vendor\\laravel\\framework\\src\\Illuminate\\Routing\\Router.php(737): Illuminate\\Routing\\Router->dispatchToRoute(Object(Illuminate\\Http\\Request))
#34 C:\\Users\\Admin\\Desktop\\Sathish\\Projects\\LMS\\lms-backend\\vendor\\laravel\\framework\\src\\Illuminate\\Foundation\\Http\\Kernel.php(200): Illuminate\\Routing\\Router->dispatch(Object(Illuminate\\Http\\Request))
#35 C:\\Users\\Admin\\Desktop\\Sathish\\Projects\\LMS\\lms-backend\\vendor\\laravel\\framework\\src\\Illuminate\\Pipeline\\Pipeline.php(144): Illuminate\\Foundation\\Http\\Kernel->Illuminate\\Foundation\\Http\\{closure}(Object(Illuminate\\Http\\Request))
#36 C:\\Users\\Admin\\Desktop\\Sathish\\Projects\\LMS\\lms-backend\\vendor\\laravel\\framework\\src\\Illuminate\\Foundation\\Http\\Middleware\\TransformsRequest.php(21): Illuminate\\Pipeline\\Pipeline->Illuminate\\Pipeline\\{closure}(Object(Illuminate\\Http\\Request))
#37 C:\\Users\\Admin\\Desktop\\Sathish\\Projects\\LMS\\lms-backend\\vendor\\laravel\\framework\\src\\Illuminate\\Foundation\\Http\\Middleware\\ConvertEmptyStringsToNull.php(31): Illuminate\\Foundation\\Http\\Middleware\\TransformsRequest->handle(Object(Illuminate\\Http\\Request), Object(Closure))
#38 C:\\Users\\Admin\\Desktop\\Sathish\\Projects\\LMS\\lms-backend\\vendor\\laravel\\framework\\src\\Illuminate\\Pipeline\\Pipeline.php(183): Illuminate\\Foundation\\Http\\Middleware\\ConvertEmptyStringsToNull->handle(Object(Illuminate\\Http\\Request), Object(Closure))
#39 C:\\Users\\Admin\\Desktop\\Sathish\\Projects\\LMS\\lms-backend\\vendor\\laravel\\framework\\src\\Illuminate\\Foundation\\Http\\Middleware\\TransformsRequest.php(21): Illuminate\\Pipeline\\Pipeline->Illuminate\\Pipeline\\{closure}(Object(Illuminate\\Http\\Request))
#40 C:\\Users\\Admin\\Desktop\\Sathish\\Projects\\LMS\\lms-backend\\vendor\\laravel\\framework\\src\\Illuminate\\Foundation\\Http\\Middleware\\TrimStrings.php(40): Illuminate\\Foundation\\Http\\Middleware\\TransformsRequest->handle(Object(Illuminate\\Http\\Request), Object(Closure))
#41 C:\\Users\\Admin\\Desktop\\Sathish\\Projects\\LMS\\lms-backend\\vendor\\laravel\\framework\\src\\Illuminate\\Pipeline\\Pipeline.php(183): Illuminate\\Foundation\\Http\\Middleware\\TrimStrings->handle(Object(Illuminate\\Http\\Request), Object(Closure))
#42 C:\\Users\\Admin\\Desktop\\Sathish\\Projects\\LMS\\lms-backend\\vendor\\laravel\\framework\\src\\Illuminate\\Foundation\\Http\\Middleware\\ValidatePostSize.php(27): Illuminate\\Pipeline\\Pipeline->Illuminate\\Pipeline\\{closure}(Object(Illuminate\\Http\\Request))
#43 C:\\Users\\Admin\\Desktop\\Sathish\\Projects\\LMS\\lms-backend\\vendor\\laravel\\framework\\src\\Illuminate\\Pipeline\\Pipeline.php(183): Illuminate\\Foundation\\Http\\Middleware\\ValidatePostSize->handle(Object(Illuminate\\Http\\Request), Object(Closure))
#44 C:\\Users\\Admin\\Desktop\\Sathish\\Projects\\LMS\\lms-backend\\vendor\\laravel\\framework\\src\\Illuminate\\Foundation\\Http\\Middleware\\PreventRequestsDuringMaintenance.php(99): Illuminate\\Pipeline\\Pipeline->Illuminate\\Pipeline\\{closure}(Object(Illuminate\\Http\\Request))
#45 C:\\Users\\Admin\\Desktop\\Sathish\\Projects\\LMS\\lms-backend\\vendor\\laravel\\framework\\src\\Illuminate\\Pipeline\\Pipeline.php(183): Illuminate\\Foundation\\Http\\Middleware\\PreventRequestsDuringMaintenance->handle(Object(Illuminate\\Http\\Request), Object(Closure))
#46 C:\\Users\\Admin\\Desktop\\Sathish\\Projects\\LMS\\lms-backend\\vendor\\laravel\\framework\\src\\Illuminate\\Http\\Middleware\\HandleCors.php(62): Illuminate\\Pipeline\\Pipeline->Illuminate\\Pipeline\\{closure}(Object(Illuminate\\Http\\Request))
#47 C:\\Users\\Admin\\Desktop\\Sathish\\Projects\\LMS\\lms-backend\\vendor\\laravel\\framework\\src\\Illuminate\\Pipeline\\Pipeline.php(183): Illuminate\\Http\\Middleware\\HandleCors->handle(Object(Illuminate\\Http\\Request), Object(Closure))
#48 C:\\Users\\Admin\\Desktop\\Sathish\\Projects\\LMS\\lms-backend\\vendor\\laravel\\framework\\src\\Illuminate\\Http\\Middleware\\TrustProxies.php(39): Illuminate\\Pipeline\\Pipeline->Illuminate\\Pipeline\\{closure}(Object(Illuminate\\Http\\Request))
#49 C:\\Users\\Admin\\Desktop\\Sathish\\Projects\\LMS\\lms-backend\\vendor\\laravel\\framework\\src\\Illuminate\\Pipeline\\Pipeline.php(183): Illuminate\\Http\\Middleware\\TrustProxies->handle(Object(Illuminate\\Http\\Request), Object(Closure))
#50 C:\\Users\\Admin\\Desktop\\Sathish\\Projects\\LMS\\lms-backend\\vendor\\laravel\\framework\\src\\Illuminate\\Pipeline\\Pipeline.php(119): Illuminate\\Pipeline\\Pipeline->Illuminate\\Pipeline\\{closure}(Object(Illuminate\\Http\\Request))
#51 C:\\Users\\Admin\\Desktop\\Sathish\\Projects\\LMS\\lms-backend\\vendor\\laravel\\framework\\src\\Illuminate\\Foundation\\Http\\Kernel.php(175): Illuminate\\Pipeline\\Pipeline->then(Object(Closure))
#52 C:\\Users\\Admin\\Desktop\\Sathish\\Projects\\LMS\\lms-backend\\vendor\\laravel\\framework\\src\\Illuminate\\Foundation\\Http\\Kernel.php(144): Illuminate\\Foundation\\Http\\Kernel->sendRequestThroughRouter(Object(Illuminate\\Http\\Request))
#53 C:\\Users\\Admin\\Desktop\\Sathish\\Projects\\LMS\\lms-backend\\public\\index.php(7): Illuminate\\Foundation\\Http\\Kernel->handle(Object(Illuminate\\Http\\Request))
#54 C:\\Users\\Admin\\Desktop\\Sathish\\Projects\\LMS\\lms-backend\\vendor\\laravel\\framework\\src\\Illuminate\\Foundation\\resources\\server.php(16): require_once('C:\\\\Users\\\\Admin\\\\...')
#55 {main}
"} 
[2025-12-29 11:31:08] local.ERROR: Target class [App\Http\Controllers\Api\Admin\EnrollmentsAdminController] does not exist. {"userId":1,"exception":"[object] (Illuminate\\Contracts\\Container\\BindingResolutionException(code: 0): Target class [App\\Http\\Controllers\\Api\\Admin\\EnrollmentsAdminController] does not exist. at C:\\Users\\Admin\\Desktop\\Sathish\\Projects\\LMS\\lms-backend\\vendor\\laravel\\framework\\src\\Illuminate\\Container\\Container.php:914)
[stacktrace]
#0 C:\\Users\\Admin\\Desktop\\Sathish\\Projects\\LMS\\lms-backend\\vendor\\laravel\\framework\\src\\Illuminate\\Container\\Container.php(795): Illuminate\\Container\\Container->build('App\\\\Http\\\\Contro...')
#1 C:\\Users\\Admin\\Desktop\\Sathish\\Projects\\LMS\\lms-backend\\vendor\\laravel\\framework\\src\\Illuminate\\Foundation\\Application.php(986): Illuminate\\Container\\Container->resolve('App\\\\Http\\\\Contro...', Array, true)
#2 C:\\Users\\Admin\\Desktop\\Sathish\\Projects\\LMS\\lms-backend\\vendor\\laravel\\framework\\src\\Illuminate\\Container\\Container.php(731): Illuminate\\Foundation\\Application->resolve('App\\\\Http\\\\Contro...', Array)
#3 C:\\Users\\Admin\\Desktop\\Sathish\\Projects\\LMS\\lms-backend\\vendor\\laravel\\framework\\src\\Illuminate\\Foundation\\Application.php(971): Illuminate\\Container\\Container->make('App\\\\Http\\\\Contro...', Array)
#4 C:\\Users\\Admin\\Desktop\\Sathish\\Projects\\LMS\\lms-backend\\vendor\\laravel\\framework\\src\\Illuminate\\Routing\\Route.php(278): Illuminate\\Foundation\\Application->make('App\\\\Http\\\\Contro...')
#5 C:\\Users\\Admin\\Desktop\\Sathish\\Projects\\LMS\\lms-backend\\vendor\\laravel\\framework\\src\\Illuminate\\Routing\\Route.php(260): Illuminate\\Routing\\Route->getController()
#6 C:\\Users\\Admin\\Desktop\\Sathish\\Projects\\LMS\\lms-backend\\vendor\\laravel\\framework\\src\\Illuminate\\Routing\\Route.php(205): Illuminate\\Routing\\Route->runController()
#7 C:\\Users\\Admin\\Desktop\\Sathish\\Projects\\LMS\\lms-backend\\vendor\\laravel\\framework\\src\\Illuminate\\Routing\\Router.php(806): Illuminate\\Routing\\Route->run()
#8 C:\\Users\\Admin\\Desktop\\Sathish\\Projects\\LMS\\lms-backend\\vendor\\laravel\\framework\\src\\Illuminate\\Pipeline\\Pipeline.php(144): Illuminate\\Routing\\Router->Illuminate\\Routing\\{closure}(Object(Illuminate\\Http\\Request))
#9 C:\\Users\\Admin\\Desktop\\Sathish\\Projects\\LMS\\lms-backend\\app\\Http\\Middleware\\EnsureRole.php(17): Illuminate\\Pipeline\\Pipeline->Illuminate\\Pipeline\\{closure}(Object(Illuminate\\Http\\Request))
#10 C:\\Users\\Admin\\Desktop\\Sathish\\Projects\\LMS\\lms-backend\\vendor\\laravel\\framework\\src\\Illuminate\\Pipeline\\Pipeline.php(183): App\\Http\\Middleware\\EnsureRole->handle(Object(Illuminate\\Http\\Request), Object(Closure), 'admin')
#11 C:\\Users\\Admin\\Desktop\\Sathish\\Projects\\LMS\\lms-backend\\app\\Http\\Middleware\\ResolveTenant.php(56): Illuminate\\Pipeline\\Pipeline->Illuminate\\Pipeline\\{closure}(Object(Illuminate\\Http\\Request))
#12 C:\\Users\\Admin\\Desktop\\Sathish\\Projects\\LMS\\lms-backend\\vendor\\laravel\\framework\\src\\Illuminate\\Pipeline\\Pipeline.php(183): App\\Http\\Middleware\\ResolveTenant->handle(Object(Illuminate\\Http\\Request), Object(Closure))
#13 C:\\Users\\Admin\\Desktop\\Sathish\\Projects\\LMS\\lms-backend\\vendor\\laravel\\framework\\src\\Illuminate\\Routing\\Middleware\\SubstituteBindings.php(50): Illuminate\\Pipeline\\Pipeline->Illuminate\\Pipeline\\{closure}(Object(Illuminate\\Http\\Request))
#14 C:\\Users\\Admin\\Desktop\\Sathish\\Projects\\LMS\\lms-backend\\vendor\\laravel\\framework\\src\\Illuminate\\Pipeline\\Pipeline.php(183): Illuminate\\Routing\\Middleware\\SubstituteBindings->handle(Object(Illuminate\\Http\\Request), Object(Closure))
#15 C:\\Users\\Admin\\Desktop\\Sathish\\Projects\\LMS\\lms-backend\\vendor\\laravel\\framework\\src\\Illuminate\\Auth\\Middleware\\Authenticate.php(57): Illuminate\\Pipeline\\Pipeline->Illuminate\\Pipeline\\{closure}(Object(Illuminate\\Http\\Request))
#16 C:\\Users\\Admin\\Desktop\\Sathish\\Projects\\LMS\\lms-backend\\vendor\\laravel\\framework\\src\\Illuminate\\Pipeline\\Pipeline.php(183): Illuminate\\Auth\\Middleware\\Authenticate->handle(Object(Illuminate\\Http\\Request), Object(Closure))
#17 C:\\Users\\Admin\\Desktop\\Sathish\\Projects\\LMS\\lms-backend\\vendor\\laravel\\framework\\src\\Illuminate\\Foundation\\Http\\Middleware\\VerifyCsrfToken.php(78): Illuminate\\Pipeline\\Pipeline->Illuminate\\Pipeline\\{closure}(Object(Illuminate\\Http\\Request))
#18 C:\\Users\\Admin\\Desktop\\Sathish\\Projects\\LMS\\lms-backend\\vendor\\laravel\\framework\\src\\Illuminate\\Pipeline\\Pipeline.php(183): Illuminate\\Foundation\\Http\\Middleware\\VerifyCsrfToken->handle(Object(Illuminate\\Http\\Request), Object(Closure))
#19 C:\\Users\\Admin\\Desktop\\Sathish\\Projects\\LMS\\lms-backend\\vendor\\laravel\\framework\\src\\Illuminate\\View\\Middleware\\ShareErrorsFromSession.php(49): Illuminate\\Pipeline\\Pipeline->Illuminate\\Pipeline\\{closure}(Object(Illuminate\\Http\\Request))
#20 C:\\Users\\Admin\\Desktop\\Sathish\\Projects\\LMS\\lms-backend\\vendor\\laravel\\framework\\src\\Illuminate\\Pipeline\\Pipeline.php(183): Illuminate\\View\\Middleware\\ShareErrorsFromSession->handle(Object(Illuminate\\Http\\Request), Object(Closure))
#21 C:\\Users\\Admin\\Desktop\\Sathish\\Projects\\LMS\\lms-backend\\vendor\\laravel\\framework\\src\\Illuminate\\Session\\Middleware\\StartSession.php(121): Illuminate\\Pipeline\\Pipeline->Illuminate\\Pipeline\\{closure}(Object(Illuminate\\Http\\Request))
#22 C:\\Users\\Admin\\Desktop\\Sathish\\Projects\\LMS\\lms-backend\\vendor\\laravel\\framework\\src\\Illuminate\\Session\\Middleware\\StartSession.php(64): Illuminate\\Session\\Middleware\\StartSession->handleStatefulRequest(Object(Illuminate\\Http\\Request), Object(Illuminate\\Session\\Store), Object(Closure))
#23 C:\\Users\\Admin\\Desktop\\Sathish\\Projects\\LMS\\lms-backend\\vendor\\laravel\\framework\\src\\Illuminate\\Pipeline\\Pipeline.php(183): Illuminate\\Session\\Middleware\\StartSession->handle(Object(Illuminate\\Http\\Request), Object(Closure))
#24 C:\\Users\\Admin\\Desktop\\Sathish\\Projects\\LMS\\lms-backend\\vendor\\laravel\\framework\\src\\Illuminate\\Cookie\\Middleware\\AddQueuedCookiesToResponse.php(37): Illuminate\\Pipeline\\Pipeline->Illuminate\\Pipeline\\{closure}(Object(Illuminate\\Http\\Request))
#25 C:\\Users\\Admin\\Desktop\\Sathish\\Projects\\LMS\\lms-backend\\vendor\\laravel\\framework\\src\\Illuminate\\Pipeline\\Pipeline.php(183): Illuminate\\Cookie\\Middleware\\AddQueuedCookiesToResponse->handle(Object(Illuminate\\Http\\Request), Object(Closure))
#26 C:\\Users\\Admin\\Desktop\\Sathish\\Projects\\LMS\\lms-backend\\vendor\\laravel\\framework\\src\\Illuminate\\Cookie\\Middleware\\EncryptCookies.php(67): Illuminate\\Pipeline\\Pipeline->Illuminate\\Pipeline\\{closure}(Object(Illuminate\\Http\\Request))
#27 C:\\Users\\Admin\\Desktop\\Sathish\\Projects\\LMS\\lms-backend\\vendor\\laravel\\framework\\src\\Illuminate\\Pipeline\\Pipeline.php(183): Illuminate\\Cookie\\Middleware\\EncryptCookies->handle(Object(Illuminate\\Http\\Request), Object(Closure))
#28 C:\\Users\\Admin\\Desktop\\Sathish\\Projects\\LMS\\lms-backend\\vendor\\laravel\\framework\\src\\Illuminate\\Pipeline\\Pipeline.php(119): Illuminate\\Pipeline\\Pipeline->Illuminate\\Pipeline\\{closure}(Object(Illuminate\\Http\\Request))
#29 C:\\Users\\Admin\\Desktop\\Sathish\\Projects\\LMS\\lms-backend\\vendor\\laravel\\framework\\src\\Illuminate\\Routing\\Router.php(807): Illuminate\\Pipeline\\Pipeline->then(Object(Closure))
#30 C:\\Users\\Admin\\Desktop\\Sathish\\Projects\\LMS\\lms-backend\\vendor\\laravel\\framework\\src\\Illuminate\\Routing\\Router.php(784): Illuminate\\Routing\\Router->runRouteWithinStack(Object(Illuminate\\Routing\\Route), Object(Illuminate\\Http\\Request))
#31 C:\\Users\\Admin\\Desktop\\Sathish\\Projects\\LMS\\lms-backend\\vendor\\laravel\\framework\\src\\Illuminate\\Routing\\Router.php(748): Illuminate\\Routing\\Router->runRoute(Object(Illuminate\\Http\\Request), Object(Illuminate\\Routing\\Route))
#32 C:\\Users\\Admin\\Desktop\\Sathish\\Projects\\LMS\\lms-backend\\vendor\\laravel\\framework\\src\\Illuminate\\Routing\\Router.php(737): Illuminate\\Routing\\Router->dispatchToRoute(Object(Illuminate\\Http\\Request))
#33 C:\\Users\\Admin\\Desktop\\Sathish\\Projects\\LMS\\lms-backend\\vendor\\laravel\\framework\\src\\Illuminate\\Foundation\\Http\\Kernel.php(200): Illuminate\\Routing\\Router->dispatch(Object(Illuminate\\Http\\Request))
#34 C:\\Users\\Admin\\Desktop\\Sathish\\Projects\\LMS\\lms-backend\\vendor\\laravel\\framework\\src\\Illuminate\\Pipeline\\Pipeline.php(144): Illuminate\\Foundation\\Http\\Kernel->Illuminate\\Foundation\\Http\\{closure}(Object(Illuminate\\Http\\Request))
#35 C:\\Users\\Admin\\Desktop\\Sathish\\Projects\\LMS\\lms-backend\\vendor\\laravel\\framework\\src\\Illuminate\\Foundation\\Http\\Middleware\\TransformsRequest.php(21): Illuminate\\Pipeline\\Pipeline->Illuminate\\Pipeline\\{closure}(Object(Illuminate\\Http\\Request))
#36 C:\\Users\\Admin\\Desktop\\Sathish\\Projects\\LMS\\lms-backend\\vendor\\laravel\\framework\\src\\Illuminate\\Foundation\\Http\\Middleware\\ConvertEmptyStringsToNull.php(31): Illuminate\\Foundation\\Http\\Middleware\\TransformsRequest->handle(Object(Illuminate\\Http\\Request), Object(Closure))
#37 C:\\Users\\Admin\\Desktop\\Sathish\\Projects\\LMS\\lms-backend\\vendor\\laravel\\framework\\src\\Illuminate\\Pipeline\\Pipeline.php(183): Illuminate\\Foundation\\Http\\Middleware\\ConvertEmptyStringsToNull->handle(Object(Illuminate\\Http\\Request), Object(Closure))
#38 C:\\Users\\Admin\\Desktop\\Sathish\\Projects\\LMS\\lms-backend\\vendor\\laravel\\framework\\src\\Illuminate\\Foundation\\Http\\Middleware\\TransformsRequest.php(21): Illuminate\\Pipeline\\Pipeline->Illuminate\\Pipeline\\{closure}(Object(Illuminate\\Http\\Request))
#39 C:\\Users\\Admin\\Desktop\\Sathish\\Projects\\LMS\\lms-backend\\vendor\\laravel\\framework\\src\\Illuminate\\Foundation\\Http\\Middleware\\TrimStrings.php(40): Illuminate\\Foundation\\Http\\Middleware\\TransformsRequest->handle(Object(Illuminate\\Http\\Request), Object(Closure))
#40 C:\\Users\\Admin\\Desktop\\Sathish\\Projects\\LMS\\lms-backend\\vendor\\laravel\\framework\\src\\Illuminate\\Pipeline\\Pipeline.php(183): Illuminate\\Foundation\\Http\\Middleware\\TrimStrings->handle(Object(Illuminate\\Http\\Request), Object(Closure))
#41 C:\\Users\\Admin\\Desktop\\Sathish\\Projects\\LMS\\lms-backend\\vendor\\laravel\\framework\\src\\Illuminate\\Foundation\\Http\\Middleware\\ValidatePostSize.php(27): Illuminate\\Pipeline\\Pipeline->Illuminate\\Pipeline\\{closure}(Object(Illuminate\\Http\\Request))
#42 C:\\Users\\Admin\\Desktop\\Sathish\\Projects\\LMS\\lms-backend\\vendor\\laravel\\framework\\src\\Illuminate\\Pipeline\\Pipeline.php(183): Illuminate\\Foundation\\Http\\Middleware\\ValidatePostSize->handle(Object(Illuminate\\Http\\Request), Object(Closure))
#43 C:\\Users\\Admin\\Desktop\\Sathish\\Projects\\LMS\\lms-backend\\vendor\\laravel\\framework\\src\\Illuminate\\Foundation\\Http\\Middleware\\PreventRequestsDuringMaintenance.php(99): Illuminate\\Pipeline\\Pipeline->Illuminate\\Pipeline\\{closure}(Object(Illuminate\\Http\\Request))
#44 C:\\Users\\Admin\\Desktop\\Sathish\\Projects\\LMS\\lms-backend\\vendor\\laravel\\framework\\src\\Illuminate\\Pipeline\\Pipeline.php(183): Illuminate\\Foundation\\Http\\Middleware\\PreventRequestsDuringMaintenance->handle(Object(Illuminate\\Http\\Request), Object(Closure))
#45 C:\\Users\\Admin\\Desktop\\Sathish\\Projects\\LMS\\lms-backend\\vendor\\laravel\\framework\\src\\Illuminate\\Http\\Middleware\\HandleCors.php(62): Illuminate\\Pipeline\\Pipeline->Illuminate\\Pipeline\\{closure}(Object(Illuminate\\Http\\Request))
#46 C:\\Users\\Admin\\Desktop\\Sathish\\Projects\\LMS\\lms-backend\\vendor\\laravel\\framework\\src\\Illuminate\\Pipeline\\Pipeline.php(183): Illuminate\\Http\\Middleware\\HandleCors->handle(Object(Illuminate\\Http\\Request), Object(Closure))
#47 C:\\Users\\Admin\\Desktop\\Sathish\\Projects\\LMS\\lms-backend\\vendor\\laravel\\framework\\src\\Illuminate\\Http\\Middleware\\TrustProxies.php(39): Illuminate\\Pipeline\\Pipeline->Illuminate\\Pipeline\\{closure}(Object(Illuminate\\Http\\Request))
#48 C:\\Users\\Admin\\Desktop\\Sathish\\Projects\\LMS\\lms-backend\\vendor\\laravel\\framework\\src\\Illuminate\\Pipeline\\Pipeline.php(183): Illuminate\\Http\\Middleware\\TrustProxies->handle(Object(Illuminate\\Http\\Request), Object(Closure))
#49 C:\\Users\\Admin\\Desktop\\Sathish\\Projects\\LMS\\lms-backend\\vendor\\laravel\\framework\\src\\Illuminate\\Pipeline\\Pipeline.php(119): Illuminate\\Pipeline\\Pipeline->Illuminate\\Pipeline\\{closure}(Object(Illuminate\\Http\\Request))
#50 C:\\Users\\Admin\\Desktop\\Sathish\\Projects\\LMS\\lms-backend\\vendor\\laravel\\framework\\src\\Illuminate\\Foundation\\Http\\Kernel.php(175): Illuminate\\Pipeline\\Pipeline->then(Object(Closure))
#51 C:\\Users\\Admin\\Desktop\\Sathish\\Projects\\LMS\\lms-backend\\vendor\\laravel\\framework\\src\\Illuminate\\Foundation\\Http\\Kernel.php(144): Illuminate\\Foundation\\Http\\Kernel->sendRequestThroughRouter(Object(Illuminate\\Http\\Request))
#52 C:\\Users\\Admin\\Desktop\\Sathish\\Projects\\LMS\\lms-backend\\public\\index.php(7): Illuminate\\Foundation\\Http\\Kernel->handle(Object(Illuminate\\Http\\Request))
#53 C:\\Users\\Admin\\Desktop\\Sathish\\Projects\\LMS\\lms-backend\\vendor\\laravel\\framework\\src\\Illuminate\\Foundation\\resources\\server.php(16): require_once('C:\\\\Users\\\\Admin\\\\...')
#54 {main}

[previous exception] [object] (ReflectionException(code: -1): Class \"App\\Http\\Controllers\\Api\\Admin\\EnrollmentsAdminController\" does not exist at C:\\Users\\Admin\\Desktop\\Sathish\\Projects\\LMS\\lms-backend\\vendor\\laravel\\framework\\src\\Illuminate\\Container\\Container.php:912)
[stacktrace]
#0 C:\\Users\\Admin\\Desktop\\Sathish\\Projects\\LMS\\lms-backend\\vendor\\laravel\\framework\\src\\Illuminate\\Container\\Container.php(912): ReflectionClass->__construct('App\\\\Http\\\\Contro...')
#1 C:\\Users\\Admin\\Desktop\\Sathish\\Projects\\LMS\\lms-backend\\vendor\\laravel\\framework\\src\\Illuminate\\Container\\Container.php(795): Illuminate\\Container\\Container->build('App\\\\Http\\\\Contro...')
#2 C:\\Users\\Admin\\Desktop\\Sathish\\Projects\\LMS\\lms-backend\\vendor\\laravel\\framework\\src\\Illuminate\\Foundation\\Application.php(986): Illuminate\\Container\\Container->resolve('App\\\\Http\\\\Contro...', Array, true)
#3 C:\\Users\\Admin\\Desktop\\Sathish\\Projects\\LMS\\lms-backend\\vendor\\laravel\\framework\\src\\Illuminate\\Container\\Container.php(731): Illuminate\\Foundation\\Application->resolve('App\\\\Http\\\\Contro...', Array)
#4 C:\\Users\\Admin\\Desktop\\Sathish\\Projects\\LMS\\lms-backend\\vendor\\laravel\\framework\\src\\Illuminate\\Foundation\\Application.php(971): Illuminate\\Container\\Container->make('App\\\\Http\\\\Contro...', Array)
#5 C:\\Users\\Admin\\Desktop\\Sathish\\Projects\\LMS\\lms-backend\\vendor\\laravel\\framework\\src\\Illuminate\\Routing\\Route.php(278): Illuminate\\Foundation\\Application->make('App\\\\Http\\\\Contro...')
#6 C:\\Users\\Admin\\Desktop\\Sathish\\Projects\\LMS\\lms-backend\\vendor\\laravel\\framework\\src\\Illuminate\\Routing\\Route.php(260): Illuminate\\Routing\\Route->getController()
#7 C:\\Users\\Admin\\Desktop\\Sathish\\Projects\\LMS\\lms-backend\\vendor\\laravel\\framework\\src\\Illuminate\\Routing\\Route.php(205): Illuminate\\Routing\\Route->runController()
#8 C:\\Users\\Admin\\Desktop\\Sathish\\Projects\\LMS\\lms-backend\\vendor\\laravel\\framework\\src\\Illuminate\\Routing\\Router.php(806): Illuminate\\Routing\\Route->run()
#9 C:\\Users\\Admin\\Desktop\\Sathish\\Projects\\LMS\\lms-backend\\vendor\\laravel\\framework\\src\\Illuminate\\Pipeline\\Pipeline.php(144): Illuminate\\Routing\\Router->Illuminate\\Routing\\{closure}(Object(Illuminate\\Http\\Request))
#10 C:\\Users\\Admin\\Desktop\\Sathish\\Projects\\LMS\\lms-backend\\app\\Http\\Middleware\\EnsureRole.php(17): Illuminate\\Pipeline\\Pipeline->Illuminate\\Pipeline\\{closure}(Object(Illuminate\\Http\\Request))
#11 C:\\Users\\Admin\\Desktop\\Sathish\\Projects\\LMS\\lms-backend\\vendor\\laravel\\framework\\src\\Illuminate\\Pipeline\\Pipeline.php(183): App\\Http\\Middleware\\EnsureRole->handle(Object(Illuminate\\Http\\Request), Object(Closure), 'admin')
#12 C:\\Users\\Admin\\Desktop\\Sathish\\Projects\\LMS\\lms-backend\\app\\Http\\Middleware\\ResolveTenant.php(56): Illuminate\\Pipeline\\Pipeline->Illuminate\\Pipeline\\{closure}(Object(Illuminate\\Http\\Request))
#13 C:\\Users\\Admin\\Desktop\\Sathish\\Projects\\LMS\\lms-backend\\vendor\\laravel\\framework\\src\\Illuminate\\Pipeline\\Pipeline.php(183): App\\Http\\Middleware\\ResolveTenant->handle(Object(Illuminate\\Http\\Request), Object(Closure))
#14 C:\\Users\\Admin\\Desktop\\Sathish\\Projects\\LMS\\lms-backend\\vendor\\laravel\\framework\\src\\Illuminate\\Routing\\Middleware\\SubstituteBindings.php(50): Illuminate\\Pipeline\\Pipeline->Illuminate\\Pipeline\\{closure}(Object(Illuminate\\Http\\Request))
#15 C:\\Users\\Admin\\Desktop\\Sathish\\Projects\\LMS\\lms-backend\\vendor\\laravel\\framework\\src\\Illuminate\\Pipeline\\Pipeline.php(183): Illuminate\\Routing\\Middleware\\SubstituteBindings->handle(Object(Illuminate\\Http\\Request), Object(Closure))
#16 C:\\Users\\Admin\\Desktop\\Sathish\\Projects\\LMS\\lms-backend\\vendor\\laravel\\framework\\src\\Illuminate\\Auth\\Middleware\\Authenticate.php(57): Illuminate\\Pipeline\\Pipeline->Illuminate\\Pipeline\\{closure}(Object(Illuminate\\Http\\Request))
#17 C:\\Users\\Admin\\Desktop\\Sathish\\Projects\\LMS\\lms-backend\\vendor\\laravel\\framework\\src\\Illuminate\\Pipeline\\Pipeline.php(183): Illuminate\\Auth\\Middleware\\Authenticate->handle(Object(Illuminate\\Http\\Request), Object(Closure))
#18 C:\\Users\\Admin\\Desktop\\Sathish\\Projects\\LMS\\lms-backend\\vendor\\laravel\\framework\\src\\Illuminate\\Foundation\\Http\\Middleware\\VerifyCsrfToken.php(78): Illuminate\\Pipeline\\Pipeline->Illuminate\\Pipeline\\{closure}(Object(Illuminate\\Http\\Request))
#19 C:\\Users\\Admin\\Desktop\\Sathish\\Projects\\LMS\\lms-backend\\vendor\\laravel\\framework\\src\\Illuminate\\Pipeline\\Pipeline.php(183): Illuminate\\Foundation\\Http\\Middleware\\VerifyCsrfToken->handle(Object(Illuminate\\Http\\Request), Object(Closure))
#20 C:\\Users\\Admin\\Desktop\\Sathish\\Projects\\LMS\\lms-backend\\vendor\\laravel\\framework\\src\\Illuminate\\View\\Middleware\\ShareErrorsFromSession.php(49): Illuminate\\Pipeline\\Pipeline->Illuminate\\Pipeline\\{closure}(Object(Illuminate\\Http\\Request))
#21 C:\\Users\\Admin\\Desktop\\Sathish\\Projects\\LMS\\lms-backend\\vendor\\laravel\\framework\\src\\Illuminate\\Pipeline\\Pipeline.php(183): Illuminate\\View\\Middleware\\ShareErrorsFromSession->handle(Object(Illuminate\\Http\\Request), Object(Closure))
#22 C:\\Users\\Admin\\Desktop\\Sathish\\Projects\\LMS\\lms-backend\\vendor\\laravel\\framework\\src\\Illuminate\\Session\\Middleware\\StartSession.php(121): Illuminate\\Pipeline\\Pipeline->Illuminate\\Pipeline\\{closure}(Object(Illuminate\\Http\\Request))
#23 C:\\Users\\Admin\\Desktop\\Sathish\\Projects\\LMS\\lms-backend\\vendor\\laravel\\framework\\src\\Illuminate\\Session\\Middleware\\StartSession.php(64): Illuminate\\Session\\Middleware\\StartSession->handleStatefulRequest(Object(Illuminate\\Http\\Request), Object(Illuminate\\Session\\Store), Object(Closure))
#24 C:\\Users\\Admin\\Desktop\\Sathish\\Projects\\LMS\\lms-backend\\vendor\\laravel\\framework\\src\\Illuminate\\Pipeline\\Pipeline.php(183): Illuminate\\Session\\Middleware\\StartSession->handle(Object(Illuminate\\Http\\Request), Object(Closure))
#25 C:\\Users\\Admin\\Desktop\\Sathish\\Projects\\LMS\\lms-backend\\vendor\\laravel\\framework\\src\\Illuminate\\Cookie\\Middleware\\AddQueuedCookiesToResponse.php(37): Illuminate\\Pipeline\\Pipeline->Illuminate\\Pipeline\\{closure}(Object(Illuminate\\Http\\Request))
#26 C:\\Users\\Admin\\Desktop\\Sathish\\Projects\\LMS\\lms-backend\\vendor\\laravel\\framework\\src\\Illuminate\\Pipeline\\Pipeline.php(183): Illuminate\\Cookie\\Middleware\\AddQueuedCookiesToResponse->handle(Object(Illuminate\\Http\\Request), Object(Closure))
#27 C:\\Users\\Admin\\Desktop\\Sathish\\Projects\\LMS\\lms-backend\\vendor\\laravel\\framework\\src\\Illuminate\\Cookie\\Middleware\\EncryptCookies.php(67): Illuminate\\Pipeline\\Pipeline->Illuminate\\Pipeline\\{closure}(Object(Illuminate\\Http\\Request))
#28 C:\\Users\\Admin\\Desktop\\Sathish\\Projects\\LMS\\lms-backend\\vendor\\laravel\\framework\\src\\Illuminate\\Pipeline\\Pipeline.php(183): Illuminate\\Cookie\\Middleware\\EncryptCookies->handle(Object(Illuminate\\Http\\Request), Object(Closure))
#29 C:\\Users\\Admin\\Desktop\\Sathish\\Projects\\LMS\\lms-backend\\vendor\\laravel\\framework\\src\\Illuminate\\Pipeline\\Pipeline.php(119): Illuminate\\Pipeline\\Pipeline->Illuminate\\Pipeline\\{closure}(Object(Illuminate\\Http\\Request))
#30 C:\\Users\\Admin\\Desktop\\Sathish\\Projects\\LMS\\lms-backend\\vendor\\laravel\\framework\\src\\Illuminate\\Routing\\Router.php(807): Illuminate\\Pipeline\\Pipeline->then(Object(Closure))
#31 C:\\Users\\Admin\\Desktop\\Sathish\\Projects\\LMS\\lms-backend\\vendor\\laravel\\framework\\src\\Illuminate\\Routing\\Router.php(784): Illuminate\\Routing\\Router->runRouteWithinStack(Object(Illuminate\\Routing\\Route), Object(Illuminate\\Http\\Request))
#32 C:\\Users\\Admin\\Desktop\\Sathish\\Projects\\LMS\\lms-backend\\vendor\\laravel\\framework\\src\\Illuminate\\Routing\\Router.php(748): Illuminate\\Routing\\Router->runRoute(Object(Illuminate\\Http\\Request), Object(Illuminate\\Routing\\Route))
#33 C:\\Users\\Admin\\Desktop\\Sathish\\Projects\\LMS\\lms-backend\\vendor\\laravel\\framework\\src\\Illuminate\\Routing\\Router.php(737): Illuminate\\Routing\\Router->dispatchToRoute(Object(Illuminate\\Http\\Request))
#34 C:\\Users\\Admin\\Desktop\\Sathish\\Projects\\LMS\\lms-backend\\vendor\\laravel\\framework\\src\\Illuminate\\Foundation\\Http\\Kernel.php(200): Illuminate\\Routing\\Router->dispatch(Object(Illuminate\\Http\\Request))
#35 C:\\Users\\Admin\\Desktop\\Sathish\\Projects\\LMS\\lms-backend\\vendor\\laravel\\framework\\src\\Illuminate\\Pipeline\\Pipeline.php(144): Illuminate\\Foundation\\Http\\Kernel->Illuminate\\Foundation\\Http\\{closure}(Object(Illuminate\\Http\\Request))
#36 C:\\Users\\Admin\\Desktop\\Sathish\\Projects\\LMS\\lms-backend\\vendor\\laravel\\framework\\src\\Illuminate\\Foundation\\Http\\Middleware\\TransformsRequest.php(21): Illuminate\\Pipeline\\Pipeline->Illuminate\\Pipeline\\{closure}(Object(Illuminate\\Http\\Request))
#37 C:\\Users\\Admin\\Desktop\\Sathish\\Projects\\LMS\\lms-backend\\vendor\\laravel\\framework\\src\\Illuminate\\Foundation\\Http\\Middleware\\ConvertEmptyStringsToNull.php(31): Illuminate\\Foundation\\Http\\Middleware\\TransformsRequest->handle(Object(Illuminate\\Http\\Request), Object(Closure))
#38 C:\\Users\\Admin\\Desktop\\Sathish\\Projects\\LMS\\lms-backend\\vendor\\laravel\\framework\\src\\Illuminate\\Pipeline\\Pipeline.php(183): Illuminate\\Foundation\\Http\\Middleware\\ConvertEmptyStringsToNull->handle(Object(Illuminate\\Http\\Request), Object(Closure))
#39 C:\\Users\\Admin\\Desktop\\Sathish\\Projects\\LMS\\lms-backend\\vendor\\laravel\\framework\\src\\Illuminate\\Foundation\\Http\\Middleware\\TransformsRequest.php(21): Illuminate\\Pipeline\\Pipeline->Illuminate\\Pipeline\\{closure}(Object(Illuminate\\Http\\Request))
#40 C:\\Users\\Admin\\Desktop\\Sathish\\Projects\\LMS\\lms-backend\\vendor\\laravel\\framework\\src\\Illuminate\\Foundation\\Http\\Middleware\\TrimStrings.php(40): Illuminate\\Foundation\\Http\\Middleware\\TransformsRequest->handle(Object(Illuminate\\Http\\Request), Object(Closure))
#41 C:\\Users\\Admin\\Desktop\\Sathish\\Projects\\LMS\\lms-backend\\vendor\\laravel\\framework\\src\\Illuminate\\Pipeline\\Pipeline.php(183): Illuminate\\Foundation\\Http\\Middleware\\TrimStrings->handle(Object(Illuminate\\Http\\Request), Object(Closure))
#42 C:\\Users\\Admin\\Desktop\\Sathish\\Projects\\LMS\\lms-backend\\vendor\\laravel\\framework\\src\\Illuminate\\Foundation\\Http\\Middleware\\ValidatePostSize.php(27): Illuminate\\Pipeline\\Pipeline->Illuminate\\Pipeline\\{closure}(Object(Illuminate\\Http\\Request))
#43 C:\\Users\\Admin\\Desktop\\Sathish\\Projects\\LMS\\lms-backend\\vendor\\laravel\\framework\\src\\Illuminate\\Pipeline\\Pipeline.php(183): Illuminate\\Foundation\\Http\\Middleware\\ValidatePostSize->handle(Object(Illuminate\\Http\\Request), Object(Closure))
#44 C:\\Users\\Admin\\Desktop\\Sathish\\Projects\\LMS\\lms-backend\\vendor\\laravel\\framework\\src\\Illuminate\\Foundation\\Http\\Middleware\\PreventRequestsDuringMaintenance.php(99): Illuminate\\Pipeline\\Pipeline->Illuminate\\Pipeline\\{closure}(Object(Illuminate\\Http\\Request))
#45 C:\\Users\\Admin\\Desktop\\Sathish\\Projects\\LMS\\lms-backend\\vendor\\laravel\\framework\\src\\Illuminate\\Pipeline\\Pipeline.php(183): Illuminate\\Foundation\\Http\\Middleware\\PreventRequestsDuringMaintenance->handle(Object(Illuminate\\Http\\Request), Object(Closure))
#46 C:\\Users\\Admin\\Desktop\\Sathish\\Projects\\LMS\\lms-backend\\vendor\\laravel\\framework\\src\\Illuminate\\Http\\Middleware\\HandleCors.php(62): Illuminate\\Pipeline\\Pipeline->Illuminate\\Pipeline\\{closure}(Object(Illuminate\\Http\\Request))
#47 C:\\Users\\Admin\\Desktop\\Sathish\\Projects\\LMS\\lms-backend\\vendor\\laravel\\framework\\src\\Illuminate\\Pipeline\\Pipeline.php(183): Illuminate\\Http\\Middleware\\HandleCors->handle(Object(Illuminate\\Http\\Request), Object(Closure))
#48 C:\\Users\\Admin\\Desktop\\Sathish\\Projects\\LMS\\lms-backend\\vendor\\laravel\\framework\\src\\Illuminate\\Http\\Middleware\\TrustProxies.php(39): Illuminate\\Pipeline\\Pipeline->Illuminate\\Pipeline\\{closure}(Object(Illuminate\\Http\\Request))
#49 C:\\Users\\Admin\\Desktop\\Sathish\\Projects\\LMS\\lms-backend\\vendor\\laravel\\framework\\src\\Illuminate\\Pipeline\\Pipeline.php(183): Illuminate\\Http\\Middleware\\TrustProxies->handle(Object(Illuminate\\Http\\Request), Object(Closure))
#50 C:\\Users\\Admin\\Desktop\\Sathish\\Projects\\LMS\\lms-backend\\vendor\\laravel\\framework\\src\\Illuminate\\Pipeline\\Pipeline.php(119): Illuminate\\Pipeline\\Pipeline->Illuminate\\Pipeline\\{closure}(Object(Illuminate\\Http\\Request))
#51 C:\\Users\\Admin\\Desktop\\Sathish\\Projects\\LMS\\lms-backend\\vendor\\laravel\\framework\\src\\Illuminate\\Foundation\\Http\\Kernel.php(175): Illuminate\\Pipeline\\Pipeline->then(Object(Closure))
#52 C:\\Users\\Admin\\Desktop\\Sathish\\Projects\\LMS\\lms-backend\\vendor\\laravel\\framework\\src\\Illuminate\\Foundation\\Http\\Kernel.php(144): Illuminate\\Foundation\\Http\\Kernel->sendRequestThroughRouter(Object(Illuminate\\Http\\Request))
#53 C:\\Users\\Admin\\Desktop\\Sathish\\Projects\\LMS\\lms-backend\\public\\index.php(7): Illuminate\\Foundation\\Http\\Kernel->handle(Object(Illuminate\\Http\\Request))
#54 C:\\Users\\Admin\\Desktop\\Sathish\\Projects\\LMS\\lms-backend\\vendor\\laravel\\framework\\src\\Illuminate\\Foundation\\resources\\server.php(16): require_once('C:\\\\Users\\\\Admin\\\\...')
#55 {main}
"} 
[2025-12-29 11:31:09] local.ERROR: Target class [App\Http\Controllers\Api\Admin\CoursesAdminController] does not exist. {"userId":1,"exception":"[object] (Illuminate\\Contracts\\Container\\BindingResolutionException(code: 0): Target class [App\\Http\\Controllers\\Api\\Admin\\CoursesAdminController] does not exist. at C:\\Users\\Admin\\Desktop\\Sathish\\Projects\\LMS\\lms-backend\\vendor\\laravel\\framework\\src\\Illuminate\\Container\\Container.php:914)
[stacktrace]
#0 C:\\Users\\Admin\\Desktop\\Sathish\\Projects\\LMS\\lms-backend\\vendor\\laravel\\framework\\src\\Illuminate\\Container\\Container.php(795): Illuminate\\Container\\Container->build('App\\\\Http\\\\Contro...')
#1 C:\\Users\\Admin\\Desktop\\Sathish\\Projects\\LMS\\lms-backend\\vendor\\laravel\\framework\\src\\Illuminate\\Foundation\\Application.php(986): Illuminate\\Container\\Container->resolve('App\\\\Http\\\\Contro...', Array, true)
#2 C:\\Users\\Admin\\Desktop\\Sathish\\Projects\\LMS\\lms-backend\\vendor\\laravel\\framework\\src\\Illuminate\\Container\\Container.php(731): Illuminate\\Foundation\\Application->resolve('App\\\\Http\\\\Contro...', Array)
#3 C:\\Users\\Admin\\Desktop\\Sathish\\Projects\\LMS\\lms-backend\\vendor\\laravel\\framework\\src\\Illuminate\\Foundation\\Application.php(971): Illuminate\\Container\\Container->make('App\\\\Http\\\\Contro...', Array)
#4 C:\\Users\\Admin\\Desktop\\Sathish\\Projects\\LMS\\lms-backend\\vendor\\laravel\\framework\\src\\Illuminate\\Routing\\Route.php(278): Illuminate\\Foundation\\Application->make('App\\\\Http\\\\Contro...')
#5 C:\\Users\\Admin\\Desktop\\Sathish\\Projects\\LMS\\lms-backend\\vendor\\laravel\\framework\\src\\Illuminate\\Routing\\Route.php(260): Illuminate\\Routing\\Route->getController()
#6 C:\\Users\\Admin\\Desktop\\Sathish\\Projects\\LMS\\lms-backend\\vendor\\laravel\\framework\\src\\Illuminate\\Routing\\Route.php(205): Illuminate\\Routing\\Route->runController()
#7 C:\\Users\\Admin\\Desktop\\Sathish\\Projects\\LMS\\lms-backend\\vendor\\laravel\\framework\\src\\Illuminate\\Routing\\Router.php(806): Illuminate\\Routing\\Route->run()
#8 C:\\Users\\Admin\\Desktop\\Sathish\\Projects\\LMS\\lms-backend\\vendor\\laravel\\framework\\src\\Illuminate\\Pipeline\\Pipeline.php(144): Illuminate\\Routing\\Router->Illuminate\\Routing\\{closure}(Object(Illuminate\\Http\\Request))
#9 C:\\Users\\Admin\\Desktop\\Sathish\\Projects\\LMS\\lms-backend\\app\\Http\\Middleware\\EnsureRole.php(17): Illuminate\\Pipeline\\Pipeline->Illuminate\\Pipeline\\{closure}(Object(Illuminate\\Http\\Request))
#10 C:\\Users\\Admin\\Desktop\\Sathish\\Projects\\LMS\\lms-backend\\vendor\\laravel\\framework\\src\\Illuminate\\Pipeline\\Pipeline.php(183): App\\Http\\Middleware\\EnsureRole->handle(Object(Illuminate\\Http\\Request), Object(Closure), 'admin')
#11 C:\\Users\\Admin\\Desktop\\Sathish\\Projects\\LMS\\lms-backend\\app\\Http\\Middleware\\ResolveTenant.php(56): Illuminate\\Pipeline\\Pipeline->Illuminate\\Pipeline\\{closure}(Object(Illuminate\\Http\\Request))
#12 C:\\Users\\Admin\\Desktop\\Sathish\\Projects\\LMS\\lms-backend\\vendor\\laravel\\framework\\src\\Illuminate\\Pipeline\\Pipeline.php(183): App\\Http\\Middleware\\ResolveTenant->handle(Object(Illuminate\\Http\\Request), Object(Closure))
#13 C:\\Users\\Admin\\Desktop\\Sathish\\Projects\\LMS\\lms-backend\\vendor\\laravel\\framework\\src\\Illuminate\\Routing\\Middleware\\SubstituteBindings.php(50): Illuminate\\Pipeline\\Pipeline->Illuminate\\Pipeline\\{closure}(Object(Illuminate\\Http\\Request))
#14 C:\\Users\\Admin\\Desktop\\Sathish\\Projects\\LMS\\lms-backend\\vendor\\laravel\\framework\\src\\Illuminate\\Pipeline\\Pipeline.php(183): Illuminate\\Routing\\Middleware\\SubstituteBindings->handle(Object(Illuminate\\Http\\Request), Object(Closure))
#15 C:\\Users\\Admin\\Desktop\\Sathish\\Projects\\LMS\\lms-backend\\vendor\\laravel\\framework\\src\\Illuminate\\Auth\\Middleware\\Authenticate.php(57): Illuminate\\Pipeline\\Pipeline->Illuminate\\Pipeline\\{closure}(Object(Illuminate\\Http\\Request))
#16 C:\\Users\\Admin\\Desktop\\Sathish\\Projects\\LMS\\lms-backend\\vendor\\laravel\\framework\\src\\Illuminate\\Pipeline\\Pipeline.php(183): Illuminate\\Auth\\Middleware\\Authenticate->handle(Object(Illuminate\\Http\\Request), Object(Closure))
#17 C:\\Users\\Admin\\Desktop\\Sathish\\Projects\\LMS\\lms-backend\\vendor\\laravel\\framework\\src\\Illuminate\\Foundation\\Http\\Middleware\\VerifyCsrfToken.php(78): Illuminate\\Pipeline\\Pipeline->Illuminate\\Pipeline\\{closure}(Object(Illuminate\\Http\\Request))
#18 C:\\Users\\Admin\\Desktop\\Sathish\\Projects\\LMS\\lms-backend\\vendor\\laravel\\framework\\src\\Illuminate\\Pipeline\\Pipeline.php(183): Illuminate\\Foundation\\Http\\Middleware\\VerifyCsrfToken->handle(Object(Illuminate\\Http\\Request), Object(Closure))
#19 C:\\Users\\Admin\\Desktop\\Sathish\\Projects\\LMS\\lms-backend\\vendor\\laravel\\framework\\src\\Illuminate\\View\\Middleware\\ShareErrorsFromSession.php(49): Illuminate\\Pipeline\\Pipeline->Illuminate\\Pipeline\\{closure}(Object(Illuminate\\Http\\Request))
#20 C:\\Users\\Admin\\Desktop\\Sathish\\Projects\\LMS\\lms-backend\\vendor\\laravel\\framework\\src\\Illuminate\\Pipeline\\Pipeline.php(183): Illuminate\\View\\Middleware\\ShareErrorsFromSession->handle(Object(Illuminate\\Http\\Request), Object(Closure))
#21 C:\\Users\\Admin\\Desktop\\Sathish\\Projects\\LMS\\lms-backend\\vendor\\laravel\\framework\\src\\Illuminate\\Session\\Middleware\\StartSession.php(121): Illuminate\\Pipeline\\Pipeline->Illuminate\\Pipeline\\{closure}(Object(Illuminate\\Http\\Request))
#22 C:\\Users\\Admin\\Desktop\\Sathish\\Projects\\LMS\\lms-backend\\vendor\\laravel\\framework\\src\\Illuminate\\Session\\Middleware\\StartSession.php(64): Illuminate\\Session\\Middleware\\StartSession->handleStatefulRequest(Object(Illuminate\\Http\\Request), Object(Illuminate\\Session\\Store), Object(Closure))
#23 C:\\Users\\Admin\\Desktop\\Sathish\\Projects\\LMS\\lms-backend\\vendor\\laravel\\framework\\src\\Illuminate\\Pipeline\\Pipeline.php(183): Illuminate\\Session\\Middleware\\StartSession->handle(Object(Illuminate\\Http\\Request), Object(Closure))
#24 C:\\Users\\Admin\\Desktop\\Sathish\\Projects\\LMS\\lms-backend\\vendor\\laravel\\framework\\src\\Illuminate\\Cookie\\Middleware\\AddQueuedCookiesToResponse.php(37): Illuminate\\Pipeline\\Pipeline->Illuminate\\Pipeline\\{closure}(Object(Illuminate\\Http\\Request))
#25 C:\\Users\\Admin\\Desktop\\Sathish\\Projects\\LMS\\lms-backend\\vendor\\laravel\\framework\\src\\Illuminate\\Pipeline\\Pipeline.php(183): Illuminate\\Cookie\\Middleware\\AddQueuedCookiesToResponse->handle(Object(Illuminate\\Http\\Request), Object(Closure))
#26 C:\\Users\\Admin\\Desktop\\Sathish\\Projects\\LMS\\lms-backend\\vendor\\laravel\\framework\\src\\Illuminate\\Cookie\\Middleware\\EncryptCookies.php(67): Illuminate\\Pipeline\\Pipeline->Illuminate\\Pipeline\\{closure}(Object(Illuminate\\Http\\Request))
#27 C:\\Users\\Admin\\Desktop\\Sathish\\Projects\\LMS\\lms-backend\\vendor\\laravel\\framework\\src\\Illuminate\\Pipeline\\Pipeline.php(183): Illuminate\\Cookie\\Middleware\\EncryptCookies->handle(Object(Illuminate\\Http\\Request), Object(Closure))
#28 C:\\Users\\Admin\\Desktop\\Sathish\\Projects\\LMS\\lms-backend\\vendor\\laravel\\framework\\src\\Illuminate\\Pipeline\\Pipeline.php(119): Illuminate\\Pipeline\\Pipeline->Illuminate\\Pipeline\\{closure}(Object(Illuminate\\Http\\Request))
#29 C:\\Users\\Admin\\Desktop\\Sathish\\Projects\\LMS\\lms-backend\\vendor\\laravel\\framework\\src\\Illuminate\\Routing\\Router.php(807): Illuminate\\Pipeline\\Pipeline->then(Object(Closure))
#30 C:\\Users\\Admin\\Desktop\\Sathish\\Projects\\LMS\\lms-backend\\vendor\\laravel\\framework\\src\\Illuminate\\Routing\\Router.php(784): Illuminate\\Routing\\Router->runRouteWithinStack(Object(Illuminate\\Routing\\Route), Object(Illuminate\\Http\\Request))
#31 C:\\Users\\Admin\\Desktop\\Sathish\\Projects\\LMS\\lms-backend\\vendor\\laravel\\framework\\src\\Illuminate\\Routing\\Router.php(748): Illuminate\\Routing\\Router->runRoute(Object(Illuminate\\Http\\Request), Object(Illuminate\\Routing\\Route))
#32 C:\\Users\\Admin\\Desktop\\Sathish\\Projects\\LMS\\lms-backend\\vendor\\laravel\\framework\\src\\Illuminate\\Routing\\Router.php(737): Illuminate\\Routing\\Router->dispatchToRoute(Object(Illuminate\\Http\\Request))
#33 C:\\Users\\Admin\\Desktop\\Sathish\\Projects\\LMS\\lms-backend\\vendor\\laravel\\framework\\src\\Illuminate\\Foundation\\Http\\Kernel.php(200): Illuminate\\Routing\\Router->dispatch(Object(Illuminate\\Http\\Request))
#34 C:\\Users\\Admin\\Desktop\\Sathish\\Projects\\LMS\\lms-backend\\vendor\\laravel\\framework\\src\\Illuminate\\Pipeline\\Pipeline.php(144): Illuminate\\Foundation\\Http\\Kernel->Illuminate\\Foundation\\Http\\{closure}(Object(Illuminate\\Http\\Request))
#35 C:\\Users\\Admin\\Desktop\\Sathish\\Projects\\LMS\\lms-backend\\vendor\\laravel\\framework\\src\\Illuminate\\Foundation\\Http\\Middleware\\TransformsRequest.php(21): Illuminate\\Pipeline\\Pipeline->Illuminate\\Pipeline\\{closure}(Object(Illuminate\\Http\\Request))
#36 C:\\Users\\Admin\\Desktop\\Sathish\\Projects\\LMS\\lms-backend\\vendor\\laravel\\framework\\src\\Illuminate\\Foundation\\Http\\Middleware\\ConvertEmptyStringsToNull.php(31): Illuminate\\Foundation\\Http\\Middleware\\TransformsRequest->handle(Object(Illuminate\\Http\\Request), Object(Closure))
#37 C:\\Users\\Admin\\Desktop\\Sathish\\Projects\\LMS\\lms-backend\\vendor\\laravel\\framework\\src\\Illuminate\\Pipeline\\Pipeline.php(183): Illuminate\\Foundation\\Http\\Middleware\\ConvertEmptyStringsToNull->handle(Object(Illuminate\\Http\\Request), Object(Closure))
#38 C:\\Users\\Admin\\Desktop\\Sathish\\Projects\\LMS\\lms-backend\\vendor\\laravel\\framework\\src\\Illuminate\\Foundation\\Http\\Middleware\\TransformsRequest.php(21): Illuminate\\Pipeline\\Pipeline->Illuminate\\Pipeline\\{closure}(Object(Illuminate\\Http\\Request))
#39 C:\\Users\\Admin\\Desktop\\Sathish\\Projects\\LMS\\lms-backend\\vendor\\laravel\\framework\\src\\Illuminate\\Foundation\\Http\\Middleware\\TrimStrings.php(40): Illuminate\\Foundation\\Http\\Middleware\\TransformsRequest->handle(Object(Illuminate\\Http\\Request), Object(Closure))
#40 C:\\Users\\Admin\\Desktop\\Sathish\\Projects\\LMS\\lms-backend\\vendor\\laravel\\framework\\src\\Illuminate\\Pipeline\\Pipeline.php(183): Illuminate\\Foundation\\Http\\Middleware\\TrimStrings->handle(Object(Illuminate\\Http\\Request), Object(Closure))
#41 C:\\Users\\Admin\\Desktop\\Sathish\\Projects\\LMS\\lms-backend\\vendor\\laravel\\framework\\src\\Illuminate\\Foundation\\Http\\Middleware\\ValidatePostSize.php(27): Illuminate\\Pipeline\\Pipeline->Illuminate\\Pipeline\\{closure}(Object(Illuminate\\Http\\Request))
#42 C:\\Users\\Admin\\Desktop\\Sathish\\Projects\\LMS\\lms-backend\\vendor\\laravel\\framework\\src\\Illuminate\\Pipeline\\Pipeline.php(183): Illuminate\\Foundation\\Http\\Middleware\\ValidatePostSize->handle(Object(Illuminate\\Http\\Request), Object(Closure))
#43 C:\\Users\\Admin\\Desktop\\Sathish\\Projects\\LMS\\lms-backend\\vendor\\laravel\\framework\\src\\Illuminate\\Foundation\\Http\\Middleware\\PreventRequestsDuringMaintenance.php(99): Illuminate\\Pipeline\\Pipeline->Illuminate\\Pipeline\\{closure}(Object(Illuminate\\Http\\Request))
#44 C:\\Users\\Admin\\Desktop\\Sathish\\Projects\\LMS\\lms-backend\\vendor\\laravel\\framework\\src\\Illuminate\\Pipeline\\Pipeline.php(183): Illuminate\\Foundation\\Http\\Middleware\\PreventRequestsDuringMaintenance->handle(Object(Illuminate\\Http\\Request), Object(Closure))
#45 C:\\Users\\Admin\\Desktop\\Sathish\\Projects\\LMS\\lms-backend\\vendor\\laravel\\framework\\src\\Illuminate\\Http\\Middleware\\HandleCors.php(62): Illuminate\\Pipeline\\Pipeline->Illuminate\\Pipeline\\{closure}(Object(Illuminate\\Http\\Request))
#46 C:\\Users\\Admin\\Desktop\\Sathish\\Projects\\LMS\\lms-backend\\vendor\\laravel\\framework\\src\\Illuminate\\Pipeline\\Pipeline.php(183): Illuminate\\Http\\Middleware\\HandleCors->handle(Object(Illuminate\\Http\\Request), Object(Closure))
#47 C:\\Users\\Admin\\Desktop\\Sathish\\Projects\\LMS\\lms-backend\\vendor\\laravel\\framework\\src\\Illuminate\\Http\\Middleware\\TrustProxies.php(39): Illuminate\\Pipeline\\Pipeline->Illuminate\\Pipeline\\{closure}(Object(Illuminate\\Http\\Request))
#48 C:\\Users\\Admin\\Desktop\\Sathish\\Projects\\LMS\\lms-backend\\vendor\\laravel\\framework\\src\\Illuminate\\Pipeline\\Pipeline.php(183): Illuminate\\Http\\Middleware\\TrustProxies->handle(Object(Illuminate\\Http\\Request), Object(Closure))
#49 C:\\Users\\Admin\\Desktop\\Sathish\\Projects\\LMS\\lms-backend\\vendor\\laravel\\framework\\src\\Illuminate\\Pipeline\\Pipeline.php(119): Illuminate\\Pipeline\\Pipeline->Illuminate\\Pipeline\\{closure}(Object(Illuminate\\Http\\Request))
#50 C:\\Users\\Admin\\Desktop\\Sathish\\Projects\\LMS\\lms-backend\\vendor\\laravel\\framework\\src\\Illuminate\\Foundation\\Http\\Kernel.php(175): Illuminate\\Pipeline\\Pipeline->then(Object(Closure))
#51 C:\\Users\\Admin\\Desktop\\Sathish\\Projects\\LMS\\lms-backend\\vendor\\laravel\\framework\\src\\Illuminate\\Foundation\\Http\\Kernel.php(144): Illuminate\\Foundation\\Http\\Kernel->sendRequestThroughRouter(Object(Illuminate\\Http\\Request))
#52 C:\\Users\\Admin\\Desktop\\Sathish\\Projects\\LMS\\lms-backend\\public\\index.php(7): Illuminate\\Foundation\\Http\\Kernel->handle(Object(Illuminate\\Http\\Request))
#53 C:\\Users\\Admin\\Desktop\\Sathish\\Projects\\LMS\\lms-backend\\vendor\\laravel\\framework\\src\\Illuminate\\Foundation\\resources\\server.php(16): require_once('C:\\\\Users\\\\Admin\\\\...')
#54 {main}

[previous exception] [object] (ReflectionException(code: -1): Class \"App\\Http\\Controllers\\Api\\Admin\\CoursesAdminController\" does not exist at C:\\Users\\Admin\\Desktop\\Sathish\\Projects\\LMS\\lms-backend\\vendor\\laravel\\framework\\src\\Illuminate\\Container\\Container.php:912)
[stacktrace]
#0 C:\\Users\\Admin\\Desktop\\Sathish\\Projects\\LMS\\lms-backend\\vendor\\laravel\\framework\\src\\Illuminate\\Container\\Container.php(912): ReflectionClass->__construct('App\\\\Http\\\\Contro...')
#1 C:\\Users\\Admin\\Desktop\\Sathish\\Projects\\LMS\\lms-backend\\vendor\\laravel\\framework\\src\\Illuminate\\Container\\Container.php(795): Illuminate\\Container\\Container->build('App\\\\Http\\\\Contro...')
#2 C:\\Users\\Admin\\Desktop\\Sathish\\Projects\\LMS\\lms-backend\\vendor\\laravel\\framework\\src\\Illuminate\\Foundation\\Application.php(986): Illuminate\\Container\\Container->resolve('App\\\\Http\\\\Contro...', Array, true)
#3 C:\\Users\\Admin\\Desktop\\Sathish\\Projects\\LMS\\lms-backend\\vendor\\laravel\\framework\\src\\Illuminate\\Container\\Container.php(731): Illuminate\\Foundation\\Application->resolve('App\\\\Http\\\\Contro...', Array)
#4 C:\\Users\\Admin\\Desktop\\Sathish\\Projects\\LMS\\lms-backend\\vendor\\laravel\\framework\\src\\Illuminate\\Foundation\\Application.php(971): Illuminate\\Container\\Container->make('App\\\\Http\\\\Contro...', Array)
#5 C:\\Users\\Admin\\Desktop\\Sathish\\Projects\\LMS\\lms-backend\\vendor\\laravel\\framework\\src\\Illuminate\\Routing\\Route.php(278): Illuminate\\Foundation\\Application->make('App\\\\Http\\\\Contro...')
#6 C:\\Users\\Admin\\Desktop\\Sathish\\Projects\\LMS\\lms-backend\\vendor\\laravel\\framework\\src\\Illuminate\\Routing\\Route.php(260): Illuminate\\Routing\\Route->getController()
#7 C:\\Users\\Admin\\Desktop\\Sathish\\Projects\\LMS\\lms-backend\\vendor\\laravel\\framework\\src\\Illuminate\\Routing\\Route.php(205): Illuminate\\Routing\\Route->runController()
#8 C:\\Users\\Admin\\Desktop\\Sathish\\Projects\\LMS\\lms-backend\\vendor\\laravel\\framework\\src\\Illuminate\\Routing\\Router.php(806): Illuminate\\Routing\\Route->run()
#9 C:\\Users\\Admin\\Desktop\\Sathish\\Projects\\LMS\\lms-backend\\vendor\\laravel\\framework\\src\\Illuminate\\Pipeline\\Pipeline.php(144): Illuminate\\Routing\\Router->Illuminate\\Routing\\{closure}(Object(Illuminate\\Http\\Request))
#10 C:\\Users\\Admin\\Desktop\\Sathish\\Projects\\LMS\\lms-backend\\app\\Http\\Middleware\\EnsureRole.php(17): Illuminate\\Pipeline\\Pipeline->Illuminate\\Pipeline\\{closure}(Object(Illuminate\\Http\\Request))
#11 C:\\Users\\Admin\\Desktop\\Sathish\\Projects\\LMS\\lms-backend\\vendor\\laravel\\framework\\src\\Illuminate\\Pipeline\\Pipeline.php(183): App\\Http\\Middleware\\EnsureRole->handle(Object(Illuminate\\Http\\Request), Object(Closure), 'admin')
#12 C:\\Users\\Admin\\Desktop\\Sathish\\Projects\\LMS\\lms-backend\\app\\Http\\Middleware\\ResolveTenant.php(56): Illuminate\\Pipeline\\Pipeline->Illuminate\\Pipeline\\{closure}(Object(Illuminate\\Http\\Request))
#13 C:\\Users\\Admin\\Desktop\\Sathish\\Projects\\LMS\\lms-backend\\vendor\\laravel\\framework\\src\\Illuminate\\Pipeline\\Pipeline.php(183): App\\Http\\Middleware\\ResolveTenant->handle(Object(Illuminate\\Http\\Request), Object(Closure))
#14 C:\\Users\\Admin\\Desktop\\Sathish\\Projects\\LMS\\lms-backend\\vendor\\laravel\\framework\\src\\Illuminate\\Routing\\Middleware\\SubstituteBindings.php(50): Illuminate\\Pipeline\\Pipeline->Illuminate\\Pipeline\\{closure}(Object(Illuminate\\Http\\Request))
#15 C:\\Users\\Admin\\Desktop\\Sathish\\Projects\\LMS\\lms-backend\\vendor\\laravel\\framework\\src\\Illuminate\\Pipeline\\Pipeline.php(183): Illuminate\\Routing\\Middleware\\SubstituteBindings->handle(Object(Illuminate\\Http\\Request), Object(Closure))
#16 C:\\Users\\Admin\\Desktop\\Sathish\\Projects\\LMS\\lms-backend\\vendor\\laravel\\framework\\src\\Illuminate\\Auth\\Middleware\\Authenticate.php(57): Illuminate\\Pipeline\\Pipeline->Illuminate\\Pipeline\\{closure}(Object(Illuminate\\Http\\Request))
#17 C:\\Users\\Admin\\Desktop\\Sathish\\Projects\\LMS\\lms-backend\\vendor\\laravel\\framework\\src\\Illuminate\\Pipeline\\Pipeline.php(183): Illuminate\\Auth\\Middleware\\Authenticate->handle(Object(Illuminate\\Http\\Request), Object(Closure))
#18 C:\\Users\\Admin\\Desktop\\Sathish\\Projects\\LMS\\lms-backend\\vendor\\laravel\\framework\\src\\Illuminate\\Foundation\\Http\\Middleware\\VerifyCsrfToken.php(78): Illuminate\\Pipeline\\Pipeline->Illuminate\\Pipeline\\{closure}(Object(Illuminate\\Http\\Request))
#19 C:\\Users\\Admin\\Desktop\\Sathish\\Projects\\LMS\\lms-backend\\vendor\\laravel\\framework\\src\\Illuminate\\Pipeline\\Pipeline.php(183): Illuminate\\Foundation\\Http\\Middleware\\VerifyCsrfToken->handle(Object(Illuminate\\Http\\Request), Object(Closure))
#20 C:\\Users\\Admin\\Desktop\\Sathish\\Projects\\LMS\\lms-backend\\vendor\\laravel\\framework\\src\\Illuminate\\View\\Middleware\\ShareErrorsFromSession.php(49): Illuminate\\Pipeline\\Pipeline->Illuminate\\Pipeline\\{closure}(Object(Illuminate\\Http\\Request))
#21 C:\\Users\\Admin\\Desktop\\Sathish\\Projects\\LMS\\lms-backend\\vendor\\laravel\\framework\\src\\Illuminate\\Pipeline\\Pipeline.php(183): Illuminate\\View\\Middleware\\ShareErrorsFromSession->handle(Object(Illuminate\\Http\\Request), Object(Closure))
#22 C:\\Users\\Admin\\Desktop\\Sathish\\Projects\\LMS\\lms-backend\\vendor\\laravel\\framework\\src\\Illuminate\\Session\\Middleware\\StartSession.php(121): Illuminate\\Pipeline\\Pipeline->Illuminate\\Pipeline\\{closure}(Object(Illuminate\\Http\\Request))
#23 C:\\Users\\Admin\\Desktop\\Sathish\\Projects\\LMS\\lms-backend\\vendor\\laravel\\framework\\src\\Illuminate\\Session\\Middleware\\StartSession.php(64): Illuminate\\Session\\Middleware\\StartSession->handleStatefulRequest(Object(Illuminate\\Http\\Request), Object(Illuminate\\Session\\Store), Object(Closure))
#24 C:\\Users\\Admin\\Desktop\\Sathish\\Projects\\LMS\\lms-backend\\vendor\\laravel\\framework\\src\\Illuminate\\Pipeline\\Pipeline.php(183): Illuminate\\Session\\Middleware\\StartSession->handle(Object(Illuminate\\Http\\Request), Object(Closure))
#25 C:\\Users\\Admin\\Desktop\\Sathish\\Projects\\LMS\\lms-backend\\vendor\\laravel\\framework\\src\\Illuminate\\Cookie\\Middleware\\AddQueuedCookiesToResponse.php(37): Illuminate\\Pipeline\\Pipeline->Illuminate\\Pipeline\\{closure}(Object(Illuminate\\Http\\Request))
#26 C:\\Users\\Admin\\Desktop\\Sathish\\Projects\\LMS\\lms-backend\\vendor\\laravel\\framework\\src\\Illuminate\\Pipeline\\Pipeline.php(183): Illuminate\\Cookie\\Middleware\\AddQueuedCookiesToResponse->handle(Object(Illuminate\\Http\\Request), Object(Closure))
#27 C:\\Users\\Admin\\Desktop\\Sathish\\Projects\\LMS\\lms-backend\\vendor\\laravel\\framework\\src\\Illuminate\\Cookie\\Middleware\\EncryptCookies.php(67): Illuminate\\Pipeline\\Pipeline->Illuminate\\Pipeline\\{closure}(Object(Illuminate\\Http\\Request))
#28 C:\\Users\\Admin\\Desktop\\Sathish\\Projects\\LMS\\lms-backend\\vendor\\laravel\\framework\\src\\Illuminate\\Pipeline\\Pipeline.php(183): Illuminate\\Cookie\\Middleware\\EncryptCookies->handle(Object(Illuminate\\Http\\Request), Object(Closure))
#29 C:\\Users\\Admin\\Desktop\\Sathish\\Projects\\LMS\\lms-backend\\vendor\\laravel\\framework\\src\\Illuminate\\Pipeline\\Pipeline.php(119): Illuminate\\Pipeline\\Pipeline->Illuminate\\Pipeline\\{closure}(Object(Illuminate\\Http\\Request))
#30 C:\\Users\\Admin\\Desktop\\Sathish\\Projects\\LMS\\lms-backend\\vendor\\laravel\\framework\\src\\Illuminate\\Routing\\Router.php(807): Illuminate\\Pipeline\\Pipeline->then(Object(Closure))
#31 C:\\Users\\Admin\\Desktop\\Sathish\\Projects\\LMS\\lms-backend\\vendor\\laravel\\framework\\src\\Illuminate\\Routing\\Router.php(784): Illuminate\\Routing\\Router->runRouteWithinStack(Object(Illuminate\\Routing\\Route), Object(Illuminate\\Http\\Request))
#32 C:\\Users\\Admin\\Desktop\\Sathish\\Projects\\LMS\\lms-backend\\vendor\\laravel\\framework\\src\\Illuminate\\Routing\\Router.php(748): Illuminate\\Routing\\Router->runRoute(Object(Illuminate\\Http\\Request), Object(Illuminate\\Routing\\Route))
#33 C:\\Users\\Admin\\Desktop\\Sathish\\Projects\\LMS\\lms-backend\\vendor\\laravel\\framework\\src\\Illuminate\\Routing\\Router.php(737): Illuminate\\Routing\\Router->dispatchToRoute(Object(Illuminate\\Http\\Request))
#34 C:\\Users\\Admin\\Desktop\\Sathish\\Projects\\LMS\\lms-backend\\vendor\\laravel\\framework\\src\\Illuminate\\Foundation\\Http\\Kernel.php(200): Illuminate\\Routing\\Router->dispatch(Object(Illuminate\\Http\\Request))
#35 C:\\Users\\Admin\\Desktop\\Sathish\\Projects\\LMS\\lms-backend\\vendor\\laravel\\framework\\src\\Illuminate\\Pipeline\\Pipeline.php(144): Illuminate\\Foundation\\Http\\Kernel->Illuminate\\Foundation\\Http\\{closure}(Object(Illuminate\\Http\\Request))
#36 C:\\Users\\Admin\\Desktop\\Sathish\\Projects\\LMS\\lms-backend\\vendor\\laravel\\framework\\src\\Illuminate\\Foundation\\Http\\Middleware\\TransformsRequest.php(21): Illuminate\\Pipeline\\Pipeline->Illuminate\\Pipeline\\{closure}(Object(Illuminate\\Http\\Request))
#37 C:\\Users\\Admin\\Desktop\\Sathish\\Projects\\LMS\\lms-backend\\vendor\\laravel\\framework\\src\\Illuminate\\Foundation\\Http\\Middleware\\ConvertEmptyStringsToNull.php(31): Illuminate\\Foundation\\Http\\Middleware\\TransformsRequest->handle(Object(Illuminate\\Http\\Request), Object(Closure))
#38 C:\\Users\\Admin\\Desktop\\Sathish\\Projects\\LMS\\lms-backend\\vendor\\laravel\\framework\\src\\Illuminate\\Pipeline\\Pipeline.php(183): Illuminate\\Foundation\\Http\\Middleware\\ConvertEmptyStringsToNull->handle(Object(Illuminate\\Http\\Request), Object(Closure))
#39 C:\\Users\\Admin\\Desktop\\Sathish\\Projects\\LMS\\lms-backend\\vendor\\laravel\\framework\\src\\Illuminate\\Foundation\\Http\\Middleware\\TransformsRequest.php(21): Illuminate\\Pipeline\\Pipeline->Illuminate\\Pipeline\\{closure}(Object(Illuminate\\Http\\Request))
#40 C:\\Users\\Admin\\Desktop\\Sathish\\Projects\\LMS\\lms-backend\\vendor\\laravel\\framework\\src\\Illuminate\\Foundation\\Http\\Middleware\\TrimStrings.php(40): Illuminate\\Foundation\\Http\\Middleware\\TransformsRequest->handle(Object(Illuminate\\Http\\Request), Object(Closure))
#41 C:\\Users\\Admin\\Desktop\\Sathish\\Projects\\LMS\\lms-backend\\vendor\\laravel\\framework\\src\\Illuminate\\Pipeline\\Pipeline.php(183): Illuminate\\Foundation\\Http\\Middleware\\TrimStrings->handle(Object(Illuminate\\Http\\Request), Object(Closure))
#42 C:\\Users\\Admin\\Desktop\\Sathish\\Projects\\LMS\\lms-backend\\vendor\\laravel\\framework\\src\\Illuminate\\Foundation\\Http\\Middleware\\ValidatePostSize.php(27): Illuminate\\Pipeline\\Pipeline->Illuminate\\Pipeline\\{closure}(Object(Illuminate\\Http\\Request))
#43 C:\\Users\\Admin\\Desktop\\Sathish\\Projects\\LMS\\lms-backend\\vendor\\laravel\\framework\\src\\Illuminate\\Pipeline\\Pipeline.php(183): Illuminate\\Foundation\\Http\\Middleware\\ValidatePostSize->handle(Object(Illuminate\\Http\\Request), Object(Closure))
#44 C:\\Users\\Admin\\Desktop\\Sathish\\Projects\\LMS\\lms-backend\\vendor\\laravel\\framework\\src\\Illuminate\\Foundation\\Http\\Middleware\\PreventRequestsDuringMaintenance.php(99): Illuminate\\Pipeline\\Pipeline->Illuminate\\Pipeline\\{closure}(Object(Illuminate\\Http\\Request))
#45 C:\\Users\\Admin\\Desktop\\Sathish\\Projects\\LMS\\lms-backend\\vendor\\laravel\\framework\\src\\Illuminate\\Pipeline\\Pipeline.php(183): Illuminate\\Foundation\\Http\\Middleware\\PreventRequestsDuringMaintenance->handle(Object(Illuminate\\Http\\Request), Object(Closure))
#46 C:\\Users\\Admin\\Desktop\\Sathish\\Projects\\LMS\\lms-backend\\vendor\\laravel\\framework\\src\\Illuminate\\Http\\Middleware\\HandleCors.php(62): Illuminate\\Pipeline\\Pipeline->Illuminate\\Pipeline\\{closure}(Object(Illuminate\\Http\\Request))
#47 C:\\Users\\Admin\\Desktop\\Sathish\\Projects\\LMS\\lms-backend\\vendor\\laravel\\framework\\src\\Illuminate\\Pipeline\\Pipeline.php(183): Illuminate\\Http\\Middleware\\HandleCors->handle(Object(Illuminate\\Http\\Request), Object(Closure))
#48 C:\\Users\\Admin\\Desktop\\Sathish\\Projects\\LMS\\lms-backend\\vendor\\laravel\\framework\\src\\Illuminate\\Http\\Middleware\\TrustProxies.php(39): Illuminate\\Pipeline\\Pipeline->Illuminate\\Pipeline\\{closure}(Object(Illuminate\\Http\\Request))
#49 C:\\Users\\Admin\\Desktop\\Sathish\\Projects\\LMS\\lms-backend\\vendor\\laravel\\framework\\src\\Illuminate\\Pipeline\\Pipeline.php(183): Illuminate\\Http\\Middleware\\TrustProxies->handle(Object(Illuminate\\Http\\Request), Object(Closure))
#50 C:\\Users\\Admin\\Desktop\\Sathish\\Projects\\LMS\\lms-backend\\vendor\\laravel\\framework\\src\\Illuminate\\Pipeline\\Pipeline.php(119): Illuminate\\Pipeline\\Pipeline->Illuminate\\Pipeline\\{closure}(Object(Illuminate\\Http\\Request))
#51 C:\\Users\\Admin\\Desktop\\Sathish\\Projects\\LMS\\lms-backend\\vendor\\laravel\\framework\\src\\Illuminate\\Foundation\\Http\\Kernel.php(175): Illuminate\\Pipeline\\Pipeline->then(Object(Closure))
#52 C:\\Users\\Admin\\Desktop\\Sathish\\Projects\\LMS\\lms-backend\\vendor\\laravel\\framework\\src\\Illuminate\\Foundation\\Http\\Kernel.php(144): Illuminate\\Foundation\\Http\\Kernel->sendRequestThroughRouter(Object(Illuminate\\Http\\Request))
#53 C:\\Users\\Admin\\Desktop\\Sathish\\Projects\\LMS\\lms-backend\\public\\index.php(7): Illuminate\\Foundation\\Http\\Kernel->handle(Object(Illuminate\\Http\\Request))
#54 C:\\Users\\Admin\\Desktop\\Sathish\\Projects\\LMS\\lms-backend\\vendor\\laravel\\framework\\src\\Illuminate\\Foundation\\resources\\server.php(16): require_once('C:\\\\Users\\\\Admin\\\\...')
#55 {main}
"} 
[2025-12-29 11:31:27] local.ERROR: Method App\Http\Controllers\Api\Admin\UsersAdminController::update does not exist. {"userId":1,"exception":"[object] (BadMethodCallException(code: 0): Method App\\Http\\Controllers\\Api\\Admin\\UsersAdminController::update does not exist. at C:\\Users\\Admin\\Desktop\\Sathish\\Projects\\LMS\\lms-backend\\vendor\\laravel\\framework\\src\\Illuminate\\Routing\\Controller.php:68)
[stacktrace]
#0 C:\\Users\\Admin\\Desktop\\Sathish\\Projects\\LMS\\lms-backend\\vendor\\laravel\\framework\\src\\Illuminate\\Routing\\Controller.php(54): Illuminate\\Routing\\Controller->__call('update', Array)
#1 C:\\Users\\Admin\\Desktop\\Sathish\\Projects\\LMS\\lms-backend\\vendor\\laravel\\framework\\src\\Illuminate\\Routing\\ControllerDispatcher.php(43): Illuminate\\Routing\\Controller->callAction('update', Array)
#2 C:\\Users\\Admin\\Desktop\\Sathish\\Projects\\LMS\\lms-backend\\vendor\\laravel\\framework\\src\\Illuminate\\Routing\\Route.php(260): Illuminate\\Routing\\ControllerDispatcher->dispatch(Object(Illuminate\\Routing\\Route), Object(App\\Http\\Controllers\\Api\\Admin\\UsersAdminController), 'update')
#3 C:\\Users\\Admin\\Desktop\\Sathish\\Projects\\LMS\\lms-backend\\vendor\\laravel\\framework\\src\\Illuminate\\Routing\\Route.php(205): Illuminate\\Routing\\Route->runController()
#4 C:\\Users\\Admin\\Desktop\\Sathish\\Projects\\LMS\\lms-backend\\vendor\\laravel\\framework\\src\\Illuminate\\Routing\\Router.php(806): Illuminate\\Routing\\Route->run()
#5 C:\\Users\\Admin\\Desktop\\Sathish\\Projects\\LMS\\lms-backend\\vendor\\laravel\\framework\\src\\Illuminate\\Pipeline\\Pipeline.php(144): Illuminate\\Routing\\Router->Illuminate\\Routing\\{closure}(Object(Illuminate\\Http\\Request))
#6 C:\\Users\\Admin\\Desktop\\Sathish\\Projects\\LMS\\lms-backend\\app\\Http\\Middleware\\EnsureRole.php(17): Illuminate\\Pipeline\\Pipeline->Illuminate\\Pipeline\\{closure}(Object(Illuminate\\Http\\Request))
#7 C:\\Users\\Admin\\Desktop\\Sathish\\Projects\\LMS\\lms-backend\\vendor\\laravel\\framework\\src\\Illuminate\\Pipeline\\Pipeline.php(183): App\\Http\\Middleware\\EnsureRole->handle(Object(Illuminate\\Http\\Request), Object(Closure), 'admin')
#8 C:\\Users\\Admin\\Desktop\\Sathish\\Projects\\LMS\\lms-backend\\app\\Http\\Middleware\\ResolveTenant.php(56): Illuminate\\Pipeline\\Pipeline->Illuminate\\Pipeline\\{closure}(Object(Illuminate\\Http\\Request))
#9 C:\\Users\\Admin\\Desktop\\Sathish\\Projects\\LMS\\lms-backend\\vendor\\laravel\\framework\\src\\Illuminate\\Pipeline\\Pipeline.php(183): App\\Http\\Middleware\\ResolveTenant->handle(Object(Illuminate\\Http\\Request), Object(Closure))
#10 C:\\Users\\Admin\\Desktop\\Sathish\\Projects\\LMS\\lms-backend\\vendor\\laravel\\framework\\src\\Illuminate\\Routing\\Middleware\\SubstituteBindings.php(50): Illuminate\\Pipeline\\Pipeline->Illuminate\\Pipeline\\{closure}(Object(Illuminate\\Http\\Request))
#11 C:\\Users\\Admin\\Desktop\\Sathish\\Projects\\LMS\\lms-backend\\vendor\\laravel\\framework\\src\\Illuminate\\Pipeline\\Pipeline.php(183): Illuminate\\Routing\\Middleware\\SubstituteBindings->handle(Object(Illuminate\\Http\\Request), Object(Closure))
#12 C:\\Users\\Admin\\Desktop\\Sathish\\Projects\\LMS\\lms-backend\\vendor\\laravel\\framework\\src\\Illuminate\\Auth\\Middleware\\Authenticate.php(57): Illuminate\\Pipeline\\Pipeline->Illuminate\\Pipeline\\{closure}(Object(Illuminate\\Http\\Request))
#13 C:\\Users\\Admin\\Desktop\\Sathish\\Projects\\LMS\\lms-backend\\vendor\\laravel\\framework\\src\\Illuminate\\Pipeline\\Pipeline.php(183): Illuminate\\Auth\\Middleware\\Authenticate->handle(Object(Illuminate\\Http\\Request), Object(Closure))
#14 C:\\Users\\Admin\\Desktop\\Sathish\\Projects\\LMS\\lms-backend\\vendor\\laravel\\framework\\src\\Illuminate\\Foundation\\Http\\Middleware\\VerifyCsrfToken.php(78): Illuminate\\Pipeline\\Pipeline->Illuminate\\Pipeline\\{closure}(Object(Illuminate\\Http\\Request))
#15 C:\\Users\\Admin\\Desktop\\Sathish\\Projects\\LMS\\lms-backend\\vendor\\laravel\\framework\\src\\Illuminate\\Pipeline\\Pipeline.php(183): Illuminate\\Foundation\\Http\\Middleware\\VerifyCsrfToken->handle(Object(Illuminate\\Http\\Request), Object(Closure))
#16 C:\\Users\\Admin\\Desktop\\Sathish\\Projects\\LMS\\lms-backend\\vendor\\laravel\\framework\\src\\Illuminate\\View\\Middleware\\ShareErrorsFromSession.php(49): Illuminate\\Pipeline\\Pipeline->Illuminate\\Pipeline\\{closure}(Object(Illuminate\\Http\\Request))
#17 C:\\Users\\Admin\\Desktop\\Sathish\\Projects\\LMS\\lms-backend\\vendor\\laravel\\framework\\src\\Illuminate\\Pipeline\\Pipeline.php(183): Illuminate\\View\\Middleware\\ShareErrorsFromSession->handle(Object(Illuminate\\Http\\Request), Object(Closure))
#18 C:\\Users\\Admin\\Desktop\\Sathish\\Projects\\LMS\\lms-backend\\vendor\\laravel\\framework\\src\\Illuminate\\Session\\Middleware\\StartSession.php(121): Illuminate\\Pipeline\\Pipeline->Illuminate\\Pipeline\\{closure}(Object(Illuminate\\Http\\Request))
#19 C:\\Users\\Admin\\Desktop\\Sathish\\Projects\\LMS\\lms-backend\\vendor\\laravel\\framework\\src\\Illuminate\\Session\\Middleware\\StartSession.php(64): Illuminate\\Session\\Middleware\\StartSession->handleStatefulRequest(Object(Illuminate\\Http\\Request), Object(Illuminate\\Session\\Store), Object(Closure))
#20 C:\\Users\\Admin\\Desktop\\Sathish\\Projects\\LMS\\lms-backend\\vendor\\laravel\\framework\\src\\Illuminate\\Pipeline\\Pipeline.php(183): Illuminate\\Session\\Middleware\\StartSession->handle(Object(Illuminate\\Http\\Request), Object(Closure))
#21 C:\\Users\\Admin\\Desktop\\Sathish\\Projects\\LMS\\lms-backend\\vendor\\laravel\\framework\\src\\Illuminate\\Cookie\\Middleware\\AddQueuedCookiesToResponse.php(37): Illuminate\\Pipeline\\Pipeline->Illuminate\\Pipeline\\{closure}(Object(Illuminate\\Http\\Request))
#22 C:\\Users\\Admin\\Desktop\\Sathish\\Projects\\LMS\\lms-backend\\vendor\\laravel\\framework\\src\\Illuminate\\Pipeline\\Pipeline.php(183): Illuminate\\Cookie\\Middleware\\AddQueuedCookiesToResponse->handle(Object(Illuminate\\Http\\Request), Object(Closure))
#23 C:\\Users\\Admin\\Desktop\\Sathish\\Projects\\LMS\\lms-backend\\vendor\\laravel\\framework\\src\\Illuminate\\Cookie\\Middleware\\EncryptCookies.php(67): Illuminate\\Pipeline\\Pipeline->Illuminate\\Pipeline\\{closure}(Object(Illuminate\\Http\\Request))
#24 C:\\Users\\Admin\\Desktop\\Sathish\\Projects\\LMS\\lms-backend\\vendor\\laravel\\framework\\src\\Illuminate\\Pipeline\\Pipeline.php(183): Illuminate\\Cookie\\Middleware\\EncryptCookies->handle(Object(Illuminate\\Http\\Request), Object(Closure))
#25 C:\\Users\\Admin\\Desktop\\Sathish\\Projects\\LMS\\lms-backend\\vendor\\laravel\\framework\\src\\Illuminate\\Pipeline\\Pipeline.php(119): Illuminate\\Pipeline\\Pipeline->Illuminate\\Pipeline\\{closure}(Object(Illuminate\\Http\\Request))
#26 C:\\Users\\Admin\\Desktop\\Sathish\\Projects\\LMS\\lms-backend\\vendor\\laravel\\framework\\src\\Illuminate\\Routing\\Router.php(807): Illuminate\\Pipeline\\Pipeline->then(Object(Closure))
#27 C:\\Users\\Admin\\Desktop\\Sathish\\Projects\\LMS\\lms-backend\\vendor\\laravel\\framework\\src\\Illuminate\\Routing\\Router.php(784): Illuminate\\Routing\\Router->runRouteWithinStack(Object(Illuminate\\Routing\\Route), Object(Illuminate\\Http\\Request))
#28 C:\\Users\\Admin\\Desktop\\Sathish\\Projects\\LMS\\lms-backend\\vendor\\laravel\\framework\\src\\Illuminate\\Routing\\Router.php(748): Illuminate\\Routing\\Router->runRoute(Object(Illuminate\\Http\\Request), Object(Illuminate\\Routing\\Route))
#29 C:\\Users\\Admin\\Desktop\\Sathish\\Projects\\LMS\\lms-backend\\vendor\\laravel\\framework\\src\\Illuminate\\Routing\\Router.php(737): Illuminate\\Routing\\Router->dispatchToRoute(Object(Illuminate\\Http\\Request))
#30 C:\\Users\\Admin\\Desktop\\Sathish\\Projects\\LMS\\lms-backend\\vendor\\laravel\\framework\\src\\Illuminate\\Foundation\\Http\\Kernel.php(200): Illuminate\\Routing\\Router->dispatch(Object(Illuminate\\Http\\Request))
#31 C:\\Users\\Admin\\Desktop\\Sathish\\Projects\\LMS\\lms-backend\\vendor\\laravel\\framework\\src\\Illuminate\\Pipeline\\Pipeline.php(144): Illuminate\\Foundation\\Http\\Kernel->Illuminate\\Foundation\\Http\\{closure}(Object(Illuminate\\Http\\Request))
#32 C:\\Users\\Admin\\Desktop\\Sathish\\Projects\\LMS\\lms-backend\\vendor\\laravel\\framework\\src\\Illuminate\\Foundation\\Http\\Middleware\\TransformsRequest.php(21): Illuminate\\Pipeline\\Pipeline->Illuminate\\Pipeline\\{closure}(Object(Illuminate\\Http\\Request))
#33 C:\\Users\\Admin\\Desktop\\Sathish\\Projects\\LMS\\lms-backend\\vendor\\laravel\\framework\\src\\Illuminate\\Foundation\\Http\\Middleware\\ConvertEmptyStringsToNull.php(31): Illuminate\\Foundation\\Http\\Middleware\\TransformsRequest->handle(Object(Illuminate\\Http\\Request), Object(Closure))
#34 C:\\Users\\Admin\\Desktop\\Sathish\\Projects\\LMS\\lms-backend\\vendor\\laravel\\framework\\src\\Illuminate\\Pipeline\\Pipeline.php(183): Illuminate\\Foundation\\Http\\Middleware\\ConvertEmptyStringsToNull->handle(Object(Illuminate\\Http\\Request), Object(Closure))
#35 C:\\Users\\Admin\\Desktop\\Sathish\\Projects\\LMS\\lms-backend\\vendor\\laravel\\framework\\src\\Illuminate\\Foundation\\Http\\Middleware\\TransformsRequest.php(21): Illuminate\\Pipeline\\Pipeline->Illuminate\\Pipeline\\{closure}(Object(Illuminate\\Http\\Request))
#36 C:\\Users\\Admin\\Desktop\\Sathish\\Projects\\LMS\\lms-backend\\vendor\\laravel\\framework\\src\\Illuminate\\Foundation\\Http\\Middleware\\TrimStrings.php(40): Illuminate\\Foundation\\Http\\Middleware\\TransformsRequest->handle(Object(Illuminate\\Http\\Request), Object(Closure))
#37 C:\\Users\\Admin\\Desktop\\Sathish\\Projects\\LMS\\lms-backend\\vendor\\laravel\\framework\\src\\Illuminate\\Pipeline\\Pipeline.php(183): Illuminate\\Foundation\\Http\\Middleware\\TrimStrings->handle(Object(Illuminate\\Http\\Request), Object(Closure))
#38 C:\\Users\\Admin\\Desktop\\Sathish\\Projects\\LMS\\lms-backend\\vendor\\laravel\\framework\\src\\Illuminate\\Foundation\\Http\\Middleware\\ValidatePostSize.php(27): Illuminate\\Pipeline\\Pipeline->Illuminate\\Pipeline\\{closure}(Object(Illuminate\\Http\\Request))
#39 C:\\Users\\Admin\\Desktop\\Sathish\\Projects\\LMS\\lms-backend\\vendor\\laravel\\framework\\src\\Illuminate\\Pipeline\\Pipeline.php(183): Illuminate\\Foundation\\Http\\Middleware\\ValidatePostSize->handle(Object(Illuminate\\Http\\Request), Object(Closure))
#40 C:\\Users\\Admin\\Desktop\\Sathish\\Projects\\LMS\\lms-backend\\vendor\\laravel\\framework\\src\\Illuminate\\Foundation\\Http\\Middleware\\PreventRequestsDuringMaintenance.php(99): Illuminate\\Pipeline\\Pipeline->Illuminate\\Pipeline\\{closure}(Object(Illuminate\\Http\\Request))
#41 C:\\Users\\Admin\\Desktop\\Sathish\\Projects\\LMS\\lms-backend\\vendor\\laravel\\framework\\src\\Illuminate\\Pipeline\\Pipeline.php(183): Illuminate\\Foundation\\Http\\Middleware\\PreventRequestsDuringMaintenance->handle(Object(Illuminate\\Http\\Request), Object(Closure))
#42 C:\\Users\\Admin\\Desktop\\Sathish\\Projects\\LMS\\lms-backend\\vendor\\laravel\\framework\\src\\Illuminate\\Http\\Middleware\\HandleCors.php(62): Illuminate\\Pipeline\\Pipeline->Illuminate\\Pipeline\\{closure}(Object(Illuminate\\Http\\Request))
#43 C:\\Users\\Admin\\Desktop\\Sathish\\Projects\\LMS\\lms-backend\\vendor\\laravel\\framework\\src\\Illuminate\\Pipeline\\Pipeline.php(183): Illuminate\\Http\\Middleware\\HandleCors->handle(Object(Illuminate\\Http\\Request), Object(Closure))
#44 C:\\Users\\Admin\\Desktop\\Sathish\\Projects\\LMS\\lms-backend\\vendor\\laravel\\framework\\src\\Illuminate\\Http\\Middleware\\TrustProxies.php(39): Illuminate\\Pipeline\\Pipeline->Illuminate\\Pipeline\\{closure}(Object(Illuminate\\Http\\Request))
#45 C:\\Users\\Admin\\Desktop\\Sathish\\Projects\\LMS\\lms-backend\\vendor\\laravel\\framework\\src\\Illuminate\\Pipeline\\Pipeline.php(183): Illuminate\\Http\\Middleware\\TrustProxies->handle(Object(Illuminate\\Http\\Request), Object(Closure))
#46 C:\\Users\\Admin\\Desktop\\Sathish\\Projects\\LMS\\lms-backend\\vendor\\laravel\\framework\\src\\Illuminate\\Pipeline\\Pipeline.php(119): Illuminate\\Pipeline\\Pipeline->Illuminate\\Pipeline\\{closure}(Object(Illuminate\\Http\\Request))
#47 C:\\Users\\Admin\\Desktop\\Sathish\\Projects\\LMS\\lms-backend\\vendor\\laravel\\framework\\src\\Illuminate\\Foundation\\Http\\Kernel.php(175): Illuminate\\Pipeline\\Pipeline->then(Object(Closure))
#48 C:\\Users\\Admin\\Desktop\\Sathish\\Projects\\LMS\\lms-backend\\vendor\\laravel\\framework\\src\\Illuminate\\Foundation\\Http\\Kernel.php(144): Illuminate\\Foundation\\Http\\Kernel->sendRequestThroughRouter(Object(Illuminate\\Http\\Request))
#49 C:\\Users\\Admin\\Desktop\\Sathish\\Projects\\LMS\\lms-backend\\public\\index.php(7): Illuminate\\Foundation\\Http\\Kernel->handle(Object(Illuminate\\Http\\Request))
#50 C:\\Users\\Admin\\Desktop\\Sathish\\Projects\\LMS\\lms-backend\\vendor\\laravel\\framework\\src\\Illuminate\\Foundation\\resources\\server.php(16): require_once('C:\\\\Users\\\\Admin\\\\...')
#51 {main}
"} 
[2025-12-29 11:31:28] local.ERROR: Method App\Http\Controllers\Api\Admin\UsersAdminController::update does not exist. {"userId":1,"exception":"[object] (BadMethodCallException(code: 0): Method App\\Http\\Controllers\\Api\\Admin\\UsersAdminController::update does not exist. at C:\\Users\\Admin\\Desktop\\Sathish\\Projects\\LMS\\lms-backend\\vendor\\laravel\\framework\\src\\Illuminate\\Routing\\Controller.php:68)
[stacktrace]
#0 C:\\Users\\Admin\\Desktop\\Sathish\\Projects\\LMS\\lms-backend\\vendor\\laravel\\framework\\src\\Illuminate\\Routing\\Controller.php(54): Illuminate\\Routing\\Controller->__call('update', Array)
#1 C:\\Users\\Admin\\Desktop\\Sathish\\Projects\\LMS\\lms-backend\\vendor\\laravel\\framework\\src\\Illuminate\\Routing\\ControllerDispatcher.php(43): Illuminate\\Routing\\Controller->callAction('update', Array)
#2 C:\\Users\\Admin\\Desktop\\Sathish\\Projects\\LMS\\lms-backend\\vendor\\laravel\\framework\\src\\Illuminate\\Routing\\Route.php(260): Illuminate\\Routing\\ControllerDispatcher->dispatch(Object(Illuminate\\Routing\\Route), Object(App\\Http\\Controllers\\Api\\Admin\\UsersAdminController), 'update')
#3 C:\\Users\\Admin\\Desktop\\Sathish\\Projects\\LMS\\lms-backend\\vendor\\laravel\\framework\\src\\Illuminate\\Routing\\Route.php(205): Illuminate\\Routing\\Route->runController()
#4 C:\\Users\\Admin\\Desktop\\Sathish\\Projects\\LMS\\lms-backend\\vendor\\laravel\\framework\\src\\Illuminate\\Routing\\Router.php(806): Illuminate\\Routing\\Route->run()
#5 C:\\Users\\Admin\\Desktop\\Sathish\\Projects\\LMS\\lms-backend\\vendor\\laravel\\framework\\src\\Illuminate\\Pipeline\\Pipeline.php(144): Illuminate\\Routing\\Router->Illuminate\\Routing\\{closure}(Object(Illuminate\\Http\\Request))
#6 C:\\Users\\Admin\\Desktop\\Sathish\\Projects\\LMS\\lms-backend\\app\\Http\\Middleware\\EnsureRole.php(17): Illuminate\\Pipeline\\Pipeline->Illuminate\\Pipeline\\{closure}(Object(Illuminate\\Http\\Request))
#7 C:\\Users\\Admin\\Desktop\\Sathish\\Projects\\LMS\\lms-backend\\vendor\\laravel\\framework\\src\\Illuminate\\Pipeline\\Pipeline.php(183): App\\Http\\Middleware\\EnsureRole->handle(Object(Illuminate\\Http\\Request), Object(Closure), 'admin')
#8 C:\\Users\\Admin\\Desktop\\Sathish\\Projects\\LMS\\lms-backend\\app\\Http\\Middleware\\ResolveTenant.php(56): Illuminate\\Pipeline\\Pipeline->Illuminate\\Pipeline\\{closure}(Object(Illuminate\\Http\\Request))
#9 C:\\Users\\Admin\\Desktop\\Sathish\\Projects\\LMS\\lms-backend\\vendor\\laravel\\framework\\src\\Illuminate\\Pipeline\\Pipeline.php(183): App\\Http\\Middleware\\ResolveTenant->handle(Object(Illuminate\\Http\\Request), Object(Closure))
#10 C:\\Users\\Admin\\Desktop\\Sathish\\Projects\\LMS\\lms-backend\\vendor\\laravel\\framework\\src\\Illuminate\\Routing\\Middleware\\SubstituteBindings.php(50): Illuminate\\Pipeline\\Pipeline->Illuminate\\Pipeline\\{closure}(Object(Illuminate\\Http\\Request))
#11 C:\\Users\\Admin\\Desktop\\Sathish\\Projects\\LMS\\lms-backend\\vendor\\laravel\\framework\\src\\Illuminate\\Pipeline\\Pipeline.php(183): Illuminate\\Routing\\Middleware\\SubstituteBindings->handle(Object(Illuminate\\Http\\Request), Object(Closure))
#12 C:\\Users\\Admin\\Desktop\\Sathish\\Projects\\LMS\\lms-backend\\vendor\\laravel\\framework\\src\\Illuminate\\Auth\\Middleware\\Authenticate.php(57): Illuminate\\Pipeline\\Pipeline->Illuminate\\Pipeline\\{closure}(Object(Illuminate\\Http\\Request))
#13 C:\\Users\\Admin\\Desktop\\Sathish\\Projects\\LMS\\lms-backend\\vendor\\laravel\\framework\\src\\Illuminate\\Pipeline\\Pipeline.php(183): Illuminate\\Auth\\Middleware\\Authenticate->handle(Object(Illuminate\\Http\\Request), Object(Closure))
#14 C:\\Users\\Admin\\Desktop\\Sathish\\Projects\\LMS\\lms-backend\\vendor\\laravel\\framework\\src\\Illuminate\\Foundation\\Http\\Middleware\\VerifyCsrfToken.php(78): Illuminate\\Pipeline\\Pipeline->Illuminate\\Pipeline\\{closure}(Object(Illuminate\\Http\\Request))
#15 C:\\Users\\Admin\\Desktop\\Sathish\\Projects\\LMS\\lms-backend\\vendor\\laravel\\framework\\src\\Illuminate\\Pipeline\\Pipeline.php(183): Illuminate\\Foundation\\Http\\Middleware\\VerifyCsrfToken->handle(Object(Illuminate\\Http\\Request), Object(Closure))
#16 C:\\Users\\Admin\\Desktop\\Sathish\\Projects\\LMS\\lms-backend\\vendor\\laravel\\framework\\src\\Illuminate\\View\\Middleware\\ShareErrorsFromSession.php(49): Illuminate\\Pipeline\\Pipeline->Illuminate\\Pipeline\\{closure}(Object(Illuminate\\Http\\Request))
#17 C:\\Users\\Admin\\Desktop\\Sathish\\Projects\\LMS\\lms-backend\\vendor\\laravel\\framework\\src\\Illuminate\\Pipeline\\Pipeline.php(183): Illuminate\\View\\Middleware\\ShareErrorsFromSession->handle(Object(Illuminate\\Http\\Request), Object(Closure))
#18 C:\\Users\\Admin\\Desktop\\Sathish\\Projects\\LMS\\lms-backend\\vendor\\laravel\\framework\\src\\Illuminate\\Session\\Middleware\\StartSession.php(121): Illuminate\\Pipeline\\Pipeline->Illuminate\\Pipeline\\{closure}(Object(Illuminate\\Http\\Request))
#19 C:\\Users\\Admin\\Desktop\\Sathish\\Projects\\LMS\\lms-backend\\vendor\\laravel\\framework\\src\\Illuminate\\Session\\Middleware\\StartSession.php(64): Illuminate\\Session\\Middleware\\StartSession->handleStatefulRequest(Object(Illuminate\\Http\\Request), Object(Illuminate\\Session\\Store), Object(Closure))
#20 C:\\Users\\Admin\\Desktop\\Sathish\\Projects\\LMS\\lms-backend\\vendor\\laravel\\framework\\src\\Illuminate\\Pipeline\\Pipeline.php(183): Illuminate\\Session\\Middleware\\StartSession->handle(Object(Illuminate\\Http\\Request), Object(Closure))
#21 C:\\Users\\Admin\\Desktop\\Sathish\\Projects\\LMS\\lms-backend\\vendor\\laravel\\framework\\src\\Illuminate\\Cookie\\Middleware\\AddQueuedCookiesToResponse.php(37): Illuminate\\Pipeline\\Pipeline->Illuminate\\Pipeline\\{closure}(Object(Illuminate\\Http\\Request))
#22 C:\\Users\\Admin\\Desktop\\Sathish\\Projects\\LMS\\lms-backend\\vendor\\laravel\\framework\\src\\Illuminate\\Pipeline\\Pipeline.php(183): Illuminate\\Cookie\\Middleware\\AddQueuedCookiesToResponse->handle(Object(Illuminate\\Http\\Request), Object(Closure))
#23 C:\\Users\\Admin\\Desktop\\Sathish\\Projects\\LMS\\lms-backend\\vendor\\laravel\\framework\\src\\Illuminate\\Cookie\\Middleware\\EncryptCookies.php(67): Illuminate\\Pipeline\\Pipeline->Illuminate\\Pipeline\\{closure}(Object(Illuminate\\Http\\Request))
#24 C:\\Users\\Admin\\Desktop\\Sathish\\Projects\\LMS\\lms-backend\\vendor\\laravel\\framework\\src\\Illuminate\\Pipeline\\Pipeline.php(183): Illuminate\\Cookie\\Middleware\\EncryptCookies->handle(Object(Illuminate\\Http\\Request), Object(Closure))
#25 C:\\Users\\Admin\\Desktop\\Sathish\\Projects\\LMS\\lms-backend\\vendor\\laravel\\framework\\src\\Illuminate\\Pipeline\\Pipeline.php(119): Illuminate\\Pipeline\\Pipeline->Illuminate\\Pipeline\\{closure}(Object(Illuminate\\Http\\Request))
#26 C:\\Users\\Admin\\Desktop\\Sathish\\Projects\\LMS\\lms-backend\\vendor\\laravel\\framework\\src\\Illuminate\\Routing\\Router.php(807): Illuminate\\Pipeline\\Pipeline->then(Object(Closure))
#27 C:\\Users\\Admin\\Desktop\\Sathish\\Projects\\LMS\\lms-backend\\vendor\\laravel\\framework\\src\\Illuminate\\Routing\\Router.php(784): Illuminate\\Routing\\Router->runRouteWithinStack(Object(Illuminate\\Routing\\Route), Object(Illuminate\\Http\\Request))
#28 C:\\Users\\Admin\\Desktop\\Sathish\\Projects\\LMS\\lms-backend\\vendor\\laravel\\framework\\src\\Illuminate\\Routing\\Router.php(748): Illuminate\\Routing\\Router->runRoute(Object(Illuminate\\Http\\Request), Object(Illuminate\\Routing\\Route))
#29 C:\\Users\\Admin\\Desktop\\Sathish\\Projects\\LMS\\lms-backend\\vendor\\laravel\\framework\\src\\Illuminate\\Routing\\Router.php(737): Illuminate\\Routing\\Router->dispatchToRoute(Object(Illuminate\\Http\\Request))
#30 C:\\Users\\Admin\\Desktop\\Sathish\\Projects\\LMS\\lms-backend\\vendor\\laravel\\framework\\src\\Illuminate\\Foundation\\Http\\Kernel.php(200): Illuminate\\Routing\\Router->dispatch(Object(Illuminate\\Http\\Request))
#31 C:\\Users\\Admin\\Desktop\\Sathish\\Projects\\LMS\\lms-backend\\vendor\\laravel\\framework\\src\\Illuminate\\Pipeline\\Pipeline.php(144): Illuminate\\Foundation\\Http\\Kernel->Illuminate\\Foundation\\Http\\{closure}(Object(Illuminate\\Http\\Request))
#32 C:\\Users\\Admin\\Desktop\\Sathish\\Projects\\LMS\\lms-backend\\vendor\\laravel\\framework\\src\\Illuminate\\Foundation\\Http\\Middleware\\TransformsRequest.php(21): Illuminate\\Pipeline\\Pipeline->Illuminate\\Pipeline\\{closure}(Object(Illuminate\\Http\\Request))
#33 C:\\Users\\Admin\\Desktop\\Sathish\\Projects\\LMS\\lms-backend\\vendor\\laravel\\framework\\src\\Illuminate\\Foundation\\Http\\Middleware\\ConvertEmptyStringsToNull.php(31): Illuminate\\Foundation\\Http\\Middleware\\TransformsRequest->handle(Object(Illuminate\\Http\\Request), Object(Closure))
#34 C:\\Users\\Admin\\Desktop\\Sathish\\Projects\\LMS\\lms-backend\\vendor\\laravel\\framework\\src\\Illuminate\\Pipeline\\Pipeline.php(183): Illuminate\\Foundation\\Http\\Middleware\\ConvertEmptyStringsToNull->handle(Object(Illuminate\\Http\\Request), Object(Closure))
#35 C:\\Users\\Admin\\Desktop\\Sathish\\Projects\\LMS\\lms-backend\\vendor\\laravel\\framework\\src\\Illuminate\\Foundation\\Http\\Middleware\\TransformsRequest.php(21): Illuminate\\Pipeline\\Pipeline->Illuminate\\Pipeline\\{closure}(Object(Illuminate\\Http\\Request))
#36 C:\\Users\\Admin\\Desktop\\Sathish\\Projects\\LMS\\lms-backend\\vendor\\laravel\\framework\\src\\Illuminate\\Foundation\\Http\\Middleware\\TrimStrings.php(40): Illuminate\\Foundation\\Http\\Middleware\\TransformsRequest->handle(Object(Illuminate\\Http\\Request), Object(Closure))
#37 C:\\Users\\Admin\\Desktop\\Sathish\\Projects\\LMS\\lms-backend\\vendor\\laravel\\framework\\src\\Illuminate\\Pipeline\\Pipeline.php(183): Illuminate\\Foundation\\Http\\Middleware\\TrimStrings->handle(Object(Illuminate\\Http\\Request), Object(Closure))
#38 C:\\Users\\Admin\\Desktop\\Sathish\\Projects\\LMS\\lms-backend\\vendor\\laravel\\framework\\src\\Illuminate\\Foundation\\Http\\Middleware\\ValidatePostSize.php(27): Illuminate\\Pipeline\\Pipeline->Illuminate\\Pipeline\\{closure}(Object(Illuminate\\Http\\Request))
#39 C:\\Users\\Admin\\Desktop\\Sathish\\Projects\\LMS\\lms-backend\\vendor\\laravel\\framework\\src\\Illuminate\\Pipeline\\Pipeline.php(183): Illuminate\\Foundation\\Http\\Middleware\\ValidatePostSize->handle(Object(Illuminate\\Http\\Request), Object(Closure))
#40 C:\\Users\\Admin\\Desktop\\Sathish\\Projects\\LMS\\lms-backend\\vendor\\laravel\\framework\\src\\Illuminate\\Foundation\\Http\\Middleware\\PreventRequestsDuringMaintenance.php(99): Illuminate\\Pipeline\\Pipeline->Illuminate\\Pipeline\\{closure}(Object(Illuminate\\Http\\Request))
#41 C:\\Users\\Admin\\Desktop\\Sathish\\Projects\\LMS\\lms-backend\\vendor\\laravel\\framework\\src\\Illuminate\\Pipeline\\Pipeline.php(183): Illuminate\\Foundation\\Http\\Middleware\\PreventRequestsDuringMaintenance->handle(Object(Illuminate\\Http\\Request), Object(Closure))
#42 C:\\Users\\Admin\\Desktop\\Sathish\\Projects\\LMS\\lms-backend\\vendor\\laravel\\framework\\src\\Illuminate\\Http\\Middleware\\HandleCors.php(62): Illuminate\\Pipeline\\Pipeline->Illuminate\\Pipeline\\{closure}(Object(Illuminate\\Http\\Request))
#43 C:\\Users\\Admin\\Desktop\\Sathish\\Projects\\LMS\\lms-backend\\vendor\\laravel\\framework\\src\\Illuminate\\Pipeline\\Pipeline.php(183): Illuminate\\Http\\Middleware\\HandleCors->handle(Object(Illuminate\\Http\\Request), Object(Closure))
#44 C:\\Users\\Admin\\Desktop\\Sathish\\Projects\\LMS\\lms-backend\\vendor\\laravel\\framework\\src\\Illuminate\\Http\\Middleware\\TrustProxies.php(39): Illuminate\\Pipeline\\Pipeline->Illuminate\\Pipeline\\{closure}(Object(Illuminate\\Http\\Request))
#45 C:\\Users\\Admin\\Desktop\\Sathish\\Projects\\LMS\\lms-backend\\vendor\\laravel\\framework\\src\\Illuminate\\Pipeline\\Pipeline.php(183): Illuminate\\Http\\Middleware\\TrustProxies->handle(Object(Illuminate\\Http\\Request), Object(Closure))
#46 C:\\Users\\Admin\\Desktop\\Sathish\\Projects\\LMS\\lms-backend\\vendor\\laravel\\framework\\src\\Illuminate\\Pipeline\\Pipeline.php(119): Illuminate\\Pipeline\\Pipeline->Illuminate\\Pipeline\\{closure}(Object(Illuminate\\Http\\Request))
#47 C:\\Users\\Admin\\Desktop\\Sathish\\Projects\\LMS\\lms-backend\\vendor\\laravel\\framework\\src\\Illuminate\\Foundation\\Http\\Kernel.php(175): Illuminate\\Pipeline\\Pipeline->then(Object(Closure))
#48 C:\\Users\\Admin\\Desktop\\Sathish\\Projects\\LMS\\lms-backend\\vendor\\laravel\\framework\\src\\Illuminate\\Foundation\\Http\\Kernel.php(144): Illuminate\\Foundation\\Http\\Kernel->sendRequestThroughRouter(Object(Illuminate\\Http\\Request))
#49 C:\\Users\\Admin\\Desktop\\Sathish\\Projects\\LMS\\lms-backend\\public\\index.php(7): Illuminate\\Foundation\\Http\\Kernel->handle(Object(Illuminate\\Http\\Request))
#50 C:\\Users\\Admin\\Desktop\\Sathish\\Projects\\LMS\\lms-backend\\vendor\\laravel\\framework\\src\\Illuminate\\Foundation\\resources\\server.php(16): require_once('C:\\\\Users\\\\Admin\\\\...')
#51 {main}
"} 
[2025-12-29 11:32:02] local.ERROR: Method App\Http\Controllers\Api\Admin\UsersAdminController::store does not exist. {"userId":1,"exception":"[object] (BadMethodCallException(code: 0): Method App\\Http\\Controllers\\Api\\Admin\\UsersAdminController::store does not exist. at C:\\Users\\Admin\\Desktop\\Sathish\\Projects\\LMS\\lms-backend\\vendor\\laravel\\framework\\src\\Illuminate\\Routing\\Controller.php:68)
[stacktrace]
#0 C:\\Users\\Admin\\Desktop\\Sathish\\Projects\\LMS\\lms-backend\\vendor\\laravel\\framework\\src\\Illuminate\\Routing\\Controller.php(54): Illuminate\\Routing\\Controller->__call('store', Array)
#1 C:\\Users\\Admin\\Desktop\\Sathish\\Projects\\LMS\\lms-backend\\vendor\\laravel\\framework\\src\\Illuminate\\Routing\\ControllerDispatcher.php(43): Illuminate\\Routing\\Controller->callAction('store', Array)
#2 C:\\Users\\Admin\\Desktop\\Sathish\\Projects\\LMS\\lms-backend\\vendor\\laravel\\framework\\src\\Illuminate\\Routing\\Route.php(260): Illuminate\\Routing\\ControllerDispatcher->dispatch(Object(Illuminate\\Routing\\Route), Object(App\\Http\\Controllers\\Api\\Admin\\UsersAdminController), 'store')
#3 C:\\Users\\Admin\\Desktop\\Sathish\\Projects\\LMS\\lms-backend\\vendor\\laravel\\framework\\src\\Illuminate\\Routing\\Route.php(205): Illuminate\\Routing\\Route->runController()
#4 C:\\Users\\Admin\\Desktop\\Sathish\\Projects\\LMS\\lms-backend\\vendor\\laravel\\framework\\src\\Illuminate\\Routing\\Router.php(806): Illuminate\\Routing\\Route->run()
#5 C:\\Users\\Admin\\Desktop\\Sathish\\Projects\\LMS\\lms-backend\\vendor\\laravel\\framework\\src\\Illuminate\\Pipeline\\Pipeline.php(144): Illuminate\\Routing\\Router->Illuminate\\Routing\\{closure}(Object(Illuminate\\Http\\Request))
#6 C:\\Users\\Admin\\Desktop\\Sathish\\Projects\\LMS\\lms-backend\\app\\Http\\Middleware\\EnsureRole.php(17): Illuminate\\Pipeline\\Pipeline->Illuminate\\Pipeline\\{closure}(Object(Illuminate\\Http\\Request))
#7 C:\\Users\\Admin\\Desktop\\Sathish\\Projects\\LMS\\lms-backend\\vendor\\laravel\\framework\\src\\Illuminate\\Pipeline\\Pipeline.php(183): App\\Http\\Middleware\\EnsureRole->handle(Object(Illuminate\\Http\\Request), Object(Closure), 'admin')
#8 C:\\Users\\Admin\\Desktop\\Sathish\\Projects\\LMS\\lms-backend\\app\\Http\\Middleware\\ResolveTenant.php(56): Illuminate\\Pipeline\\Pipeline->Illuminate\\Pipeline\\{closure}(Object(Illuminate\\Http\\Request))
#9 C:\\Users\\Admin\\Desktop\\Sathish\\Projects\\LMS\\lms-backend\\vendor\\laravel\\framework\\src\\Illuminate\\Pipeline\\Pipeline.php(183): App\\Http\\Middleware\\ResolveTenant->handle(Object(Illuminate\\Http\\Request), Object(Closure))
#10 C:\\Users\\Admin\\Desktop\\Sathish\\Projects\\LMS\\lms-backend\\vendor\\laravel\\framework\\src\\Illuminate\\Routing\\Middleware\\SubstituteBindings.php(50): Illuminate\\Pipeline\\Pipeline->Illuminate\\Pipeline\\{closure}(Object(Illuminate\\Http\\Request))
#11 C:\\Users\\Admin\\Desktop\\Sathish\\Projects\\LMS\\lms-backend\\vendor\\laravel\\framework\\src\\Illuminate\\Pipeline\\Pipeline.php(183): Illuminate\\Routing\\Middleware\\SubstituteBindings->handle(Object(Illuminate\\Http\\Request), Object(Closure))
#12 C:\\Users\\Admin\\Desktop\\Sathish\\Projects\\LMS\\lms-backend\\vendor\\laravel\\framework\\src\\Illuminate\\Auth\\Middleware\\Authenticate.php(57): Illuminate\\Pipeline\\Pipeline->Illuminate\\Pipeline\\{closure}(Object(Illuminate\\Http\\Request))
#13 C:\\Users\\Admin\\Desktop\\Sathish\\Projects\\LMS\\lms-backend\\vendor\\laravel\\framework\\src\\Illuminate\\Pipeline\\Pipeline.php(183): Illuminate\\Auth\\Middleware\\Authenticate->handle(Object(Illuminate\\Http\\Request), Object(Closure))
#14 C:\\Users\\Admin\\Desktop\\Sathish\\Projects\\LMS\\lms-backend\\vendor\\laravel\\framework\\src\\Illuminate\\Foundation\\Http\\Middleware\\VerifyCsrfToken.php(78): Illuminate\\Pipeline\\Pipeline->Illuminate\\Pipeline\\{closure}(Object(Illuminate\\Http\\Request))
#15 C:\\Users\\Admin\\Desktop\\Sathish\\Projects\\LMS\\lms-backend\\vendor\\laravel\\framework\\src\\Illuminate\\Pipeline\\Pipeline.php(183): Illuminate\\Foundation\\Http\\Middleware\\VerifyCsrfToken->handle(Object(Illuminate\\Http\\Request), Object(Closure))
#16 C:\\Users\\Admin\\Desktop\\Sathish\\Projects\\LMS\\lms-backend\\vendor\\laravel\\framework\\src\\Illuminate\\View\\Middleware\\ShareErrorsFromSession.php(49): Illuminate\\Pipeline\\Pipeline->Illuminate\\Pipeline\\{closure}(Object(Illuminate\\Http\\Request))
#17 C:\\Users\\Admin\\Desktop\\Sathish\\Projects\\LMS\\lms-backend\\vendor\\laravel\\framework\\src\\Illuminate\\Pipeline\\Pipeline.php(183): Illuminate\\View\\Middleware\\ShareErrorsFromSession->handle(Object(Illuminate\\Http\\Request), Object(Closure))
#18 C:\\Users\\Admin\\Desktop\\Sathish\\Projects\\LMS\\lms-backend\\vendor\\laravel\\framework\\src\\Illuminate\\Session\\Middleware\\StartSession.php(121): Illuminate\\Pipeline\\Pipeline->Illuminate\\Pipeline\\{closure}(Object(Illuminate\\Http\\Request))
#19 C:\\Users\\Admin\\Desktop\\Sathish\\Projects\\LMS\\lms-backend\\vendor\\laravel\\framework\\src\\Illuminate\\Session\\Middleware\\StartSession.php(64): Illuminate\\Session\\Middleware\\StartSession->handleStatefulRequest(Object(Illuminate\\Http\\Request), Object(Illuminate\\Session\\Store), Object(Closure))
#20 C:\\Users\\Admin\\Desktop\\Sathish\\Projects\\LMS\\lms-backend\\vendor\\laravel\\framework\\src\\Illuminate\\Pipeline\\Pipeline.php(183): Illuminate\\Session\\Middleware\\StartSession->handle(Object(Illuminate\\Http\\Request), Object(Closure))
#21 C:\\Users\\Admin\\Desktop\\Sathish\\Projects\\LMS\\lms-backend\\vendor\\laravel\\framework\\src\\Illuminate\\Cookie\\Middleware\\AddQueuedCookiesToResponse.php(37): Illuminate\\Pipeline\\Pipeline->Illuminate\\Pipeline\\{closure}(Object(Illuminate\\Http\\Request))
#22 C:\\Users\\Admin\\Desktop\\Sathish\\Projects\\LMS\\lms-backend\\vendor\\laravel\\framework\\src\\Illuminate\\Pipeline\\Pipeline.php(183): Illuminate\\Cookie\\Middleware\\AddQueuedCookiesToResponse->handle(Object(Illuminate\\Http\\Request), Object(Closure))
#23 C:\\Users\\Admin\\Desktop\\Sathish\\Projects\\LMS\\lms-backend\\vendor\\laravel\\framework\\src\\Illuminate\\Cookie\\Middleware\\EncryptCookies.php(67): Illuminate\\Pipeline\\Pipeline->Illuminate\\Pipeline\\{closure}(Object(Illuminate\\Http\\Request))
#24 C:\\Users\\Admin\\Desktop\\Sathish\\Projects\\LMS\\lms-backend\\vendor\\laravel\\framework\\src\\Illuminate\\Pipeline\\Pipeline.php(183): Illuminate\\Cookie\\Middleware\\EncryptCookies->handle(Object(Illuminate\\Http\\Request), Object(Closure))
#25 C:\\Users\\Admin\\Desktop\\Sathish\\Projects\\LMS\\lms-backend\\vendor\\laravel\\framework\\src\\Illuminate\\Pipeline\\Pipeline.php(119): Illuminate\\Pipeline\\Pipeline->Illuminate\\Pipeline\\{closure}(Object(Illuminate\\Http\\Request))
#26 C:\\Users\\Admin\\Desktop\\Sathish\\Projects\\LMS\\lms-backend\\vendor\\laravel\\framework\\src\\Illuminate\\Routing\\Router.php(807): Illuminate\\Pipeline\\Pipeline->then(Object(Closure))
#27 C:\\Users\\Admin\\Desktop\\Sathish\\Projects\\LMS\\lms-backend\\vendor\\laravel\\framework\\src\\Illuminate\\Routing\\Router.php(784): Illuminate\\Routing\\Router->runRouteWithinStack(Object(Illuminate\\Routing\\Route), Object(Illuminate\\Http\\Request))
#28 C:\\Users\\Admin\\Desktop\\Sathish\\Projects\\LMS\\lms-backend\\vendor\\laravel\\framework\\src\\Illuminate\\Routing\\Router.php(748): Illuminate\\Routing\\Router->runRoute(Object(Illuminate\\Http\\Request), Object(Illuminate\\Routing\\Route))
#29 C:\\Users\\Admin\\Desktop\\Sathish\\Projects\\LMS\\lms-backend\\vendor\\laravel\\framework\\src\\Illuminate\\Routing\\Router.php(737): Illuminate\\Routing\\Router->dispatchToRoute(Object(Illuminate\\Http\\Request))
#30 C:\\Users\\Admin\\Desktop\\Sathish\\Projects\\LMS\\lms-backend\\vendor\\laravel\\framework\\src\\Illuminate\\Foundation\\Http\\Kernel.php(200): Illuminate\\Routing\\Router->dispatch(Object(Illuminate\\Http\\Request))
#31 C:\\Users\\Admin\\Desktop\\Sathish\\Projects\\LMS\\lms-backend\\vendor\\laravel\\framework\\src\\Illuminate\\Pipeline\\Pipeline.php(144): Illuminate\\Foundation\\Http\\Kernel->Illuminate\\Foundation\\Http\\{closure}(Object(Illuminate\\Http\\Request))
#32 C:\\Users\\Admin\\Desktop\\Sathish\\Projects\\LMS\\lms-backend\\vendor\\laravel\\framework\\src\\Illuminate\\Foundation\\Http\\Middleware\\TransformsRequest.php(21): Illuminate\\Pipeline\\Pipeline->Illuminate\\Pipeline\\{closure}(Object(Illuminate\\Http\\Request))
#33 C:\\Users\\Admin\\Desktop\\Sathish\\Projects\\LMS\\lms-backend\\vendor\\laravel\\framework\\src\\Illuminate\\Foundation\\Http\\Middleware\\ConvertEmptyStringsToNull.php(31): Illuminate\\Foundation\\Http\\Middleware\\TransformsRequest->handle(Object(Illuminate\\Http\\Request), Object(Closure))
#34 C:\\Users\\Admin\\Desktop\\Sathish\\Projects\\LMS\\lms-backend\\vendor\\laravel\\framework\\src\\Illuminate\\Pipeline\\Pipeline.php(183): Illuminate\\Foundation\\Http\\Middleware\\ConvertEmptyStringsToNull->handle(Object(Illuminate\\Http\\Request), Object(Closure))
#35 C:\\Users\\Admin\\Desktop\\Sathish\\Projects\\LMS\\lms-backend\\vendor\\laravel\\framework\\src\\Illuminate\\Foundation\\Http\\Middleware\\TransformsRequest.php(21): Illuminate\\Pipeline\\Pipeline->Illuminate\\Pipeline\\{closure}(Object(Illuminate\\Http\\Request))
#36 C:\\Users\\Admin\\Desktop\\Sathish\\Projects\\LMS\\lms-backend\\vendor\\laravel\\framework\\src\\Illuminate\\Foundation\\Http\\Middleware\\TrimStrings.php(40): Illuminate\\Foundation\\Http\\Middleware\\TransformsRequest->handle(Object(Illuminate\\Http\\Request), Object(Closure))
#37 C:\\Users\\Admin\\Desktop\\Sathish\\Projects\\LMS\\lms-backend\\vendor\\laravel\\framework\\src\\Illuminate\\Pipeline\\Pipeline.php(183): Illuminate\\Foundation\\Http\\Middleware\\TrimStrings->handle(Object(Illuminate\\Http\\Request), Object(Closure))
#38 C:\\Users\\Admin\\Desktop\\Sathish\\Projects\\LMS\\lms-backend\\vendor\\laravel\\framework\\src\\Illuminate\\Foundation\\Http\\Middleware\\ValidatePostSize.php(27): Illuminate\\Pipeline\\Pipeline->Illuminate\\Pipeline\\{closure}(Object(Illuminate\\Http\\Request))
#39 C:\\Users\\Admin\\Desktop\\Sathish\\Projects\\LMS\\lms-backend\\vendor\\laravel\\framework\\src\\Illuminate\\Pipeline\\Pipeline.php(183): Illuminate\\Foundation\\Http\\Middleware\\ValidatePostSize->handle(Object(Illuminate\\Http\\Request), Object(Closure))
#40 C:\\Users\\Admin\\Desktop\\Sathish\\Projects\\LMS\\lms-backend\\vendor\\laravel\\framework\\src\\Illuminate\\Foundation\\Http\\Middleware\\PreventRequestsDuringMaintenance.php(99): Illuminate\\Pipeline\\Pipeline->Illuminate\\Pipeline\\{closure}(Object(Illuminate\\Http\\Request))
#41 C:\\Users\\Admin\\Desktop\\Sathish\\Projects\\LMS\\lms-backend\\vendor\\laravel\\framework\\src\\Illuminate\\Pipeline\\Pipeline.php(183): Illuminate\\Foundation\\Http\\Middleware\\PreventRequestsDuringMaintenance->handle(Object(Illuminate\\Http\\Request), Object(Closure))
#42 C:\\Users\\Admin\\Desktop\\Sathish\\Projects\\LMS\\lms-backend\\vendor\\laravel\\framework\\src\\Illuminate\\Http\\Middleware\\HandleCors.php(62): Illuminate\\Pipeline\\Pipeline->Illuminate\\Pipeline\\{closure}(Object(Illuminate\\Http\\Request))
#43 C:\\Users\\Admin\\Desktop\\Sathish\\Projects\\LMS\\lms-backend\\vendor\\laravel\\framework\\src\\Illuminate\\Pipeline\\Pipeline.php(183): Illuminate\\Http\\Middleware\\HandleCors->handle(Object(Illuminate\\Http\\Request), Object(Closure))
#44 C:\\Users\\Admin\\Desktop\\Sathish\\Projects\\LMS\\lms-backend\\vendor\\laravel\\framework\\src\\Illuminate\\Http\\Middleware\\TrustProxies.php(39): Illuminate\\Pipeline\\Pipeline->Illuminate\\Pipeline\\{closure}(Object(Illuminate\\Http\\Request))
#45 C:\\Users\\Admin\\Desktop\\Sathish\\Projects\\LMS\\lms-backend\\vendor\\laravel\\framework\\src\\Illuminate\\Pipeline\\Pipeline.php(183): Illuminate\\Http\\Middleware\\TrustProxies->handle(Object(Illuminate\\Http\\Request), Object(Closure))
#46 C:\\Users\\Admin\\Desktop\\Sathish\\Projects\\LMS\\lms-backend\\vendor\\laravel\\framework\\src\\Illuminate\\Pipeline\\Pipeline.php(119): Illuminate\\Pipeline\\Pipeline->Illuminate\\Pipeline\\{closure}(Object(Illuminate\\Http\\Request))
#47 C:\\Users\\Admin\\Desktop\\Sathish\\Projects\\LMS\\lms-backend\\vendor\\laravel\\framework\\src\\Illuminate\\Foundation\\Http\\Kernel.php(175): Illuminate\\Pipeline\\Pipeline->then(Object(Closure))
#48 C:\\Users\\Admin\\Desktop\\Sathish\\Projects\\LMS\\lms-backend\\vendor\\laravel\\framework\\src\\Illuminate\\Foundation\\Http\\Kernel.php(144): Illuminate\\Foundation\\Http\\Kernel->sendRequestThroughRouter(Object(Illuminate\\Http\\Request))
#49 C:\\Users\\Admin\\Desktop\\Sathish\\Projects\\LMS\\lms-backend\\public\\index.php(7): Illuminate\\Foundation\\Http\\Kernel->handle(Object(Illuminate\\Http\\Request))
#50 C:\\Users\\Admin\\Desktop\\Sathish\\Projects\\LMS\\lms-backend\\vendor\\laravel\\framework\\src\\Illuminate\\Foundation\\resources\\server.php(16): require_once('C:\\\\Users\\\\Admin\\\\...')
#51 {main}
"} 
[2025-12-29 11:32:03] local.ERROR: Method App\Http\Controllers\Api\Admin\UsersAdminController::store does not exist. {"userId":1,"exception":"[object] (BadMethodCallException(code: 0): Method App\\Http\\Controllers\\Api\\Admin\\UsersAdminController::store does not exist. at C:\\Users\\Admin\\Desktop\\Sathish\\Projects\\LMS\\lms-backend\\vendor\\laravel\\framework\\src\\Illuminate\\Routing\\Controller.php:68)
[stacktrace]
#0 C:\\Users\\Admin\\Desktop\\Sathish\\Projects\\LMS\\lms-backend\\vendor\\laravel\\framework\\src\\Illuminate\\Routing\\Controller.php(54): Illuminate\\Routing\\Controller->__call('store', Array)
#1 C:\\Users\\Admin\\Desktop\\Sathish\\Projects\\LMS\\lms-backend\\vendor\\laravel\\framework\\src\\Illuminate\\Routing\\ControllerDispatcher.php(43): Illuminate\\Routing\\Controller->callAction('store', Array)
#2 C:\\Users\\Admin\\Desktop\\Sathish\\Projects\\LMS\\lms-backend\\vendor\\laravel\\framework\\src\\Illuminate\\Routing\\Route.php(260): Illuminate\\Routing\\ControllerDispatcher->dispatch(Object(Illuminate\\Routing\\Route), Object(App\\Http\\Controllers\\Api\\Admin\\UsersAdminController), 'store')
#3 C:\\Users\\Admin\\Desktop\\Sathish\\Projects\\LMS\\lms-backend\\vendor\\laravel\\framework\\src\\Illuminate\\Routing\\Route.php(205): Illuminate\\Routing\\Route->runController()
#4 C:\\Users\\Admin\\Desktop\\Sathish\\Projects\\LMS\\lms-backend\\vendor\\laravel\\framework\\src\\Illuminate\\Routing\\Router.php(806): Illuminate\\Routing\\Route->run()
#5 C:\\Users\\Admin\\Desktop\\Sathish\\Projects\\LMS\\lms-backend\\vendor\\laravel\\framework\\src\\Illuminate\\Pipeline\\Pipeline.php(144): Illuminate\\Routing\\Router->Illuminate\\Routing\\{closure}(Object(Illuminate\\Http\\Request))
#6 C:\\Users\\Admin\\Desktop\\Sathish\\Projects\\LMS\\lms-backend\\app\\Http\\Middleware\\EnsureRole.php(17): Illuminate\\Pipeline\\Pipeline->Illuminate\\Pipeline\\{closure}(Object(Illuminate\\Http\\Request))
#7 C:\\Users\\Admin\\Desktop\\Sathish\\Projects\\LMS\\lms-backend\\vendor\\laravel\\framework\\src\\Illuminate\\Pipeline\\Pipeline.php(183): App\\Http\\Middleware\\EnsureRole->handle(Object(Illuminate\\Http\\Request), Object(Closure), 'admin')
#8 C:\\Users\\Admin\\Desktop\\Sathish\\Projects\\LMS\\lms-backend\\app\\Http\\Middleware\\ResolveTenant.php(56): Illuminate\\Pipeline\\Pipeline->Illuminate\\Pipeline\\{closure}(Object(Illuminate\\Http\\Request))
#9 C:\\Users\\Admin\\Desktop\\Sathish\\Projects\\LMS\\lms-backend\\vendor\\laravel\\framework\\src\\Illuminate\\Pipeline\\Pipeline.php(183): App\\Http\\Middleware\\ResolveTenant->handle(Object(Illuminate\\Http\\Request), Object(Closure))
#10 C:\\Users\\Admin\\Desktop\\Sathish\\Projects\\LMS\\lms-backend\\vendor\\laravel\\framework\\src\\Illuminate\\Routing\\Middleware\\SubstituteBindings.php(50): Illuminate\\Pipeline\\Pipeline->Illuminate\\Pipeline\\{closure}(Object(Illuminate\\Http\\Request))
#11 C:\\Users\\Admin\\Desktop\\Sathish\\Projects\\LMS\\lms-backend\\vendor\\laravel\\framework\\src\\Illuminate\\Pipeline\\Pipeline.php(183): Illuminate\\Routing\\Middleware\\SubstituteBindings->handle(Object(Illuminate\\Http\\Request), Object(Closure))
#12 C:\\Users\\Admin\\Desktop\\Sathish\\Projects\\LMS\\lms-backend\\vendor\\laravel\\framework\\src\\Illuminate\\Auth\\Middleware\\Authenticate.php(57): Illuminate\\Pipeline\\Pipeline->Illuminate\\Pipeline\\{closure}(Object(Illuminate\\Http\\Request))
#13 C:\\Users\\Admin\\Desktop\\Sathish\\Projects\\LMS\\lms-backend\\vendor\\laravel\\framework\\src\\Illuminate\\Pipeline\\Pipeline.php(183): Illuminate\\Auth\\Middleware\\Authenticate->handle(Object(Illuminate\\Http\\Request), Object(Closure))
#14 C:\\Users\\Admin\\Desktop\\Sathish\\Projects\\LMS\\lms-backend\\vendor\\laravel\\framework\\src\\Illuminate\\Foundation\\Http\\Middleware\\VerifyCsrfToken.php(78): Illuminate\\Pipeline\\Pipeline->Illuminate\\Pipeline\\{closure}(Object(Illuminate\\Http\\Request))
#15 C:\\Users\\Admin\\Desktop\\Sathish\\Projects\\LMS\\lms-backend\\vendor\\laravel\\framework\\src\\Illuminate\\Pipeline\\Pipeline.php(183): Illuminate\\Foundation\\Http\\Middleware\\VerifyCsrfToken->handle(Object(Illuminate\\Http\\Request), Object(Closure))
#16 C:\\Users\\Admin\\Desktop\\Sathish\\Projects\\LMS\\lms-backend\\vendor\\laravel\\framework\\src\\Illuminate\\View\\Middleware\\ShareErrorsFromSession.php(49): Illuminate\\Pipeline\\Pipeline->Illuminate\\Pipeline\\{closure}(Object(Illuminate\\Http\\Request))
#17 C:\\Users\\Admin\\Desktop\\Sathish\\Projects\\LMS\\lms-backend\\vendor\\laravel\\framework\\src\\Illuminate\\Pipeline\\Pipeline.php(183): Illuminate\\View\\Middleware\\ShareErrorsFromSession->handle(Object(Illuminate\\Http\\Request), Object(Closure))
#18 C:\\Users\\Admin\\Desktop\\Sathish\\Projects\\LMS\\lms-backend\\vendor\\laravel\\framework\\src\\Illuminate\\Session\\Middleware\\StartSession.php(121): Illuminate\\Pipeline\\Pipeline->Illuminate\\Pipeline\\{closure}(Object(Illuminate\\Http\\Request))
#19 C:\\Users\\Admin\\Desktop\\Sathish\\Projects\\LMS\\lms-backend\\vendor\\laravel\\framework\\src\\Illuminate\\Session\\Middleware\\StartSession.php(64): Illuminate\\Session\\Middleware\\StartSession->handleStatefulRequest(Object(Illuminate\\Http\\Request), Object(Illuminate\\Session\\Store), Object(Closure))
#20 C:\\Users\\Admin\\Desktop\\Sathish\\Projects\\LMS\\lms-backend\\vendor\\laravel\\framework\\src\\Illuminate\\Pipeline\\Pipeline.php(183): Illuminate\\Session\\Middleware\\StartSession->handle(Object(Illuminate\\Http\\Request), Object(Closure))
#21 C:\\Users\\Admin\\Desktop\\Sathish\\Projects\\LMS\\lms-backend\\vendor\\laravel\\framework\\src\\Illuminate\\Cookie\\Middleware\\AddQueuedCookiesToResponse.php(37): Illuminate\\Pipeline\\Pipeline->Illuminate\\Pipeline\\{closure}(Object(Illuminate\\Http\\Request))
#22 C:\\Users\\Admin\\Desktop\\Sathish\\Projects\\LMS\\lms-backend\\vendor\\laravel\\framework\\src\\Illuminate\\Pipeline\\Pipeline.php(183): Illuminate\\Cookie\\Middleware\\AddQueuedCookiesToResponse->handle(Object(Illuminate\\Http\\Request), Object(Closure))
#23 C:\\Users\\Admin\\Desktop\\Sathish\\Projects\\LMS\\lms-backend\\vendor\\laravel\\framework\\src\\Illuminate\\Cookie\\Middleware\\EncryptCookies.php(67): Illuminate\\Pipeline\\Pipeline->Illuminate\\Pipeline\\{closure}(Object(Illuminate\\Http\\Request))
#24 C:\\Users\\Admin\\Desktop\\Sathish\\Projects\\LMS\\lms-backend\\vendor\\laravel\\framework\\src\\Illuminate\\Pipeline\\Pipeline.php(183): Illuminate\\Cookie\\Middleware\\EncryptCookies->handle(Object(Illuminate\\Http\\Request), Object(Closure))
#25 C:\\Users\\Admin\\Desktop\\Sathish\\Projects\\LMS\\lms-backend\\vendor\\laravel\\framework\\src\\Illuminate\\Pipeline\\Pipeline.php(119): Illuminate\\Pipeline\\Pipeline->Illuminate\\Pipeline\\{closure}(Object(Illuminate\\Http\\Request))
#26 C:\\Users\\Admin\\Desktop\\Sathish\\Projects\\LMS\\lms-backend\\vendor\\laravel\\framework\\src\\Illuminate\\Routing\\Router.php(807): Illuminate\\Pipeline\\Pipeline->then(Object(Closure))
#27 C:\\Users\\Admin\\Desktop\\Sathish\\Projects\\LMS\\lms-backend\\vendor\\laravel\\framework\\src\\Illuminate\\Routing\\Router.php(784): Illuminate\\Routing\\Router->runRouteWithinStack(Object(Illuminate\\Routing\\Route), Object(Illuminate\\Http\\Request))
#28 C:\\Users\\Admin\\Desktop\\Sathish\\Projects\\LMS\\lms-backend\\vendor\\laravel\\framework\\src\\Illuminate\\Routing\\Router.php(748): Illuminate\\Routing\\Router->runRoute(Object(Illuminate\\Http\\Request), Object(Illuminate\\Routing\\Route))
#29 C:\\Users\\Admin\\Desktop\\Sathish\\Projects\\LMS\\lms-backend\\vendor\\laravel\\framework\\src\\Illuminate\\Routing\\Router.php(737): Illuminate\\Routing\\Router->dispatchToRoute(Object(Illuminate\\Http\\Request))
#30 C:\\Users\\Admin\\Desktop\\Sathish\\Projects\\LMS\\lms-backend\\vendor\\laravel\\framework\\src\\Illuminate\\Foundation\\Http\\Kernel.php(200): Illuminate\\Routing\\Router->dispatch(Object(Illuminate\\Http\\Request))
#31 C:\\Users\\Admin\\Desktop\\Sathish\\Projects\\LMS\\lms-backend\\vendor\\laravel\\framework\\src\\Illuminate\\Pipeline\\Pipeline.php(144): Illuminate\\Foundation\\Http\\Kernel->Illuminate\\Foundation\\Http\\{closure}(Object(Illuminate\\Http\\Request))
#32 C:\\Users\\Admin\\Desktop\\Sathish\\Projects\\LMS\\lms-backend\\vendor\\laravel\\framework\\src\\Illuminate\\Foundation\\Http\\Middleware\\TransformsRequest.php(21): Illuminate\\Pipeline\\Pipeline->Illuminate\\Pipeline\\{closure}(Object(Illuminate\\Http\\Request))
#33 C:\\Users\\Admin\\Desktop\\Sathish\\Projects\\LMS\\lms-backend\\vendor\\laravel\\framework\\src\\Illuminate\\Foundation\\Http\\Middleware\\ConvertEmptyStringsToNull.php(31): Illuminate\\Foundation\\Http\\Middleware\\TransformsRequest->handle(Object(Illuminate\\Http\\Request), Object(Closure))
#34 C:\\Users\\Admin\\Desktop\\Sathish\\Projects\\LMS\\lms-backend\\vendor\\laravel\\framework\\src\\Illuminate\\Pipeline\\Pipeline.php(183): Illuminate\\Foundation\\Http\\Middleware\\ConvertEmptyStringsToNull->handle(Object(Illuminate\\Http\\Request), Object(Closure))
#35 C:\\Users\\Admin\\Desktop\\Sathish\\Projects\\LMS\\lms-backend\\vendor\\laravel\\framework\\src\\Illuminate\\Foundation\\Http\\Middleware\\TransformsRequest.php(21): Illuminate\\Pipeline\\Pipeline->Illuminate\\Pipeline\\{closure}(Object(Illuminate\\Http\\Request))
#36 C:\\Users\\Admin\\Desktop\\Sathish\\Projects\\LMS\\lms-backend\\vendor\\laravel\\framework\\src\\Illuminate\\Foundation\\Http\\Middleware\\TrimStrings.php(40): Illuminate\\Foundation\\Http\\Middleware\\TransformsRequest->handle(Object(Illuminate\\Http\\Request), Object(Closure))
#37 C:\\Users\\Admin\\Desktop\\Sathish\\Projects\\LMS\\lms-backend\\vendor\\laravel\\framework\\src\\Illuminate\\Pipeline\\Pipeline.php(183): Illuminate\\Foundation\\Http\\Middleware\\TrimStrings->handle(Object(Illuminate\\Http\\Request), Object(Closure))
#38 C:\\Users\\Admin\\Desktop\\Sathish\\Projects\\LMS\\lms-backend\\vendor\\laravel\\framework\\src\\Illuminate\\Foundation\\Http\\Middleware\\ValidatePostSize.php(27): Illuminate\\Pipeline\\Pipeline->Illuminate\\Pipeline\\{closure}(Object(Illuminate\\Http\\Request))
#39 C:\\Users\\Admin\\Desktop\\Sathish\\Projects\\LMS\\lms-backend\\vendor\\laravel\\framework\\src\\Illuminate\\Pipeline\\Pipeline.php(183): Illuminate\\Foundation\\Http\\Middleware\\ValidatePostSize->handle(Object(Illuminate\\Http\\Request), Object(Closure))
#40 C:\\Users\\Admin\\Desktop\\Sathish\\Projects\\LMS\\lms-backend\\vendor\\laravel\\framework\\src\\Illuminate\\Foundation\\Http\\Middleware\\PreventRequestsDuringMaintenance.php(99): Illuminate\\Pipeline\\Pipeline->Illuminate\\Pipeline\\{closure}(Object(Illuminate\\Http\\Request))
#41 C:\\Users\\Admin\\Desktop\\Sathish\\Projects\\LMS\\lms-backend\\vendor\\laravel\\framework\\src\\Illuminate\\Pipeline\\Pipeline.php(183): Illuminate\\Foundation\\Http\\Middleware\\PreventRequestsDuringMaintenance->handle(Object(Illuminate\\Http\\Request), Object(Closure))
#42 C:\\Users\\Admin\\Desktop\\Sathish\\Projects\\LMS\\lms-backend\\vendor\\laravel\\framework\\src\\Illuminate\\Http\\Middleware\\HandleCors.php(62): Illuminate\\Pipeline\\Pipeline->Illuminate\\Pipeline\\{closure}(Object(Illuminate\\Http\\Request))
#43 C:\\Users\\Admin\\Desktop\\Sathish\\Projects\\LMS\\lms-backend\\vendor\\laravel\\framework\\src\\Illuminate\\Pipeline\\Pipeline.php(183): Illuminate\\Http\\Middleware\\HandleCors->handle(Object(Illuminate\\Http\\Request), Object(Closure))
#44 C:\\Users\\Admin\\Desktop\\Sathish\\Projects\\LMS\\lms-backend\\vendor\\laravel\\framework\\src\\Illuminate\\Http\\Middleware\\TrustProxies.php(39): Illuminate\\Pipeline\\Pipeline->Illuminate\\Pipeline\\{closure}(Object(Illuminate\\Http\\Request))
#45 C:\\Users\\Admin\\Desktop\\Sathish\\Projects\\LMS\\lms-backend\\vendor\\laravel\\framework\\src\\Illuminate\\Pipeline\\Pipeline.php(183): Illuminate\\Http\\Middleware\\TrustProxies->handle(Object(Illuminate\\Http\\Request), Object(Closure))
#46 C:\\Users\\Admin\\Desktop\\Sathish\\Projects\\LMS\\lms-backend\\vendor\\laravel\\framework\\src\\Illuminate\\Pipeline\\Pipeline.php(119): Illuminate\\Pipeline\\Pipeline->Illuminate\\Pipeline\\{closure}(Object(Illuminate\\Http\\Request))
#47 C:\\Users\\Admin\\Desktop\\Sathish\\Projects\\LMS\\lms-backend\\vendor\\laravel\\framework\\src\\Illuminate\\Foundation\\Http\\Kernel.php(175): Illuminate\\Pipeline\\Pipeline->then(Object(Closure))
#48 C:\\Users\\Admin\\Desktop\\Sathish\\Projects\\LMS\\lms-backend\\vendor\\laravel\\framework\\src\\Illuminate\\Foundation\\Http\\Kernel.php(144): Illuminate\\Foundation\\Http\\Kernel->sendRequestThroughRouter(Object(Illuminate\\Http\\Request))
#49 C:\\Users\\Admin\\Desktop\\Sathish\\Projects\\LMS\\lms-backend\\public\\index.php(7): Illuminate\\Foundation\\Http\\Kernel->handle(Object(Illuminate\\Http\\Request))
#50 C:\\Users\\Admin\\Desktop\\Sathish\\Projects\\LMS\\lms-backend\\vendor\\laravel\\framework\\src\\Illuminate\\Foundation\\resources\\server.php(16): require_once('C:\\\\Users\\\\Admin\\\\...')
#51 {main}
"} 
